Build started 5/23/2026 11:01:28 PM.
Logging verbosity is set to: Detailed.     0>Terminal Logger was not used because the output is being redirected to a file.
       Process = "C:\Program Files\dotnet\dotnet.exe"
       MSBuild executable path = "C:\Program Files\dotnet\sdk\9.0.313\MSBuild.dll"
       Command line arguments = "C:\Program Files\dotnet\sdk\9.0.313\MSBuild.dll -maxcpucount -verbosity:m -tlp:default=auto -nologo -restore -consoleloggerparameters:Summary -flp:logfile=build_warnings.log -distributedlogger:Microsoft.DotNet.Tools.MSBuild.MSBuildLogger,C:\Program Files\dotnet\sdk\9.0.313\dotnet.dll*Microsoft.DotNet.Tools.MSBuild.MSBuildForwardingLogger,C:\Program Files\dotnet\sdk\9.0.313\dotnet.dll"
       Current directory = "C:\Projects\QuickStockApi"
       MSBuild version = "17.14.43+2a0eb78b3"
       Based on the Windows registry key LongPathsEnabled, the LongPaths feature is disabled.
       Based on the Windows registry key VerifiedAndReputablePolicyState, SAC state = 0: turned off.
       C:\Projects\QuickStockApi\QuickStock.sln.metaproj : message : Property 'MSBuildExtensionsPath' with value 'C:\Program Files\dotnet\sdk\9.0.313\' expanded from the environment.
       Assembly loaded during Evaluation: System.Threading.Tasks.Parallel, Version=9.0.0.0, Culture=neutral, PublicKeyToken=b03f5f7f11d50a3a (location: C:\Program Files\dotnet\shared\Microsoft.NETCore.App\9.0.15\System.Threading.Tasks.Parallel.dll, MVID: ab32cf92-a357-475c-bca2-050ef14d9c0f, AssemblyLoadContext: Default)
       C:\Program Files\dotnet\sdk\9.0.313\NuGet.targets(104,5): message : Property reassignment: $(_GenerateRestoreGraphProjectEntryInputProperties)="
       C:\Program Files\dotnet\sdk\9.0.313\NuGet.targets(104,5): message :       ExcludeRestorePackageImports=true;
       C:\Program Files\dotnet\sdk\9.0.313\NuGet.targets(104,5): message :       _RestoreSolutionFileUsed=true;
       C:\Program Files\dotnet\sdk\9.0.313\NuGet.targets(104,5): message :       SolutionDir=C:\Projects\QuickStockApi\;
       C:\Program Files\dotnet\sdk\9.0.313\NuGet.targets(104,5): message :       SolutionName=QuickStock;
       C:\Program Files\dotnet\sdk\9.0.313\NuGet.targets(104,5): message :       SolutionFileName=QuickStock.sln;
       C:\Program Files\dotnet\sdk\9.0.313\NuGet.targets(104,5): message :       SolutionPath=C:\Projects\QuickStockApi\QuickStock.sln;
       C:\Program Files\dotnet\sdk\9.0.313\NuGet.targets(104,5): message :       SolutionExt=.sln;
       C:\Program Files\dotnet\sdk\9.0.313\NuGet.targets(104,5): message :     " (previous value: "ExcludeRestorePackageImports=true") at C:\Program Files\dotnet\sdk\9.0.313\NuGet.targets (104,5)
       Assembly loaded during Evaluation: System.Numerics.Vectors, Version=9.0.0.0, Culture=neutral, PublicKeyToken=b03f5f7f11d50a3a (location: C:\Program Files\dotnet\shared\Microsoft.NETCore.App\9.0.15\System.Numerics.Vectors.dll, MVID: 47e4710e-5a46-4eb1-8ae7-ddb53919e3d6, AssemblyLoadContext: Default)
       Overriding target "Restore" in project "C:\Projects\QuickStockApi\QuickStock.sln.metaproj" with target "Restore" from project "C:\Program Files\dotnet\sdk\9.0.313\NuGet.targets".
       The target "Store" listed in a BeforeTargets attribute at "C:\Program Files\dotnet\sdk\9.0.313\Current\SolutionFile\ImportAfter\Microsoft.NET.Sdk.Solution.targets (33,11)" does not exist in the project, and will be ignored.
       The target "VSTest" listed in a BeforeTargets attribute at "C:\Program Files\dotnet\sdk\9.0.313\Current\SolutionFile\ImportAfter\Microsoft.NET.Sdk.Solution.targets (33,11)" does not exist in the project, and will be ignored.
       The target "_CheckForInvalidConfigurationAndPlatform" listed in a BeforeTargets attribute at "C:\Program Files\dotnet\sdk\9.0.313\NuGet.targets (703,11)" does not exist in the project, and will be ignored.
     1>Project "C:\Projects\QuickStockApi\QuickStock.sln" on node 1 (Restore target(s)).
     1>Target "ValidateSolutionConfiguration" in file "C:\Projects\QuickStockApi\QuickStock.sln.metaproj" from project "C:\Projects\QuickStockApi\QuickStock.sln" (entry point):
     1>Task "Error" skipped, due to false condition; (('$(CurrentSolutionConfigurationContents)' == '') and ('$(SkipInvalidConfigurations)' != 'true')) was evaluated as (('<SolutionConfiguration>
  <ProjectConfiguration Project="{5EE91158-8E4E-4887-8DFC-A25B965256BD}" AbsolutePath="C:\Projects\QuickStockApi\QuickStock\QuickStock.csproj" BuildProjectInSolution="True">Debug|AnyCPU</ProjectConfiguration>
</SolutionConfiguration>' == '') and ('' != 'true')).
       Task "Warning" skipped, due to false condition; (('$(CurrentSolutionConfigurationContents)' == '') and ('$(SkipInvalidConfigurations)' == 'true')) was evaluated as (('<SolutionConfiguration>
         <ProjectConfiguration Project="{5EE91158-8E4E-4887-8DFC-A25B965256BD}" AbsolutePath="C:\Projects\QuickStockApi\QuickStock\QuickStock.csproj" BuildProjectInSolution="True">Debug|AnyCPU</ProjectConfiguration>
       </SolutionConfiguration>' == '') and ('' == 'true')).
       Using "Message" task from assembly "Microsoft.Build.Tasks.Core, Version=15.1.0.0, Culture=neutral, PublicKeyToken=b03f5f7f11d50a3a".
       Task "Message"
         Building solution configuration "Debug|Any CPU".
       Done executing task "Message".
     1>Done building target "ValidateSolutionConfiguration" in project "QuickStock.sln".
     1>Target "ValidateToolsVersions" in file "C:\Projects\QuickStockApi\QuickStock.sln.metaproj" from project "C:\Projects\QuickStockApi\QuickStock.sln" (entry point):
       Task "Error" skipped, due to false condition; ('$(MSBuildToolsVersion)' == '2.0' and ('$(ProjectToolsVersion)' != '2.0' and '$(ProjectToolsVersion)' != '')) was evaluated as ('Current' == '2.0' and ('' != '2.0' and '' != '')).
     1>Done building target "ValidateToolsVersions" in project "QuickStock.sln".
     1>Target "ValidateProjects" in file "C:\Projects\QuickStockApi\QuickStock.sln.metaproj" from project "C:\Projects\QuickStockApi\QuickStock.sln" (entry point):
     1>Done building target "ValidateProjects" in project "QuickStock.sln".
     1>Target "_LoadRestoreGraphEntryPoints" in file "C:\Program Files\dotnet\sdk\9.0.313\NuGet.targets" from project "C:\Projects\QuickStockApi\QuickStock.sln" (target "_FilterRestoreGraphProjectInputItems" depends on it):
       Assembly loaded during TaskRun: NuGet.Build.Tasks, Version=6.14.3.1, Culture=neutral, PublicKeyToken=31bf3856ad364e35 (location: C:\Program Files\dotnet\sdk\9.0.313\NuGet.Build.Tasks.dll, MVID: b414d086-6861-40fb-9fc1-5890f735d320, AssemblyLoadContext: MSBuild plugin C:\Program Files\dotnet\sdk\9.0.313\NuGet.Build.Tasks.dll)
       Assembly loaded during TaskRun: System.Reflection.Metadata, Version=9.0.0.0, Culture=neutral, PublicKeyToken=b03f5f7f11d50a3a (location: C:\Program Files\dotnet\shared\Microsoft.NETCore.App\9.0.15\System.Reflection.Metadata.dll, MVID: 4584cdcb-130b-4a08-8c7f-7a72635e23f7, AssemblyLoadContext: Default)
       Assembly loaded during TaskRun: NuGet.Common, Version=6.14.3.1, Culture=neutral, PublicKeyToken=31bf3856ad364e35 (location: C:\Program Files\dotnet\sdk\9.0.313\NuGet.Common.dll, MVID: ff64b24f-b7b2-4c96-a015-882f97592df0, AssemblyLoadContext: MSBuild plugin C:\Program Files\dotnet\sdk\9.0.313\NuGet.Build.Tasks.dll)
       Assembly loaded during TaskRun: NuGet.Commands, Version=6.14.3.1, Culture=neutral, PublicKeyToken=31bf3856ad364e35 (location: C:\Program Files\dotnet\sdk\9.0.313\NuGet.Commands.dll, MVID: 46ee517a-e3f9-41a7-b938-a1923c966608, AssemblyLoadContext: MSBuild plugin C:\Program Files\dotnet\sdk\9.0.313\NuGet.Build.Tasks.dll)
       Assembly loaded during TaskRun: NuGet.ProjectModel, Version=6.14.3.1, Culture=neutral, PublicKeyToken=31bf3856ad364e35 (location: C:\Program Files\dotnet\sdk\9.0.313\NuGet.ProjectModel.dll, MVID: 8d9899ca-0e58-475a-9e3e-1a4f7ba7eff5, AssemblyLoadContext: MSBuild plugin C:\Program Files\dotnet\sdk\9.0.313\NuGet.Build.Tasks.dll)
       Using "GetRestoreSolutionProjectsTask" task from assembly "C:\Program Files\dotnet\sdk\9.0.313\NuGet.Build.Tasks.dll".
       Task "GetRestoreSolutionProjectsTask"
       Done executing task "GetRestoreSolutionProjectsTask".
     1>Done building target "_LoadRestoreGraphEntryPoints" in project "QuickStock.sln".
     1>Target "_FilterRestoreGraphProjectInputItems" in file "C:\Program Files\dotnet\sdk\9.0.313\NuGet.targets" from project "C:\Projects\QuickStockApi\QuickStock.sln" (target "_GenerateRestoreGraph" depends on it):
       Using "RemoveDuplicates" task from assembly "Microsoft.Build.Tasks.Core, Version=15.1.0.0, Culture=neutral, PublicKeyToken=b03f5f7f11d50a3a".
       Task "RemoveDuplicates"
       Done executing task "RemoveDuplicates".
       Using "MSBuild" task from assembly "Microsoft.Build.Tasks.Core, Version=15.1.0.0, Culture=neutral, PublicKeyToken=b03f5f7f11d50a3a".
       Task "MSBuild"
         Global Properties:
           ExcludeRestorePackageImports=true
           _RestoreSolutionFileUsed=true
           SolutionDir=C:\Projects\QuickStockApi\
           SolutionName=QuickStock
           SolutionFileName=QuickStock.sln
           SolutionPath=C:\Projects\QuickStockApi\QuickStock.sln
           SolutionExt=.sln
         Additional Properties for project "C:\Projects\QuickStockApi\QuickStock\QuickStock.csproj":
           Configuration=Debug
           Platform=AnyCPU
     0>The SDK "Microsoft.NET.Sdk.Web" was successfully resolved by the "DefaultSdkResolver" resolver to location "C:\Program Files\dotnet\sdk\9.0.313\Sdks\Microsoft.NET.Sdk.Web\Sdk" and version "".
       Assembly loaded during Evaluation: NuGet.Frameworks, Version=6.14.3.1, Culture=neutral, PublicKeyToken=31bf3856ad364e35 (location: C:\Program Files\dotnet\sdk\9.0.313\NuGet.Frameworks.dll, MVID: 15e2249a-d3f3-4564-8ce4-5816fc473ee1, AssemblyLoadContext: Assembly.LoadFile(C:\Program Files\dotnet\sdk\9.0.313\NuGet.Frameworks.dll))
       The SDK "Microsoft.NET.Sdk" was successfully resolved by the "DefaultSdkResolver" resolver to location "C:\Program Files\dotnet\sdk\9.0.313\Sdks\Microsoft.NET.Sdk\Sdk" and version "".
       C:\Program Files\dotnet\sdk\9.0.313\Sdks\Microsoft.NET.Sdk\Sdk\Sdk.props(49,11): message : Property 'MSBuildExtensionsPath' with value 'C:\Program Files\dotnet\sdk\9.0.313\' expanded from the environment.
       C:\Program Files\dotnet\sdk\9.0.313\Current\Microsoft.Common.props(60,5): message : Property reassignment: $(MSBuildProjectExtensionsPath)="C:\Projects\QuickStockApi\QuickStock\obj\" (previous value: "obj\") at C:\Program Files\dotnet\sdk\9.0.313\Current\Microsoft.Common.props (60,5)
       C:\Program Files\dotnet\sdk\9.0.313\Current\Microsoft.Common.props(84,119): message : Property 'MSBuildUserExtensionsPath' with value 'C:\Users\Unknown\AppData\Local\Microsoft\MSBuild' expanded from the environment.
       The "Configuration" property is a global property, and cannot be modified.
       The "Platform" property is a global property, and cannot be modified.
       The "Configuration" property is a global property, and cannot be modified.
       The "Platform" property is a global property, and cannot be modified.
       C:\Program Files\dotnet\sdk\9.0.313\Sdks\Microsoft.NET.Sdk\targets\Microsoft.NET.Sdk.props(90,5): message : Property reassignment: $(AssemblySearchPaths)="{CandidateAssemblyFiles};{HintPathFromItem}" (previous value: "{CandidateAssemblyFiles}") at C:\Program Files\dotnet\sdk\9.0.313\Sdks\Microsoft.NET.Sdk\targets\Microsoft.NET.Sdk.props (90,5)
       C:\Program Files\dotnet\sdk\9.0.313\Sdks\Microsoft.NET.Sdk\targets\Microsoft.NET.Sdk.props(91,5): message : Property reassignment: $(AssemblySearchPaths)="{CandidateAssemblyFiles};{HintPathFromItem};{TargetFrameworkDirectory}" (previous value: "{CandidateAssemblyFiles};{HintPathFromItem}") at C:\Program Files\dotnet\sdk\9.0.313\Sdks\Microsoft.NET.Sdk\targets\Microsoft.NET.Sdk.props (91,5)
       C:\Program Files\dotnet\sdk\9.0.313\Sdks\Microsoft.NET.Sdk\targets\Microsoft.NET.Sdk.props(92,5): message : Property reassignment: $(AssemblySearchPaths)="{CandidateAssemblyFiles};{HintPathFromItem};{TargetFrameworkDirectory};{RawFileName}" (previous value: "{CandidateAssemblyFiles};{HintPathFromItem};{TargetFrameworkDirectory}") at C:\Program Files\dotnet\sdk\9.0.313\Sdks\Microsoft.NET.Sdk\targets\Microsoft.NET.Sdk.props (92,5)
       The "DefaultSdkResolver" resolver attempted to resolve the SDK "Microsoft.NET.SDK.WorkloadAutoImportPropsLocator".
       Warnings: null
       Errors: MSB4276: The default SDK resolver failed to resolve SDK "Microsoft.NET.SDK.WorkloadAutoImportPropsLocator" because directory "C:\Program Files\dotnet\sdk\9.0.313\Sdks\Microsoft.NET.SDK.WorkloadAutoImportPropsLocator\Sdk" did not exist.
       Assembly loaded during Evaluation: Microsoft.Build.NuGetSdkResolver, Version=6.14.3.1, Culture=neutral, PublicKeyToken=31bf3856ad364e35 (location: C:\Program Files\dotnet\sdk\9.0.313\Microsoft.Build.NuGetSdkResolver.dll, MVID: 85942746-241e-463f-86f9-04a701c95db0, AssemblyLoadContext: MSBuild plugin C:\Program Files\dotnet\sdk\9.0.313\Microsoft.Build.NuGetSdkResolver.dll)
       Assembly loaded during Evaluation: NuGet.Common, Version=6.14.3.1, Culture=neutral, PublicKeyToken=31bf3856ad364e35 (location: C:\Program Files\dotnet\sdk\9.0.313\NuGet.Common.dll, MVID: ff64b24f-b7b2-4c96-a015-882f97592df0, AssemblyLoadContext: MSBuild plugin C:\Program Files\dotnet\sdk\9.0.313\Microsoft.Build.NuGetSdkResolver.dll)
       Assembly loaded during Evaluation: Microsoft.NET.Sdk.WorkloadMSBuildSdkResolver, Version=9.0.313.0, Culture=neutral, PublicKeyToken=31bf3856ad364e35 (location: C:\Program Files\dotnet\sdk\9.0.313\Microsoft.NET.Sdk.WorkloadMSBuildSdkResolver.dll, MVID: 0788e264-6a70-4060-ab8f-3b1c4b1b6a41, AssemblyLoadContext: MSBuild plugin C:\Program Files\dotnet\sdk\9.0.313\Microsoft.NET.Sdk.WorkloadMSBuildSdkResolver.dll)
       Assembly loaded during Evaluation: Microsoft.DotNet.Cli.Utils, Version=9.0.313.0, Culture=neutral, PublicKeyToken=adb9793829ddae60 (location: C:\Program Files\dotnet\sdk\9.0.313\Microsoft.DotNet.Cli.Utils.dll, MVID: 1e4eb519-1053-4bf5-b89f-79796d8ec82f, AssemblyLoadContext: MSBuild plugin C:\Program Files\dotnet\sdk\9.0.313\Microsoft.NET.Sdk.WorkloadMSBuildSdkResolver.dll)
       Assembly loaded during Evaluation: Microsoft.NET.Sdk.WorkloadManifestReader, Version=9.0.313.0, Culture=neutral, PublicKeyToken=adb9793829ddae60 (location: C:\Program Files\dotnet\sdk\9.0.313\Microsoft.NET.Sdk.WorkloadManifestReader.dll, MVID: 161e75c0-2f1b-427a-ad69-7180a1ad5b3b, AssemblyLoadContext: MSBuild plugin C:\Program Files\dotnet\sdk\9.0.313\Microsoft.NET.Sdk.WorkloadMSBuildSdkResolver.dll)
       Assembly loaded during Evaluation: Microsoft.Deployment.DotNet.Releases, Version=2.0.0.0, Culture=neutral, PublicKeyToken=31bf3856ad364e35 (location: C:\Program Files\dotnet\sdk\9.0.313\Microsoft.Deployment.DotNet.Releases.dll, MVID: 400d16c0-099c-46d2-bc0e-802a0637399b, AssemblyLoadContext: MSBuild plugin C:\Program Files\dotnet\sdk\9.0.313\Microsoft.NET.Sdk.WorkloadMSBuildSdkResolver.dll)
       The SDK "Microsoft.NET.SDK.WorkloadAutoImportPropsLocator" was successfully resolved by the "Microsoft.DotNet.MSBuildWorkloadSdkResolver" resolver to location "C:\Program Files\dotnet\packs\Microsoft.Android.Sdk.Windows\35.0.78\Sdk" and version "null".
       C:\Program Files\dotnet\sdk\9.0.313\Sdks\Microsoft.NET.Sdk\targets\Microsoft.NET.PackProjectTool.props(15,5): message : Property reassignment: $(TargetsForTfmSpecificContentInPackage)=";PackTool;_PackProjectToolValidation" (previous value: ";PackTool") at C:\Program Files\dotnet\sdk\9.0.313\Sdks\Microsoft.NET.Sdk\targets\Microsoft.NET.PackProjectTool.props (15,5)
       The SDK "Microsoft.NET.Sdk.Razor" was successfully resolved by the "DefaultSdkResolver" resolver to location "C:\Program Files\dotnet\sdk\9.0.313\Sdks\Microsoft.NET.Sdk.Razor\Sdk" and version "".
       The SDK "Microsoft.NET.Sdk.StaticWebAssets" was successfully resolved by the "DefaultSdkResolver" resolver to location "C:\Program Files\dotnet\sdk\9.0.313\Sdks\Microsoft.NET.Sdk.StaticWebAssets\Sdk" and version "".
       C:\Program Files\dotnet\sdk\9.0.313\Sdks\Microsoft.NET.Sdk.StaticWebAssets\Sdk\Sdk.StaticWebAssets.StaticAssets.ProjectSystem.props(23,5): message : Property reassignment: $(DefaultItemExcludes)=";**\node_modules\**;node_modules\**;**\jspm_packages\**;jspm_packages\**" (previous value: ";**\node_modules\**;node_modules\**") at C:\Program Files\dotnet\sdk\9.0.313\Sdks\Microsoft.NET.Sdk.StaticWebAssets\Sdk\Sdk.StaticWebAssets.StaticAssets.ProjectSystem.props (23,5)
       C:\Program Files\dotnet\sdk\9.0.313\Sdks\Microsoft.NET.Sdk.StaticWebAssets\Sdk\Sdk.StaticWebAssets.StaticAssets.ProjectSystem.props(24,5): message : Property reassignment: $(DefaultItemExcludes)=";**\node_modules\**;node_modules\**;**\jspm_packages\**;jspm_packages\**;**\bower_components\**;bower_components\**" (previous value: ";**\node_modules\**;node_modules\**;**\jspm_packages\**;jspm_packages\**") at C:\Program Files\dotnet\sdk\9.0.313\Sdks\Microsoft.NET.Sdk.StaticWebAssets\Sdk\Sdk.StaticWebAssets.StaticAssets.ProjectSystem.props (24,5)
       C:\Program Files\dotnet\sdk\9.0.313\Sdks\Microsoft.NET.Sdk.StaticWebAssets\Sdk\Sdk.StaticWebAssets.StaticAssets.ProjectSystem.props(25,5): message : Property reassignment: $(DefaultItemExcludes)=";**\node_modules\**;node_modules\**;**\jspm_packages\**;jspm_packages\**;**\bower_components\**;bower_components\**;**\packages.lock.json" (previous value: ";**\node_modules\**;node_modules\**;**\jspm_packages\**;jspm_packages\**;**\bower_components\**;bower_components\**") at C:\Program Files\dotnet\sdk\9.0.313\Sdks\Microsoft.NET.Sdk.StaticWebAssets\Sdk\Sdk.StaticWebAssets.StaticAssets.ProjectSystem.props (25,5)
       The SDK "Microsoft.NET.Sdk.Web.ProjectSystem" was successfully resolved by the "DefaultSdkResolver" resolver to location "C:\Program Files\dotnet\sdk\9.0.313\Sdks\Microsoft.NET.Sdk.Web.ProjectSystem\Sdk" and version "".
       C:\Program Files\dotnet\sdk\9.0.313\Sdks\Microsoft.NET.Sdk.Web.ProjectSystem\targets\Microsoft.NET.Sdk.Web.ProjectSystem.props(16,5): message : Property reassignment: $(OutputType)="Exe" (previous value: "Library") at C:\Program Files\dotnet\sdk\9.0.313\Sdks\Microsoft.NET.Sdk.Web.ProjectSystem\targets\Microsoft.NET.Sdk.Web.ProjectSystem.props (16,5)
       The SDK "Microsoft.NET.Sdk.Publish" was successfully resolved by the "DefaultSdkResolver" resolver to location "C:\Program Files\dotnet\sdk\9.0.313\Sdks\Microsoft.NET.Sdk.Publish\Sdk" and version "".
       The "Configuration" property is a global property, and cannot be modified.
       The "Platform" property is a global property, and cannot be modified.
       C:\Program Files\dotnet\sdk\9.0.313\Sdks\Microsoft.NET.Sdk\targets\Microsoft.NET.Sdk.ImportPublishProfile.targets(28,5): message : Property reassignment: $(PublishProfileImported)="false" (previous value: "true") at C:\Program Files\dotnet\sdk\9.0.313\Sdks\Microsoft.NET.Sdk\targets\Microsoft.NET.Sdk.ImportPublishProfile.targets (28,5)
       C:\Program Files\dotnet\sdk\9.0.313\Sdks\Microsoft.NET.Sdk\targets\Microsoft.NET.TargetFrameworkInference.targets(69,5): message : Property reassignment: $(TargetPlatformVersion)="" (previous value: "0.0") at C:\Program Files\dotnet\sdk\9.0.313\Sdks\Microsoft.NET.Sdk\targets\Microsoft.NET.TargetFrameworkInference.targets (69,5)
       C:\Program Files\dotnet\sdk\9.0.313\Sdks\Microsoft.NET.Sdk\targets\Microsoft.NET.DefaultOutputPaths.targets(121,5): message : Property reassignment: $(DefaultItemExcludes)=";**\node_modules\**;node_modules\**;**\jspm_packages\**;jspm_packages\**;**\bower_components\**;bower_components\**;**\packages.lock.json;bin\Debug\/**" (previous value: ";**\node_modules\**;node_modules\**;**\jspm_packages\**;jspm_packages\**;**\bower_components\**;bower_components\**;**\packages.lock.json") at C:\Program Files\dotnet\sdk\9.0.313\Sdks\Microsoft.NET.Sdk\targets\Microsoft.NET.DefaultOutputPaths.targets (121,5)
       C:\Program Files\dotnet\sdk\9.0.313\Sdks\Microsoft.NET.Sdk\targets\Microsoft.NET.DefaultOutputPaths.targets(122,5): message : Property reassignment: $(DefaultItemExcludes)=";**\node_modules\**;node_modules\**;**\jspm_packages\**;jspm_packages\**;**\bower_components\**;bower_components\**;**\packages.lock.json;bin\Debug\/**;obj\Debug\/**" (previous value: ";**\node_modules\**;node_modules\**;**\jspm_packages\**;jspm_packages\**;**\bower_components\**;bower_components\**;**\packages.lock.json;bin\Debug\/**") at C:\Program Files\dotnet\sdk\9.0.313\Sdks\Microsoft.NET.Sdk\targets\Microsoft.NET.DefaultOutputPaths.targets (122,5)
       C:\Program Files\dotnet\sdk\9.0.313\Sdks\Microsoft.NET.Sdk\targets\Microsoft.NET.DefaultOutputPaths.targets(137,5): message : Property reassignment: $(OutputPath)="bin\Debug\net8.0\" (previous value: "bin\Debug\") at C:\Program Files\dotnet\sdk\9.0.313\Sdks\Microsoft.NET.Sdk\targets\Microsoft.NET.DefaultOutputPaths.targets (137,5)
       C:\Program Files\dotnet\sdk\9.0.313\Sdks\Microsoft.NET.Sdk\targets\Microsoft.NET.DefaultOutputPaths.targets(142,5): message : Property reassignment: $(IntermediateOutputPath)="obj\Debug\net8.0\" (previous value: "obj\Debug\") at C:\Program Files\dotnet\sdk\9.0.313\Sdks\Microsoft.NET.Sdk\targets\Microsoft.NET.DefaultOutputPaths.targets (142,5)
       The "DefaultSdkResolver" resolver attempted to resolve the SDK "Microsoft.NET.SDK.WorkloadManifestTargetsLocator".
       Warnings: null
       Errors: MSB4276: The default SDK resolver failed to resolve SDK "Microsoft.NET.SDK.WorkloadManifestTargetsLocator" because directory "C:\Program Files\dotnet\sdk\9.0.313\Sdks\Microsoft.NET.SDK.WorkloadManifestTargetsLocator\Sdk" did not exist.
       The SDK "Microsoft.NET.SDK.WorkloadManifestTargetsLocator" was successfully resolved by the "Microsoft.DotNet.MSBuildWorkloadSdkResolver" resolver to location "C:\Program Files\dotnet\sdk-manifests\9.0.100\microsoft.net.sdk.android\35.0.78" and version "null".
       C:\Program Files\dotnet\sdk\9.0.313\Sdks\Microsoft.NET.Sdk\targets\Microsoft.NET.Sdk.BeforeCommon.targets(187,5): message : Property reassignment: $(_FrameworkIdentifierForImplicitDefine)="NET" (previous value: "NETCOREAPP") at C:\Program Files\dotnet\sdk\9.0.313\Sdks\Microsoft.NET.Sdk\targets\Microsoft.NET.Sdk.BeforeCommon.targets (187,5)
       C:\Program Files\dotnet\sdk\9.0.313\Sdks\Microsoft.NET.Sdk\targets\Microsoft.NET.Sdk.BeforeCommon.targets(192,5): message : Property reassignment: $(_FrameworkVersionForImplicitDefine)="8_0" (previous value: "8.0") at C:\Program Files\dotnet\sdk\9.0.313\Sdks\Microsoft.NET.Sdk\targets\Microsoft.NET.Sdk.BeforeCommon.targets (192,5)
       C:\Program Files\dotnet\sdk\9.0.313\Roslyn\Microsoft.CSharp.Core.targets(200,5): message : Property reassignment: $(CommandLineArgsForDesignTimeEvaluation)="-langversion:12.0 -define:TRACE" (previous value: "-langversion:12.0") at C:\Program Files\dotnet\sdk\9.0.313\Roslyn\Microsoft.CSharp.Core.targets (200,5)
       The "Platform" property is a global property, and cannot be modified.
       The "Configuration" property is a global property, and cannot be modified.
       C:\Program Files\dotnet\sdk\9.0.313\Microsoft.Common.CurrentVersion.targets(175,5): message : Property reassignment: $(_DebugSymbolsProduced)="true" (previous value: "false") at C:\Program Files\dotnet\sdk\9.0.313\Microsoft.Common.CurrentVersion.targets (175,5)
       C:\Program Files\dotnet\sdk\9.0.313\Microsoft.Common.CurrentVersion.targets(185,5): message : Property reassignment: $(_DocumentationFileProduced)="false" (previous value: "true") at C:\Program Files\dotnet\sdk\9.0.313\Microsoft.Common.CurrentVersion.targets (185,5)
       The "SolutionName" property is a global property, and cannot be modified.
       The "SolutionFileName" property is a global property, and cannot be modified.
       The "SolutionPath" property is a global property, and cannot be modified.
       The "SolutionDir" property is a global property, and cannot be modified.
       The "SolutionExt" property is a global property, and cannot be modified.
       C:\Program Files\dotnet\sdk\9.0.313\Microsoft.Common.CurrentVersion.targets(393,5): message : Property reassignment: $(MSBuildCopyMarkerName)="QuickStock.csproj.Up2Date" (previous value: "QuickStock.csproj") at C:\Program Files\dotnet\sdk\9.0.313\Microsoft.Common.CurrentVersion.targets (393,5)
       C:\Program Files\dotnet\sdk\9.0.313\Microsoft.Common.CurrentVersion.targets(541,5): message : Property reassignment: $(ProcessorArchitecture)="msil" (previous value: "") at C:\Program Files\dotnet\sdk\9.0.313\Microsoft.Common.CurrentVersion.targets (541,5)
       C:\Program Files\dotnet\sdk\9.0.313\Microsoft.Common.CurrentVersion.targets(580,5): message : Property reassignment: $(DelaySign)="" (previous value: "false") at C:\Program Files\dotnet\sdk\9.0.313\Microsoft.Common.CurrentVersion.targets (580,5)
       C:\Program Files\dotnet\sdk\9.0.313\Microsoft.Common.CurrentVersion.targets(2619,5): message : Property 'LOCALAPPDATA' with value 'C:\Users\Unknown\AppData\Local' expanded from the environment.
       C:\Program Files\dotnet\sdk\9.0.313\Microsoft.Common.CurrentVersion.targets(3947,5): message : Property reassignment: $(_SGenGenerateSerializationAssembliesConfig)="Auto" (previous value: "") at C:\Program Files\dotnet\sdk\9.0.313\Microsoft.Common.CurrentVersion.targets (3947,5)
       C:\Program Files\dotnet\sdk\9.0.313\Microsoft.Common.CurrentVersion.targets(3948,5): message : Property reassignment: $(_SGenGenerateSerializationAssembliesConfig)="Off" (previous value: "Auto") at C:\Program Files\dotnet\sdk\9.0.313\Microsoft.Common.CurrentVersion.targets (3948,5)
       C:\Program Files\dotnet\sdk\9.0.313\Microsoft.Common.CurrentVersion.targets(5159,5): message : Property reassignment: $(_TargetsThatPrepareProjectReferences)="
       C:\Program Files\dotnet\sdk\9.0.313\Microsoft.Common.CurrentVersion.targets(5159,5): message :       AssignProjectConfiguration;
       C:\Program Files\dotnet\sdk\9.0.313\Microsoft.Common.CurrentVersion.targets(5159,5): message :       _SplitProjectReferencesByFileExistence
       C:\Program Files\dotnet\sdk\9.0.313\Microsoft.Common.CurrentVersion.targets(5159,5): message :     " (previous value: "_SplitProjectReferencesByFileExistence") at C:\Program Files\dotnet\sdk\9.0.313\Microsoft.Common.CurrentVersion.targets (5159,5)
       C:\Program Files\dotnet\sdk\9.0.313\Microsoft.Common.CurrentVersion.targets(6954,5): message : Property 'MSBuildExtensionsPath32' with value 'C:\Program Files\dotnet\sdk\9.0.313' expanded from the environment.
       The "_RestoreSolutionFileUsed" property is a global property, and cannot be modified.
       C:\Program Files\dotnet\sdk\9.0.313\NuGet.targets(104,5): message : Property reassignment: $(_GenerateRestoreGraphProjectEntryInputProperties)="
       C:\Program Files\dotnet\sdk\9.0.313\NuGet.targets(104,5): message :       ExcludeRestorePackageImports=true;
       C:\Program Files\dotnet\sdk\9.0.313\NuGet.targets(104,5): message :       _RestoreSolutionFileUsed=true;
       C:\Program Files\dotnet\sdk\9.0.313\NuGet.targets(104,5): message :       SolutionDir=C:\Projects\QuickStockApi\;
       C:\Program Files\dotnet\sdk\9.0.313\NuGet.targets(104,5): message :       SolutionName=QuickStock;
       C:\Program Files\dotnet\sdk\9.0.313\NuGet.targets(104,5): message :       SolutionFileName=QuickStock.sln;
       C:\Program Files\dotnet\sdk\9.0.313\NuGet.targets(104,5): message :       SolutionPath=C:\Projects\QuickStockApi\QuickStock.sln;
       C:\Program Files\dotnet\sdk\9.0.313\NuGet.targets(104,5): message :       SolutionExt=.sln;
       C:\Program Files\dotnet\sdk\9.0.313\NuGet.targets(104,5): message :     " (previous value: "ExcludeRestorePackageImports=true") at C:\Program Files\dotnet\sdk\9.0.313\NuGet.targets (104,5)
       C:\Program Files\dotnet\sdk\9.0.313\Sdks\Microsoft.NET.Sdk\targets\Microsoft.PackageDependencyResolution.targets(24,5): message : Property reassignment: $(ProjectAssetsFile)="C:\Projects\QuickStockApi\QuickStock\obj\project.assets.json" (previous value: "C:\Projects\QuickStockApi\QuickStock\obj\/project.assets.json") at C:\Program Files\dotnet\sdk\9.0.313\Sdks\Microsoft.NET.Sdk\targets\Microsoft.PackageDependencyResolution.targets (24,5)
       C:\Program Files\dotnet\sdk\9.0.313\Sdks\Microsoft.NET.Sdk\targets\Microsoft.PackageDependencyResolution.targets(29,5): message : Property reassignment: $(ProjectAssetsCacheFile)="C:\Projects\QuickStockApi\QuickStock\obj\Debug\net8.0\QuickStock.assets.cache" (previous value: "obj\Debug\net8.0\QuickStock.assets.cache") at C:\Program Files\dotnet\sdk\9.0.313\Sdks\Microsoft.NET.Sdk\targets\Microsoft.PackageDependencyResolution.targets (29,5)
       C:\Program Files\dotnet\sdk\9.0.313\Sdks\Microsoft.NET.Sdk\targets\Microsoft.PackageDependencyResolution.targets(80,5): message : Property reassignment: $(ResolveAssemblyReferencesDependsOn)="
       C:\Program Files\dotnet\sdk\9.0.313\Sdks\Microsoft.NET.Sdk\targets\Microsoft.PackageDependencyResolution.targets(80,5): message :       
       C:\Program Files\dotnet\sdk\9.0.313\Sdks\Microsoft.NET.Sdk\targets\Microsoft.PackageDependencyResolution.targets(80,5): message :       ResolveProjectReferences;
       C:\Program Files\dotnet\sdk\9.0.313\Sdks\Microsoft.NET.Sdk\targets\Microsoft.PackageDependencyResolution.targets(80,5): message :       FindInvalidProjectReferences;
       C:\Program Files\dotnet\sdk\9.0.313\Sdks\Microsoft.NET.Sdk\targets\Microsoft.PackageDependencyResolution.targets(80,5): message :       GetFrameworkPaths;
       C:\Program Files\dotnet\sdk\9.0.313\Sdks\Microsoft.NET.Sdk\targets\Microsoft.PackageDependencyResolution.targets(80,5): message :       GetReferenceAssemblyPaths;
       C:\Program Files\dotnet\sdk\9.0.313\Sdks\Microsoft.NET.Sdk\targets\Microsoft.PackageDependencyResolution.targets(80,5): message :       PrepareForBuild;
       C:\Program Files\dotnet\sdk\9.0.313\Sdks\Microsoft.NET.Sdk\targets\Microsoft.PackageDependencyResolution.targets(80,5): message :       ResolveSDKReferences;
       C:\Program Files\dotnet\sdk\9.0.313\Sdks\Microsoft.NET.Sdk\targets\Microsoft.PackageDependencyResolution.targets(80,5): message :       ExpandSDKReferences;
       C:\Program Files\dotnet\sdk\9.0.313\Sdks\Microsoft.NET.Sdk\targets\Microsoft.PackageDependencyResolution.targets(80,5): message :     ;
       C:\Program Files\dotnet\sdk\9.0.313\Sdks\Microsoft.NET.Sdk\targets\Microsoft.PackageDependencyResolution.targets(80,5): message :       ResolvePackageDependenciesForBuild;
       C:\Program Files\dotnet\sdk\9.0.313\Sdks\Microsoft.NET.Sdk\targets\Microsoft.PackageDependencyResolution.targets(80,5): message :       _HandlePackageFileConflicts;
       C:\Program Files\dotnet\sdk\9.0.313\Sdks\Microsoft.NET.Sdk\targets\Microsoft.PackageDependencyResolution.targets(80,5): message :     " (previous value: "
       C:\Program Files\dotnet\sdk\9.0.313\Sdks\Microsoft.NET.Sdk\targets\Microsoft.PackageDependencyResolution.targets(80,5): message :       ResolveProjectReferences;
       C:\Program Files\dotnet\sdk\9.0.313\Sdks\Microsoft.NET.Sdk\targets\Microsoft.PackageDependencyResolution.targets(80,5): message :       FindInvalidProjectReferences;
       C:\Program Files\dotnet\sdk\9.0.313\Sdks\Microsoft.NET.Sdk\targets\Microsoft.PackageDependencyResolution.targets(80,5): message :       GetFrameworkPaths;
       C:\Program Files\dotnet\sdk\9.0.313\Sdks\Microsoft.NET.Sdk\targets\Microsoft.PackageDependencyResolution.targets(80,5): message :       GetReferenceAssemblyPaths;
       C:\Program Files\dotnet\sdk\9.0.313\Sdks\Microsoft.NET.Sdk\targets\Microsoft.PackageDependencyResolution.targets(80,5): message :       PrepareForBuild;
       C:\Program Files\dotnet\sdk\9.0.313\Sdks\Microsoft.NET.Sdk\targets\Microsoft.PackageDependencyResolution.targets(80,5): message :       ResolveSDKReferences;
       C:\Program Files\dotnet\sdk\9.0.313\Sdks\Microsoft.NET.Sdk\targets\Microsoft.PackageDependencyResolution.targets(80,5): message :       ExpandSDKReferences;
       C:\Program Files\dotnet\sdk\9.0.313\Sdks\Microsoft.NET.Sdk\targets\Microsoft.PackageDependencyResolution.targets(80,5): message :     ") at C:\Program Files\dotnet\sdk\9.0.313\Sdks\Microsoft.NET.Sdk\targets\Microsoft.PackageDependencyResolution.targets (80,5)
       C:\Program Files\dotnet\sdk\9.0.313\Sdks\Microsoft.NET.Sdk\targets\Microsoft.PackageDependencyResolution.targets(86,5): message : Property reassignment: $(PrepareResourcesDependsOn)="
       C:\Program Files\dotnet\sdk\9.0.313\Sdks\Microsoft.NET.Sdk\targets\Microsoft.PackageDependencyResolution.targets(86,5): message :       ResolvePackageDependenciesForBuild;
       C:\Program Files\dotnet\sdk\9.0.313\Sdks\Microsoft.NET.Sdk\targets\Microsoft.PackageDependencyResolution.targets(86,5): message :       _HandlePackageFileConflicts;
       C:\Program Files\dotnet\sdk\9.0.313\Sdks\Microsoft.NET.Sdk\targets\Microsoft.PackageDependencyResolution.targets(86,5): message :       
       C:\Program Files\dotnet\sdk\9.0.313\Sdks\Microsoft.NET.Sdk\targets\Microsoft.PackageDependencyResolution.targets(86,5): message :       ;
       C:\Program Files\dotnet\sdk\9.0.313\Sdks\Microsoft.NET.Sdk\targets\Microsoft.PackageDependencyResolution.targets(86,5): message :       PrepareResourceNames;
       C:\Program Files\dotnet\sdk\9.0.313\Sdks\Microsoft.NET.Sdk\targets\Microsoft.PackageDependencyResolution.targets(86,5): message :       ResGen;
       C:\Program Files\dotnet\sdk\9.0.313\Sdks\Microsoft.NET.Sdk\targets\Microsoft.PackageDependencyResolution.targets(86,5): message :       CompileLicxFiles
       C:\Program Files\dotnet\sdk\9.0.313\Sdks\Microsoft.NET.Sdk\targets\Microsoft.PackageDependencyResolution.targets(86,5): message :     
       C:\Program Files\dotnet\sdk\9.0.313\Sdks\Microsoft.NET.Sdk\targets\Microsoft.PackageDependencyResolution.targets(86,5): message :     " (previous value: "
       C:\Program Files\dotnet\sdk\9.0.313\Sdks\Microsoft.NET.Sdk\targets\Microsoft.PackageDependencyResolution.targets(86,5): message :       ;
       C:\Program Files\dotnet\sdk\9.0.313\Sdks\Microsoft.NET.Sdk\targets\Microsoft.PackageDependencyResolution.targets(86,5): message :       PrepareResourceNames;
       C:\Program Files\dotnet\sdk\9.0.313\Sdks\Microsoft.NET.Sdk\targets\Microsoft.PackageDependencyResolution.targets(86,5): message :       ResGen;
       C:\Program Files\dotnet\sdk\9.0.313\Sdks\Microsoft.NET.Sdk\targets\Microsoft.PackageDependencyResolution.targets(86,5): message :       CompileLicxFiles
       C:\Program Files\dotnet\sdk\9.0.313\Sdks\Microsoft.NET.Sdk\targets\Microsoft.PackageDependencyResolution.targets(86,5): message :     ") at C:\Program Files\dotnet\sdk\9.0.313\Sdks\Microsoft.NET.Sdk\targets\Microsoft.PackageDependencyResolution.targets (86,5)
       C:\Program Files\dotnet\sdk\9.0.313\Sdks\Microsoft.NET.Sdk\targets\Microsoft.NET.Sdk.DefaultItems.targets(27,5): message : Property reassignment: $(DefaultItemExcludes)=";**\node_modules\**;node_modules\**;**\jspm_packages\**;jspm_packages\**;**\bower_components\**;bower_components\**;**\packages.lock.json;bin\Debug\/**;obj\Debug\/**;bin\/**" (previous value: ";**\node_modules\**;node_modules\**;**\jspm_packages\**;jspm_packages\**;**\bower_components\**;bower_components\**;**\packages.lock.json;bin\Debug\/**;obj\Debug\/**") at C:\Program Files\dotnet\sdk\9.0.313\Sdks\Microsoft.NET.Sdk\targets\Microsoft.NET.Sdk.DefaultItems.targets (27,5)
       C:\Program Files\dotnet\sdk\9.0.313\Sdks\Microsoft.NET.Sdk\targets\Microsoft.NET.Sdk.DefaultItems.targets(29,5): message : Property reassignment: $(DefaultItemExcludes)=";**\node_modules\**;node_modules\**;**\jspm_packages\**;jspm_packages\**;**\bower_components\**;bower_components\**;**\packages.lock.json;bin\Debug\/**;obj\Debug\/**;bin\/**;obj\/**" (previous value: ";**\node_modules\**;node_modules\**;**\jspm_packages\**;jspm_packages\**;**\bower_components\**;bower_components\**;**\packages.lock.json;bin\Debug\/**;obj\Debug\/**;bin\/**") at C:\Program Files\dotnet\sdk\9.0.313\Sdks\Microsoft.NET.Sdk\targets\Microsoft.NET.Sdk.DefaultItems.targets (29,5)
       C:\Program Files\dotnet\sdk\9.0.313\Sdks\Microsoft.NET.Sdk\targets\Microsoft.NET.Sdk.DefaultItems.targets(32,5): message : Property reassignment: $(DefaultItemExcludes)=";**\node_modules\**;node_modules\**;**\jspm_packages\**;jspm_packages\**;**\bower_components\**;bower_components\**;**\packages.lock.json;bin\Debug\/**;obj\Debug\/**;bin\/**;obj\/**;**/*.user" (previous value: ";**\node_modules\**;node_modules\**;**\jspm_packages\**;jspm_packages\**;**\bower_components\**;bower_components\**;**\packages.lock.json;bin\Debug\/**;obj\Debug\/**;bin\/**;obj\/**") at C:\Program Files\dotnet\sdk\9.0.313\Sdks\Microsoft.NET.Sdk\targets\Microsoft.NET.Sdk.DefaultItems.targets (32,5)
       C:\Program Files\dotnet\sdk\9.0.313\Sdks\Microsoft.NET.Sdk\targets\Microsoft.NET.Sdk.DefaultItems.targets(33,5): message : Property reassignment: $(DefaultItemExcludes)=";**\node_modules\**;node_modules\**;**\jspm_packages\**;jspm_packages\**;**\bower_components\**;bower_components\**;**\packages.lock.json;bin\Debug\/**;obj\Debug\/**;bin\/**;obj\/**;**/*.user;**/*.*proj" (previous value: ";**\node_modules\**;node_modules\**;**\jspm_packages\**;jspm_packages\**;**\bower_components\**;bower_components\**;**\packages.lock.json;bin\Debug\/**;obj\Debug\/**;bin\/**;obj\/**;**/*.user") at C:\Program Files\dotnet\sdk\9.0.313\Sdks\Microsoft.NET.Sdk\targets\Microsoft.NET.Sdk.DefaultItems.targets (33,5)
       C:\Program Files\dotnet\sdk\9.0.313\Sdks\Microsoft.NET.Sdk\targets\Microsoft.NET.Sdk.DefaultItems.targets(34,5): message : Property reassignment: $(DefaultItemExcludes)=";**\node_modules\**;node_modules\**;**\jspm_packages\**;jspm_packages\**;**\bower_components\**;bower_components\**;**\packages.lock.json;bin\Debug\/**;obj\Debug\/**;bin\/**;obj\/**;**/*.user;**/*.*proj;**/*.sln" (previous value: ";**\node_modules\**;node_modules\**;**\jspm_packages\**;jspm_packages\**;**\bower_components\**;bower_components\**;**\packages.lock.json;bin\Debug\/**;obj\Debug\/**;bin\/**;obj\/**;**/*.user;**/*.*proj") at C:\Program Files\dotnet\sdk\9.0.313\Sdks\Microsoft.NET.Sdk\targets\Microsoft.NET.Sdk.DefaultItems.targets (34,5)
       C:\Program Files\dotnet\sdk\9.0.313\Sdks\Microsoft.NET.Sdk\targets\Microsoft.NET.Sdk.DefaultItems.targets(35,5): message : Property reassignment: $(DefaultItemExcludes)=";**\node_modules\**;node_modules\**;**\jspm_packages\**;jspm_packages\**;**\bower_components\**;bower_components\**;**\packages.lock.json;bin\Debug\/**;obj\Debug\/**;bin\/**;obj\/**;**/*.user;**/*.*proj;**/*.sln;**/*.slnx" (previous value: ";**\node_modules\**;node_modules\**;**\jspm_packages\**;jspm_packages\**;**\bower_components\**;bower_components\**;**\packages.lock.json;bin\Debug\/**;obj\Debug\/**;bin\/**;obj\/**;**/*.user;**/*.*proj;**/*.sln") at C:\Program Files\dotnet\sdk\9.0.313\Sdks\Microsoft.NET.Sdk\targets\Microsoft.NET.Sdk.DefaultItems.targets (35,5)
       C:\Program Files\dotnet\sdk\9.0.313\Sdks\Microsoft.NET.Sdk\targets\Microsoft.NET.Sdk.DefaultItems.targets(36,5): message : Property reassignment: $(DefaultItemExcludes)=";**\node_modules\**;node_modules\**;**\jspm_packages\**;jspm_packages\**;**\bower_components\**;bower_components\**;**\packages.lock.json;bin\Debug\/**;obj\Debug\/**;bin\/**;obj\/**;**/*.user;**/*.*proj;**/*.sln;**/*.slnx;**/*.vssscc" (previous value: ";**\node_modules\**;node_modules\**;**\jspm_packages\**;jspm_packages\**;**\bower_components\**;bower_components\**;**\packages.lock.json;bin\Debug\/**;obj\Debug\/**;bin\/**;obj\/**;**/*.user;**/*.*proj;**/*.sln;**/*.slnx") at C:\Program Files\dotnet\sdk\9.0.313\Sdks\Microsoft.NET.Sdk\targets\Microsoft.NET.Sdk.DefaultItems.targets (36,5)
       C:\Program Files\dotnet\sdk\9.0.313\Sdks\Microsoft.NET.Sdk\targets\Microsoft.NET.Sdk.DefaultItems.targets(37,5): message : Property reassignment: $(DefaultItemExcludes)=";**\node_modules\**;node_modules\**;**\jspm_packages\**;jspm_packages\**;**\bower_components\**;bower_components\**;**\packages.lock.json;bin\Debug\/**;obj\Debug\/**;bin\/**;obj\/**;**/*.user;**/*.*proj;**/*.sln;**/*.slnx;**/*.vssscc;**/.DS_Store" (previous value: ";**\node_modules\**;node_modules\**;**\jspm_packages\**;jspm_packages\**;**\bower_components\**;bower_components\**;**\packages.lock.json;bin\Debug\/**;obj\Debug\/**;bin\/**;obj\/**;**/*.user;**/*.*proj;**/*.sln;**/*.slnx;**/*.vssscc") at C:\Program Files\dotnet\sdk\9.0.313\Sdks\Microsoft.NET.Sdk\targets\Microsoft.NET.Sdk.DefaultItems.targets (37,5)
       C:\Program Files\dotnet\sdk\9.0.313\Sdks\Microsoft.NET.Sdk\targets\Microsoft.NET.Sdk.FrameworkReferenceResolution.targets(14,5): message : Property reassignment: $(ResolveAssemblyReferencesDependsOn)="
       C:\Program Files\dotnet\sdk\9.0.313\Sdks\Microsoft.NET.Sdk\targets\Microsoft.NET.Sdk.FrameworkReferenceResolution.targets(14,5): message :       
       C:\Program Files\dotnet\sdk\9.0.313\Sdks\Microsoft.NET.Sdk\targets\Microsoft.NET.Sdk.FrameworkReferenceResolution.targets(14,5): message :       
       C:\Program Files\dotnet\sdk\9.0.313\Sdks\Microsoft.NET.Sdk\targets\Microsoft.NET.Sdk.FrameworkReferenceResolution.targets(14,5): message :       ResolveProjectReferences;
       C:\Program Files\dotnet\sdk\9.0.313\Sdks\Microsoft.NET.Sdk\targets\Microsoft.NET.Sdk.FrameworkReferenceResolution.targets(14,5): message :       FindInvalidProjectReferences;
       C:\Program Files\dotnet\sdk\9.0.313\Sdks\Microsoft.NET.Sdk\targets\Microsoft.NET.Sdk.FrameworkReferenceResolution.targets(14,5): message :       GetFrameworkPaths;
       C:\Program Files\dotnet\sdk\9.0.313\Sdks\Microsoft.NET.Sdk\targets\Microsoft.NET.Sdk.FrameworkReferenceResolution.targets(14,5): message :       GetReferenceAssemblyPaths;
       C:\Program Files\dotnet\sdk\9.0.313\Sdks\Microsoft.NET.Sdk\targets\Microsoft.NET.Sdk.FrameworkReferenceResolution.targets(14,5): message :       PrepareForBuild;
       C:\Program Files\dotnet\sdk\9.0.313\Sdks\Microsoft.NET.Sdk\targets\Microsoft.NET.Sdk.FrameworkReferenceResolution.targets(14,5): message :       ResolveSDKReferences;
       C:\Program Files\dotnet\sdk\9.0.313\Sdks\Microsoft.NET.Sdk\targets\Microsoft.NET.Sdk.FrameworkReferenceResolution.targets(14,5): message :       ExpandSDKReferences;
       C:\Program Files\dotnet\sdk\9.0.313\Sdks\Microsoft.NET.Sdk\targets\Microsoft.NET.Sdk.FrameworkReferenceResolution.targets(14,5): message :     ;
       C:\Program Files\dotnet\sdk\9.0.313\Sdks\Microsoft.NET.Sdk\targets\Microsoft.NET.Sdk.FrameworkReferenceResolution.targets(14,5): message :       ResolvePackageDependenciesForBuild;
       C:\Program Files\dotnet\sdk\9.0.313\Sdks\Microsoft.NET.Sdk\targets\Microsoft.NET.Sdk.FrameworkReferenceResolution.targets(14,5): message :       _HandlePackageFileConflicts;
       C:\Program Files\dotnet\sdk\9.0.313\Sdks\Microsoft.NET.Sdk\targets\Microsoft.NET.Sdk.FrameworkReferenceResolution.targets(14,5): message :     ;
       C:\Program Files\dotnet\sdk\9.0.313\Sdks\Microsoft.NET.Sdk\targets\Microsoft.NET.Sdk.FrameworkReferenceResolution.targets(14,5): message :       ResolveTargetingPackAssets;
       C:\Program Files\dotnet\sdk\9.0.313\Sdks\Microsoft.NET.Sdk\targets\Microsoft.NET.Sdk.FrameworkReferenceResolution.targets(14,5): message :     " (previous value: "
       C:\Program Files\dotnet\sdk\9.0.313\Sdks\Microsoft.NET.Sdk\targets\Microsoft.NET.Sdk.FrameworkReferenceResolution.targets(14,5): message :       
       C:\Program Files\dotnet\sdk\9.0.313\Sdks\Microsoft.NET.Sdk\targets\Microsoft.NET.Sdk.FrameworkReferenceResolution.targets(14,5): message :       ResolveProjectReferences;
       C:\Program Files\dotnet\sdk\9.0.313\Sdks\Microsoft.NET.Sdk\targets\Microsoft.NET.Sdk.FrameworkReferenceResolution.targets(14,5): message :       FindInvalidProjectReferences;
       C:\Program Files\dotnet\sdk\9.0.313\Sdks\Microsoft.NET.Sdk\targets\Microsoft.NET.Sdk.FrameworkReferenceResolution.targets(14,5): message :       GetFrameworkPaths;
       C:\Program Files\dotnet\sdk\9.0.313\Sdks\Microsoft.NET.Sdk\targets\Microsoft.NET.Sdk.FrameworkReferenceResolution.targets(14,5): message :       GetReferenceAssemblyPaths;
       C:\Program Files\dotnet\sdk\9.0.313\Sdks\Microsoft.NET.Sdk\targets\Microsoft.NET.Sdk.FrameworkReferenceResolution.targets(14,5): message :       PrepareForBuild;
       C:\Program Files\dotnet\sdk\9.0.313\Sdks\Microsoft.NET.Sdk\targets\Microsoft.NET.Sdk.FrameworkReferenceResolution.targets(14,5): message :       ResolveSDKReferences;
       C:\Program Files\dotnet\sdk\9.0.313\Sdks\Microsoft.NET.Sdk\targets\Microsoft.NET.Sdk.FrameworkReferenceResolution.targets(14,5): message :       ExpandSDKReferences;
       C:\Program Files\dotnet\sdk\9.0.313\Sdks\Microsoft.NET.Sdk\targets\Microsoft.NET.Sdk.FrameworkReferenceResolution.targets(14,5): message :     ;
       C:\Program Files\dotnet\sdk\9.0.313\Sdks\Microsoft.NET.Sdk\targets\Microsoft.NET.Sdk.FrameworkReferenceResolution.targets(14,5): message :       ResolvePackageDependenciesForBuild;
       C:\Program Files\dotnet\sdk\9.0.313\Sdks\Microsoft.NET.Sdk\targets\Microsoft.NET.Sdk.FrameworkReferenceResolution.targets(14,5): message :       _HandlePackageFileConflicts;
       C:\Program Files\dotnet\sdk\9.0.313\Sdks\Microsoft.NET.Sdk\targets\Microsoft.NET.Sdk.FrameworkReferenceResolution.targets(14,5): message :     ") at C:\Program Files\dotnet\sdk\9.0.313\Sdks\Microsoft.NET.Sdk\targets\Microsoft.NET.Sdk.FrameworkReferenceResolution.targets (14,5)
       C:\Program Files\dotnet\sdk\9.0.313\Sdks\Microsoft.NET.Sdk\targets\Microsoft.NET.Sdk.targets(44,5): message : Property reassignment: $(_GenerateRuntimeConfigurationPropertyInputsCache)="C:\Projects\QuickStockApi\QuickStock\obj\Debug\net8.0\QuickStock.genruntimeconfig.cache" (previous value: "obj\Debug\net8.0\QuickStock.genruntimeconfig.cache") at C:\Program Files\dotnet\sdk\9.0.313\Sdks\Microsoft.NET.Sdk\targets\Microsoft.NET.Sdk.targets (44,5)
       C:\Program Files\dotnet\sdk\9.0.313\Sdks\Microsoft.NET.Sdk\targets\Microsoft.NET.Sdk.targets(46,5): message : Property reassignment: $(_GeneratePublishDependencyFilePropertyInputsCache)="C:\Projects\QuickStockApi\QuickStock\obj\Debug\net8.0\QuickStock.genpublishdeps.cache" (previous value: "obj\Debug\net8.0\QuickStock.genpublishdeps.cache") at C:\Program Files\dotnet\sdk\9.0.313\Sdks\Microsoft.NET.Sdk\targets\Microsoft.NET.Sdk.targets (46,5)
       C:\Program Files\dotnet\sdk\9.0.313\Sdks\Microsoft.NET.Sdk\targets\Microsoft.NET.Sdk.targets(48,5): message : Property reassignment: $(_GenerateSingleFileBundlePropertyInputsCache)="C:\Projects\QuickStockApi\QuickStock\obj\Debug\net8.0\QuickStock.genbundle.cache" (previous value: "obj\Debug\net8.0\QuickStock.genbundle.cache") at C:\Program Files\dotnet\sdk\9.0.313\Sdks\Microsoft.NET.Sdk\targets\Microsoft.NET.Sdk.targets (48,5)
       C:\Program Files\dotnet\sdk\9.0.313\Sdks\Microsoft.NET.Sdk\targets\Microsoft.NET.Sdk.targets(81,5): message : Property reassignment: $(GenerateRuntimeConfigDevFile)="false" (previous value: "true") at C:\Program Files\dotnet\sdk\9.0.313\Sdks\Microsoft.NET.Sdk\targets\Microsoft.NET.Sdk.targets (81,5)
       C:\Program Files\dotnet\sdk\9.0.313\Sdks\Microsoft.NET.Sdk\targets\Microsoft.NET.Sdk.targets(97,5): message : Property 'USERPROFILE' with value 'C:\Users\Unknown' expanded from the environment.
       C:\Program Files\dotnet\sdk\9.0.313\Sdks\Microsoft.NET.Sdk\targets\Microsoft.NET.Sdk.targets(97,5): message : Property reassignment: $(_DefaultUserProfileRuntimeStorePath)="C:\Users\Unknown" (previous value: "") at C:\Program Files\dotnet\sdk\9.0.313\Sdks\Microsoft.NET.Sdk\targets\Microsoft.NET.Sdk.targets (97,5)
       C:\Program Files\dotnet\sdk\9.0.313\Sdks\Microsoft.NET.Sdk\targets\Microsoft.NET.Sdk.targets(98,5): message : Property reassignment: $(_DefaultUserProfileRuntimeStorePath)="C:\Users\Unknown\.dotnet\store" (previous value: "C:\Users\Unknown") at C:\Program Files\dotnet\sdk\9.0.313\Sdks\Microsoft.NET.Sdk\targets\Microsoft.NET.Sdk.targets (98,5)
       C:\Program Files\dotnet\sdk\9.0.313\Sdks\Microsoft.NET.Sdk\targets\Microsoft.NET.Sdk.targets(140,5): message : Property reassignment: $(AvailablePlatforms)="Any CPU,x86,x64,ARM32" (previous value: "Any CPU,x86,x64") at C:\Program Files\dotnet\sdk\9.0.313\Sdks\Microsoft.NET.Sdk\targets\Microsoft.NET.Sdk.targets (140,5)
       C:\Program Files\dotnet\sdk\9.0.313\Sdks\Microsoft.NET.Sdk\targets\Microsoft.NET.Sdk.targets(144,5): message : Property reassignment: $(AvailablePlatforms)="Any CPU,x86,x64,ARM32,ARM64" (previous value: "Any CPU,x86,x64,ARM32") at C:\Program Files\dotnet\sdk\9.0.313\Sdks\Microsoft.NET.Sdk\targets\Microsoft.NET.Sdk.targets (144,5)
       C:\Program Files\dotnet\sdk\9.0.313\Sdks\Microsoft.NET.Sdk\targets\Microsoft.NET.Sdk.targets(201,5): message : Property reassignment: $(CoreBuildDependsOn)="
       C:\Program Files\dotnet\sdk\9.0.313\Sdks\Microsoft.NET.Sdk\targets\Microsoft.NET.Sdk.targets(201,5): message :       _CheckForBuildWithNoBuild;
       C:\Program Files\dotnet\sdk\9.0.313\Sdks\Microsoft.NET.Sdk\targets\Microsoft.NET.Sdk.targets(201,5): message :       
       C:\Program Files\dotnet\sdk\9.0.313\Sdks\Microsoft.NET.Sdk\targets\Microsoft.NET.Sdk.targets(201,5): message :       BuildOnlySettings;
       C:\Program Files\dotnet\sdk\9.0.313\Sdks\Microsoft.NET.Sdk\targets\Microsoft.NET.Sdk.targets(201,5): message :       PrepareForBuild;
       C:\Program Files\dotnet\sdk\9.0.313\Sdks\Microsoft.NET.Sdk\targets\Microsoft.NET.Sdk.targets(201,5): message :       PreBuildEvent;
       C:\Program Files\dotnet\sdk\9.0.313\Sdks\Microsoft.NET.Sdk\targets\Microsoft.NET.Sdk.targets(201,5): message :       ResolveReferences;
       C:\Program Files\dotnet\sdk\9.0.313\Sdks\Microsoft.NET.Sdk\targets\Microsoft.NET.Sdk.targets(201,5): message :       PrepareResources;
       C:\Program Files\dotnet\sdk\9.0.313\Sdks\Microsoft.NET.Sdk\targets\Microsoft.NET.Sdk.targets(201,5): message :       ResolveKeySource;
       C:\Program Files\dotnet\sdk\9.0.313\Sdks\Microsoft.NET.Sdk\targets\Microsoft.NET.Sdk.targets(201,5): message :       Compile;
       C:\Program Files\dotnet\sdk\9.0.313\Sdks\Microsoft.NET.Sdk\targets\Microsoft.NET.Sdk.targets(201,5): message :       ExportWindowsMDFile;
       C:\Program Files\dotnet\sdk\9.0.313\Sdks\Microsoft.NET.Sdk\targets\Microsoft.NET.Sdk.targets(201,5): message :       UnmanagedUnregistration;
       C:\Program Files\dotnet\sdk\9.0.313\Sdks\Microsoft.NET.Sdk\targets\Microsoft.NET.Sdk.targets(201,5): message :       GenerateSerializationAssemblies;
       C:\Program Files\dotnet\sdk\9.0.313\Sdks\Microsoft.NET.Sdk\targets\Microsoft.NET.Sdk.targets(201,5): message :       CreateSatelliteAssemblies;
       C:\Program Files\dotnet\sdk\9.0.313\Sdks\Microsoft.NET.Sdk\targets\Microsoft.NET.Sdk.targets(201,5): message :       GenerateManifests;
       C:\Program Files\dotnet\sdk\9.0.313\Sdks\Microsoft.NET.Sdk\targets\Microsoft.NET.Sdk.targets(201,5): message :       GetTargetPath;
       C:\Program Files\dotnet\sdk\9.0.313\Sdks\Microsoft.NET.Sdk\targets\Microsoft.NET.Sdk.targets(201,5): message :       PrepareForRun;
       C:\Program Files\dotnet\sdk\9.0.313\Sdks\Microsoft.NET.Sdk\targets\Microsoft.NET.Sdk.targets(201,5): message :       UnmanagedRegistration;
       C:\Program Files\dotnet\sdk\9.0.313\Sdks\Microsoft.NET.Sdk\targets\Microsoft.NET.Sdk.targets(201,5): message :       IncrementalClean;
       C:\Program Files\dotnet\sdk\9.0.313\Sdks\Microsoft.NET.Sdk\targets\Microsoft.NET.Sdk.targets(201,5): message :       PostBuildEvent
       C:\Program Files\dotnet\sdk\9.0.313\Sdks\Microsoft.NET.Sdk\targets\Microsoft.NET.Sdk.targets(201,5): message :     ;
       C:\Program Files\dotnet\sdk\9.0.313\Sdks\Microsoft.NET.Sdk\targets\Microsoft.NET.Sdk.targets(201,5): message :       GenerateBuildDependencyFile;
       C:\Program Files\dotnet\sdk\9.0.313\Sdks\Microsoft.NET.Sdk\targets\Microsoft.NET.Sdk.targets(201,5): message :       GenerateBuildRuntimeConfigurationFiles
       C:\Program Files\dotnet\sdk\9.0.313\Sdks\Microsoft.NET.Sdk\targets\Microsoft.NET.Sdk.targets(201,5): message :     " (previous value: "
       C:\Program Files\dotnet\sdk\9.0.313\Sdks\Microsoft.NET.Sdk\targets\Microsoft.NET.Sdk.targets(201,5): message :       BuildOnlySettings;
       C:\Program Files\dotnet\sdk\9.0.313\Sdks\Microsoft.NET.Sdk\targets\Microsoft.NET.Sdk.targets(201,5): message :       PrepareForBuild;
       C:\Program Files\dotnet\sdk\9.0.313\Sdks\Microsoft.NET.Sdk\targets\Microsoft.NET.Sdk.targets(201,5): message :       PreBuildEvent;
       C:\Program Files\dotnet\sdk\9.0.313\Sdks\Microsoft.NET.Sdk\targets\Microsoft.NET.Sdk.targets(201,5): message :       ResolveReferences;
       C:\Program Files\dotnet\sdk\9.0.313\Sdks\Microsoft.NET.Sdk\targets\Microsoft.NET.Sdk.targets(201,5): message :       PrepareResources;
       C:\Program Files\dotnet\sdk\9.0.313\Sdks\Microsoft.NET.Sdk\targets\Microsoft.NET.Sdk.targets(201,5): message :       ResolveKeySource;
       C:\Program Files\dotnet\sdk\9.0.313\Sdks\Microsoft.NET.Sdk\targets\Microsoft.NET.Sdk.targets(201,5): message :       Compile;
       C:\Program Files\dotnet\sdk\9.0.313\Sdks\Microsoft.NET.Sdk\targets\Microsoft.NET.Sdk.targets(201,5): message :       ExportWindowsMDFile;
       C:\Program Files\dotnet\sdk\9.0.313\Sdks\Microsoft.NET.Sdk\targets\Microsoft.NET.Sdk.targets(201,5): message :       UnmanagedUnregistration;
       C:\Program Files\dotnet\sdk\9.0.313\Sdks\Microsoft.NET.Sdk\targets\Microsoft.NET.Sdk.targets(201,5): message :       GenerateSerializationAssemblies;
       C:\Program Files\dotnet\sdk\9.0.313\Sdks\Microsoft.NET.Sdk\targets\Microsoft.NET.Sdk.targets(201,5): message :       CreateSatelliteAssemblies;
       C:\Program Files\dotnet\sdk\9.0.313\Sdks\Microsoft.NET.Sdk\targets\Microsoft.NET.Sdk.targets(201,5): message :       GenerateManifests;
       C:\Program Files\dotnet\sdk\9.0.313\Sdks\Microsoft.NET.Sdk\targets\Microsoft.NET.Sdk.targets(201,5): message :       GetTargetPath;
       C:\Program Files\dotnet\sdk\9.0.313\Sdks\Microsoft.NET.Sdk\targets\Microsoft.NET.Sdk.targets(201,5): message :       PrepareForRun;
       C:\Program Files\dotnet\sdk\9.0.313\Sdks\Microsoft.NET.Sdk\targets\Microsoft.NET.Sdk.targets(201,5): message :       UnmanagedRegistration;
       C:\Program Files\dotnet\sdk\9.0.313\Sdks\Microsoft.NET.Sdk\targets\Microsoft.NET.Sdk.targets(201,5): message :       IncrementalClean;
       C:\Program Files\dotnet\sdk\9.0.313\Sdks\Microsoft.NET.Sdk\targets\Microsoft.NET.Sdk.targets(201,5): message :       PostBuildEvent
       C:\Program Files\dotnet\sdk\9.0.313\Sdks\Microsoft.NET.Sdk\targets\Microsoft.NET.Sdk.targets(201,5): message :     ") at C:\Program Files\dotnet\sdk\9.0.313\Sdks\Microsoft.NET.Sdk\targets\Microsoft.NET.Sdk.targets (201,5)
       C:\Program Files\dotnet\sdk\9.0.313\Sdks\Microsoft.NET.Sdk\targets\Microsoft.NET.Sdk.targets(210,5): message : Property reassignment: $(CoreCleanDependsOn)="
       C:\Program Files\dotnet\sdk\9.0.313\Sdks\Microsoft.NET.Sdk\targets\Microsoft.NET.Sdk.targets(210,5): message :       _SdkBeforeClean;
       C:\Program Files\dotnet\sdk\9.0.313\Sdks\Microsoft.NET.Sdk\targets\Microsoft.NET.Sdk.targets(210,5): message :       
       C:\Program Files\dotnet\sdk\9.0.313\Sdks\Microsoft.NET.Sdk\targets\Microsoft.NET.Sdk.targets(210,5): message :     " (previous value: "") at C:\Program Files\dotnet\sdk\9.0.313\Sdks\Microsoft.NET.Sdk\targets\Microsoft.NET.Sdk.targets (210,5)
       C:\Program Files\dotnet\sdk\9.0.313\Sdks\Microsoft.NET.Sdk\targets\Microsoft.NET.Sdk.targets(217,5): message : Property reassignment: $(RebuildDependsOn)="
       C:\Program Files\dotnet\sdk\9.0.313\Sdks\Microsoft.NET.Sdk\targets\Microsoft.NET.Sdk.targets(217,5): message :       _SdkBeforeRebuild;
       C:\Program Files\dotnet\sdk\9.0.313\Sdks\Microsoft.NET.Sdk\targets\Microsoft.NET.Sdk.targets(217,5): message :       
       C:\Program Files\dotnet\sdk\9.0.313\Sdks\Microsoft.NET.Sdk\targets\Microsoft.NET.Sdk.targets(217,5): message :       BeforeRebuild;
       C:\Program Files\dotnet\sdk\9.0.313\Sdks\Microsoft.NET.Sdk\targets\Microsoft.NET.Sdk.targets(217,5): message :       Clean;
       C:\Program Files\dotnet\sdk\9.0.313\Sdks\Microsoft.NET.Sdk\targets\Microsoft.NET.Sdk.targets(217,5): message :       Build;
       C:\Program Files\dotnet\sdk\9.0.313\Sdks\Microsoft.NET.Sdk\targets\Microsoft.NET.Sdk.targets(217,5): message :       AfterRebuild;
       C:\Program Files\dotnet\sdk\9.0.313\Sdks\Microsoft.NET.Sdk\targets\Microsoft.NET.Sdk.targets(217,5): message :     
       C:\Program Files\dotnet\sdk\9.0.313\Sdks\Microsoft.NET.Sdk\targets\Microsoft.NET.Sdk.targets(217,5): message :     " (previous value: "
       C:\Program Files\dotnet\sdk\9.0.313\Sdks\Microsoft.NET.Sdk\targets\Microsoft.NET.Sdk.targets(217,5): message :       BeforeRebuild;
       C:\Program Files\dotnet\sdk\9.0.313\Sdks\Microsoft.NET.Sdk\targets\Microsoft.NET.Sdk.targets(217,5): message :       Clean;
       C:\Program Files\dotnet\sdk\9.0.313\Sdks\Microsoft.NET.Sdk\targets\Microsoft.NET.Sdk.targets(217,5): message :       Build;
       C:\Program Files\dotnet\sdk\9.0.313\Sdks\Microsoft.NET.Sdk\targets\Microsoft.NET.Sdk.targets(217,5): message :       AfterRebuild;
       C:\Program Files\dotnet\sdk\9.0.313\Sdks\Microsoft.NET.Sdk\targets\Microsoft.NET.Sdk.targets(217,5): message :     ") at C:\Program Files\dotnet\sdk\9.0.313\Sdks\Microsoft.NET.Sdk\targets\Microsoft.NET.Sdk.targets (217,5)
       C:\Program Files\dotnet\sdk\9.0.313\Sdks\Microsoft.NET.Sdk\targets\Microsoft.NET.Sdk.targets(784,5): message : Property reassignment: $(CompileDependsOn)="
       C:\Program Files\dotnet\sdk\9.0.313\Sdks\Microsoft.NET.Sdk\targets\Microsoft.NET.Sdk.targets(784,5): message :       
       C:\Program Files\dotnet\sdk\9.0.313\Sdks\Microsoft.NET.Sdk\targets\Microsoft.NET.Sdk.targets(784,5): message :       ResolveReferences;
       C:\Program Files\dotnet\sdk\9.0.313\Sdks\Microsoft.NET.Sdk\targets\Microsoft.NET.Sdk.targets(784,5): message :       ResolveKeySource;
       C:\Program Files\dotnet\sdk\9.0.313\Sdks\Microsoft.NET.Sdk\targets\Microsoft.NET.Sdk.targets(784,5): message :       SetWin32ManifestProperties;
       C:\Program Files\dotnet\sdk\9.0.313\Sdks\Microsoft.NET.Sdk\targets\Microsoft.NET.Sdk.targets(784,5): message :       _SetPreferNativeArm64Win32ManifestProperties;
       C:\Program Files\dotnet\sdk\9.0.313\Sdks\Microsoft.NET.Sdk\targets\Microsoft.NET.Sdk.targets(784,5): message :       FindReferenceAssembliesForReferences;
       C:\Program Files\dotnet\sdk\9.0.313\Sdks\Microsoft.NET.Sdk\targets\Microsoft.NET.Sdk.targets(784,5): message :       _GenerateCompileInputs;
       C:\Program Files\dotnet\sdk\9.0.313\Sdks\Microsoft.NET.Sdk\targets\Microsoft.NET.Sdk.targets(784,5): message :       BeforeCompile;
       C:\Program Files\dotnet\sdk\9.0.313\Sdks\Microsoft.NET.Sdk\targets\Microsoft.NET.Sdk.targets(784,5): message :       _TimeStampBeforeCompile;
       C:\Program Files\dotnet\sdk\9.0.313\Sdks\Microsoft.NET.Sdk\targets\Microsoft.NET.Sdk.targets(784,5): message :       _GenerateCompileDependencyCache;
       C:\Program Files\dotnet\sdk\9.0.313\Sdks\Microsoft.NET.Sdk\targets\Microsoft.NET.Sdk.targets(784,5): message :       CoreCompile;
       C:\Program Files\dotnet\sdk\9.0.313\Sdks\Microsoft.NET.Sdk\targets\Microsoft.NET.Sdk.targets(784,5): message :       _TimeStampAfterCompile;
       C:\Program Files\dotnet\sdk\9.0.313\Sdks\Microsoft.NET.Sdk\targets\Microsoft.NET.Sdk.targets(784,5): message :       AfterCompile;
       C:\Program Files\dotnet\sdk\9.0.313\Sdks\Microsoft.NET.Sdk\targets\Microsoft.NET.Sdk.targets(784,5): message :     ;
       C:\Program Files\dotnet\sdk\9.0.313\Sdks\Microsoft.NET.Sdk\targets\Microsoft.NET.Sdk.targets(784,5): message :       _CreateAppHost;
       C:\Program Files\dotnet\sdk\9.0.313\Sdks\Microsoft.NET.Sdk\targets\Microsoft.NET.Sdk.targets(784,5): message :       _CreateComHost;
       C:\Program Files\dotnet\sdk\9.0.313\Sdks\Microsoft.NET.Sdk\targets\Microsoft.NET.Sdk.targets(784,5): message :       _GetIjwHostPaths;
       C:\Program Files\dotnet\sdk\9.0.313\Sdks\Microsoft.NET.Sdk\targets\Microsoft.NET.Sdk.targets(784,5): message :     " (previous value: "
       C:\Program Files\dotnet\sdk\9.0.313\Sdks\Microsoft.NET.Sdk\targets\Microsoft.NET.Sdk.targets(784,5): message :       ResolveReferences;
       C:\Program Files\dotnet\sdk\9.0.313\Sdks\Microsoft.NET.Sdk\targets\Microsoft.NET.Sdk.targets(784,5): message :       ResolveKeySource;
       C:\Program Files\dotnet\sdk\9.0.313\Sdks\Microsoft.NET.Sdk\targets\Microsoft.NET.Sdk.targets(784,5): message :       SetWin32ManifestProperties;
       C:\Program Files\dotnet\sdk\9.0.313\Sdks\Microsoft.NET.Sdk\targets\Microsoft.NET.Sdk.targets(784,5): message :       _SetPreferNativeArm64Win32ManifestProperties;
       C:\Program Files\dotnet\sdk\9.0.313\Sdks\Microsoft.NET.Sdk\targets\Microsoft.NET.Sdk.targets(784,5): message :       FindReferenceAssembliesForReferences;
       C:\Program Files\dotnet\sdk\9.0.313\Sdks\Microsoft.NET.Sdk\targets\Microsoft.NET.Sdk.targets(784,5): message :       _GenerateCompileInputs;
       C:\Program Files\dotnet\sdk\9.0.313\Sdks\Microsoft.NET.Sdk\targets\Microsoft.NET.Sdk.targets(784,5): message :       BeforeCompile;
       C:\Program Files\dotnet\sdk\9.0.313\Sdks\Microsoft.NET.Sdk\targets\Microsoft.NET.Sdk.targets(784,5): message :       _TimeStampBeforeCompile;
       C:\Program Files\dotnet\sdk\9.0.313\Sdks\Microsoft.NET.Sdk\targets\Microsoft.NET.Sdk.targets(784,5): message :       _GenerateCompileDependencyCache;
       C:\Program Files\dotnet\sdk\9.0.313\Sdks\Microsoft.NET.Sdk\targets\Microsoft.NET.Sdk.targets(784,5): message :       CoreCompile;
       C:\Program Files\dotnet\sdk\9.0.313\Sdks\Microsoft.NET.Sdk\targets\Microsoft.NET.Sdk.targets(784,5): message :       _TimeStampAfterCompile;
       C:\Program Files\dotnet\sdk\9.0.313\Sdks\Microsoft.NET.Sdk\targets\Microsoft.NET.Sdk.targets(784,5): message :       AfterCompile;
       C:\Program Files\dotnet\sdk\9.0.313\Sdks\Microsoft.NET.Sdk\targets\Microsoft.NET.Sdk.targets(784,5): message :     ") at C:\Program Files\dotnet\sdk\9.0.313\Sdks\Microsoft.NET.Sdk\targets\Microsoft.NET.Sdk.targets (784,5)
       C:\Program Files\dotnet\sdk\9.0.313\Sdks\Microsoft.NET.Sdk\targets\Microsoft.NET.Sdk.targets(1184,5): message : Property reassignment: $(CreateSatelliteAssembliesDependsOn)="
       C:\Program Files\dotnet\sdk\9.0.313\Sdks\Microsoft.NET.Sdk\targets\Microsoft.NET.Sdk.targets(1184,5): message :       
       C:\Program Files\dotnet\sdk\9.0.313\Sdks\Microsoft.NET.Sdk\targets\Microsoft.NET.Sdk.targets(1184,5): message :       ;
       C:\Program Files\dotnet\sdk\9.0.313\Sdks\Microsoft.NET.Sdk\targets\Microsoft.NET.Sdk.targets(1184,5): message :       _GenerateSatelliteAssemblyInputs;
       C:\Program Files\dotnet\sdk\9.0.313\Sdks\Microsoft.NET.Sdk\targets\Microsoft.NET.Sdk.targets(1184,5): message :       ComputeIntermediateSatelliteAssemblies;
       C:\Program Files\dotnet\sdk\9.0.313\Sdks\Microsoft.NET.Sdk\targets\Microsoft.NET.Sdk.targets(1184,5): message :       GenerateSatelliteAssemblies
       C:\Program Files\dotnet\sdk\9.0.313\Sdks\Microsoft.NET.Sdk\targets\Microsoft.NET.Sdk.targets(1184,5): message :     ;
       C:\Program Files\dotnet\sdk\9.0.313\Sdks\Microsoft.NET.Sdk\targets\Microsoft.NET.Sdk.targets(1184,5): message :       CoreGenerateSatelliteAssemblies
       C:\Program Files\dotnet\sdk\9.0.313\Sdks\Microsoft.NET.Sdk\targets\Microsoft.NET.Sdk.targets(1184,5): message :     " (previous value: "
       C:\Program Files\dotnet\sdk\9.0.313\Sdks\Microsoft.NET.Sdk\targets\Microsoft.NET.Sdk.targets(1184,5): message :       ;
       C:\Program Files\dotnet\sdk\9.0.313\Sdks\Microsoft.NET.Sdk\targets\Microsoft.NET.Sdk.targets(1184,5): message :       _GenerateSatelliteAssemblyInputs;
       C:\Program Files\dotnet\sdk\9.0.313\Sdks\Microsoft.NET.Sdk\targets\Microsoft.NET.Sdk.targets(1184,5): message :       ComputeIntermediateSatelliteAssemblies;
       C:\Program Files\dotnet\sdk\9.0.313\Sdks\Microsoft.NET.Sdk\targets\Microsoft.NET.Sdk.targets(1184,5): message :       GenerateSatelliteAssemblies
       C:\Program Files\dotnet\sdk\9.0.313\Sdks\Microsoft.NET.Sdk\targets\Microsoft.NET.Sdk.targets(1184,5): message :     ") at C:\Program Files\dotnet\sdk\9.0.313\Sdks\Microsoft.NET.Sdk\targets\Microsoft.NET.Sdk.targets (1184,5)
       C:\Program Files\dotnet\sdk\9.0.313\Sdks\Microsoft.SourceLink.GitLab\build\Microsoft.SourceLink.GitLab.targets(12,5): message : Property reassignment: $(SourceLinkUrlInitializerTargets)=";_InitializeGitHubSourceLinkUrl;_InitializeGitLabSourceLinkUrl" (previous value: ";_InitializeGitHubSourceLinkUrl") at C:\Program Files\dotnet\sdk\9.0.313\Sdks\Microsoft.SourceLink.GitLab\build\Microsoft.SourceLink.GitLab.targets (12,5)
       C:\Program Files\dotnet\sdk\9.0.313\Sdks\Microsoft.SourceLink.GitLab\build\Microsoft.SourceLink.GitLab.targets(13,5): message : Property reassignment: $(SourceControlManagerUrlTranslationTargets)=";TranslateGitHubUrlsInSourceControlInformation;TranslateGitLabUrlsInSourceControlInformation" (previous value: ";TranslateGitHubUrlsInSourceControlInformation") at C:\Program Files\dotnet\sdk\9.0.313\Sdks\Microsoft.SourceLink.GitLab\build\Microsoft.SourceLink.GitLab.targets (13,5)
       C:\Program Files\dotnet\sdk\9.0.313\Sdks\Microsoft.SourceLink.AzureRepos.Git\build\Microsoft.SourceLink.AzureRepos.Git.targets(12,5): message : Property reassignment: $(SourceLinkUrlInitializerTargets)=";_InitializeGitHubSourceLinkUrl;_InitializeGitLabSourceLinkUrl;_InitializeAzureReposGitSourceLinkUrl" (previous value: ";_InitializeGitHubSourceLinkUrl;_InitializeGitLabSourceLinkUrl") at C:\Program Files\dotnet\sdk\9.0.313\Sdks\Microsoft.SourceLink.AzureRepos.Git\build\Microsoft.SourceLink.AzureRepos.Git.targets (12,5)
       C:\Program Files\dotnet\sdk\9.0.313\Sdks\Microsoft.SourceLink.AzureRepos.Git\build\Microsoft.SourceLink.AzureRepos.Git.targets(13,5): message : Property reassignment: $(SourceControlManagerUrlTranslationTargets)=";TranslateGitHubUrlsInSourceControlInformation;TranslateGitLabUrlsInSourceControlInformation;TranslateAzureReposGitUrlsInSourceControlInformation" (previous value: ";TranslateGitHubUrlsInSourceControlInformation;TranslateGitLabUrlsInSourceControlInformation") at C:\Program Files\dotnet\sdk\9.0.313\Sdks\Microsoft.SourceLink.AzureRepos.Git\build\Microsoft.SourceLink.AzureRepos.Git.targets (13,5)
       C:\Program Files\dotnet\sdk\9.0.313\Sdks\Microsoft.SourceLink.Bitbucket.Git\build\Microsoft.SourceLink.Bitbucket.Git.targets(12,5): message : Property reassignment: $(SourceLinkUrlInitializerTargets)=";_InitializeGitHubSourceLinkUrl;_InitializeGitLabSourceLinkUrl;_InitializeAzureReposGitSourceLinkUrl;_InitializeBitbucketGitSourceLinkUrl" (previous value: ";_InitializeGitHubSourceLinkUrl;_InitializeGitLabSourceLinkUrl;_InitializeAzureReposGitSourceLinkUrl") at C:\Program Files\dotnet\sdk\9.0.313\Sdks\Microsoft.SourceLink.Bitbucket.Git\build\Microsoft.SourceLink.Bitbucket.Git.targets (12,5)
       C:\Program Files\dotnet\sdk\9.0.313\Sdks\Microsoft.SourceLink.Bitbucket.Git\build\Microsoft.SourceLink.Bitbucket.Git.targets(13,5): message : Property reassignment: $(SourceControlManagerUrlTranslationTargets)=";TranslateGitHubUrlsInSourceControlInformation;TranslateGitLabUrlsInSourceControlInformation;TranslateAzureReposGitUrlsInSourceControlInformation;TranslateBitbucketGitUrlsInSourceControlInformation" (previous value: ";TranslateGitHubUrlsInSourceControlInformation;TranslateGitLabUrlsInSourceControlInformation;TranslateAzureReposGitUrlsInSourceControlInformation") at C:\Program Files\dotnet\sdk\9.0.313\Sdks\Microsoft.SourceLink.Bitbucket.Git\build\Microsoft.SourceLink.Bitbucket.Git.targets (13,5)
       C:\Program Files\dotnet\sdk\9.0.313\Sdks\Microsoft.NET.Sdk\targets\Microsoft.NET.DesignerSupport.targets(21,5): message : Property reassignment: $(DesignerRuntimeImplementationProjectOutputGroupDependsOn)="
       C:\Program Files\dotnet\sdk\9.0.313\Sdks\Microsoft.NET.Sdk\targets\Microsoft.NET.DesignerSupport.targets(21,5): message :       
       C:\Program Files\dotnet\sdk\9.0.313\Sdks\Microsoft.NET.Sdk\targets\Microsoft.NET.DesignerSupport.targets(21,5): message :       ;
       C:\Program Files\dotnet\sdk\9.0.313\Sdks\Microsoft.NET.Sdk\targets\Microsoft.NET.DesignerSupport.targets(21,5): message :       
       C:\Program Files\dotnet\sdk\9.0.313\Sdks\Microsoft.NET.Sdk\targets\Microsoft.NET.DesignerSupport.targets(21,5): message :       ;
       C:\Program Files\dotnet\sdk\9.0.313\Sdks\Microsoft.NET.Sdk\targets\Microsoft.NET.DesignerSupport.targets(21,5): message :       BuildOnlySettings;
       C:\Program Files\dotnet\sdk\9.0.313\Sdks\Microsoft.NET.Sdk\targets\Microsoft.NET.DesignerSupport.targets(21,5): message :       PrepareForBuild;
       C:\Program Files\dotnet\sdk\9.0.313\Sdks\Microsoft.NET.Sdk\targets\Microsoft.NET.DesignerSupport.targets(21,5): message :       AssignTargetPaths;
       C:\Program Files\dotnet\sdk\9.0.313\Sdks\Microsoft.NET.Sdk\targets\Microsoft.NET.DesignerSupport.targets(21,5): message :       ResolveReferences
       C:\Program Files\dotnet\sdk\9.0.313\Sdks\Microsoft.NET.Sdk\targets\Microsoft.NET.DesignerSupport.targets(21,5): message :     
       C:\Program Files\dotnet\sdk\9.0.313\Sdks\Microsoft.NET.Sdk\targets\Microsoft.NET.DesignerSupport.targets(21,5): message :     ;
       C:\Program Files\dotnet\sdk\9.0.313\Sdks\Microsoft.NET.Sdk\targets\Microsoft.NET.DesignerSupport.targets(21,5): message :       _GenerateDesignerDepsFile;
       C:\Program Files\dotnet\sdk\9.0.313\Sdks\Microsoft.NET.Sdk\targets\Microsoft.NET.DesignerSupport.targets(21,5): message :       _GenerateDesignerRuntimeConfigFile;
       C:\Program Files\dotnet\sdk\9.0.313\Sdks\Microsoft.NET.Sdk\targets\Microsoft.NET.DesignerSupport.targets(21,5): message :       GetCopyToOutputDirectoryItems;
       C:\Program Files\dotnet\sdk\9.0.313\Sdks\Microsoft.NET.Sdk\targets\Microsoft.NET.DesignerSupport.targets(21,5): message :       _GatherDesignerShadowCopyFiles;
       C:\Program Files\dotnet\sdk\9.0.313\Sdks\Microsoft.NET.Sdk\targets\Microsoft.NET.DesignerSupport.targets(21,5): message :     " (previous value: "
       C:\Program Files\dotnet\sdk\9.0.313\Sdks\Microsoft.NET.Sdk\targets\Microsoft.NET.DesignerSupport.targets(21,5): message :       ;
       C:\Program Files\dotnet\sdk\9.0.313\Sdks\Microsoft.NET.Sdk\targets\Microsoft.NET.DesignerSupport.targets(21,5): message :       
       C:\Program Files\dotnet\sdk\9.0.313\Sdks\Microsoft.NET.Sdk\targets\Microsoft.NET.DesignerSupport.targets(21,5): message :       ;
       C:\Program Files\dotnet\sdk\9.0.313\Sdks\Microsoft.NET.Sdk\targets\Microsoft.NET.DesignerSupport.targets(21,5): message :       BuildOnlySettings;
       C:\Program Files\dotnet\sdk\9.0.313\Sdks\Microsoft.NET.Sdk\targets\Microsoft.NET.DesignerSupport.targets(21,5): message :       PrepareForBuild;
       C:\Program Files\dotnet\sdk\9.0.313\Sdks\Microsoft.NET.Sdk\targets\Microsoft.NET.DesignerSupport.targets(21,5): message :       AssignTargetPaths;
       C:\Program Files\dotnet\sdk\9.0.313\Sdks\Microsoft.NET.Sdk\targets\Microsoft.NET.DesignerSupport.targets(21,5): message :       ResolveReferences
       C:\Program Files\dotnet\sdk\9.0.313\Sdks\Microsoft.NET.Sdk\targets\Microsoft.NET.DesignerSupport.targets(21,5): message :     
       C:\Program Files\dotnet\sdk\9.0.313\Sdks\Microsoft.NET.Sdk\targets\Microsoft.NET.DesignerSupport.targets(21,5): message :     ") at C:\Program Files\dotnet\sdk\9.0.313\Sdks\Microsoft.NET.Sdk\targets\Microsoft.NET.DesignerSupport.targets (21,5)
       Assembly loaded during Evaluation: System.Collections.NonGeneric, Version=9.0.0.0, Culture=neutral, PublicKeyToken=b03f5f7f11d50a3a (location: C:\Program Files\dotnet\shared\Microsoft.NETCore.App\9.0.15\System.Collections.NonGeneric.dll, MVID: 1fd016ae-5071-4719-b616-97a409d21ff7, AssemblyLoadContext: Default)
       C:\Program Files\dotnet\sdk\9.0.313\Sdks\Microsoft.NET.Sdk\targets\Microsoft.NET.PackTool.targets(68,5): message : Property reassignment: $(_GenerateToolsSettingsFileCacheFile)="C:\Projects\QuickStockApi\QuickStock\obj\Debug\net8.0\QuickStock.toolssettingsinput.cache" (previous value: "obj\Debug\net8.0\QuickStock.toolssettingsinput.cache") at C:\Program Files\dotnet\sdk\9.0.313\Sdks\Microsoft.NET.Sdk\targets\Microsoft.NET.PackTool.targets (68,5)
       C:\Program Files\dotnet\sdk\9.0.313\Sdks\Microsoft.NET.Sdk\targets\Microsoft.NET.PackTool.targets(137,5): message : Property reassignment: $(_ShimInputCacheFile)="C:\Projects\QuickStockApi\QuickStock\obj\Debug\net8.0\QuickStock.shiminput.cache" (previous value: "obj\Debug\net8.0\QuickStock.shiminput.cache") at C:\Program Files\dotnet\sdk\9.0.313\Sdks\Microsoft.NET.Sdk\targets\Microsoft.NET.PackTool.targets (137,5)
       C:\Program Files\dotnet\sdk\9.0.313\Sdks\Microsoft.NET.Sdk\targets\Microsoft.NET.PackTool.targets(139,5): message : Property reassignment: $(_ShimCreatedSentinelFile)="C:\Projects\QuickStockApi\QuickStock\obj\Debug\net8.0\QuickStock.shimcreated.sentinel" (previous value: "obj\Debug\net8.0\QuickStock.shimcreated.sentinel") at C:\Program Files\dotnet\sdk\9.0.313\Sdks\Microsoft.NET.Sdk\targets\Microsoft.NET.PackTool.targets (139,5)
       C:\Program Files\dotnet\sdk\9.0.313\Sdks\Microsoft.NET.Sdk\targets\Microsoft.NET.Sdk.CSharp.targets(31,5): message : Property reassignment: $(DefineConstants)="TRACE;DEBUG" (previous value: "TRACE") at C:\Program Files\dotnet\sdk\9.0.313\Sdks\Microsoft.NET.Sdk\targets\Microsoft.NET.Sdk.CSharp.targets (31,5)
       C:\Program Files\dotnet\sdk\9.0.313\Sdks\Microsoft.NET.Sdk\targets\Microsoft.NET.Sdk.CSharp.targets(34,5): message : Property reassignment: $(DefineConstants)="TRACE;DEBUG;NET;NET8_0;NETCOREAPP" (previous value: "TRACE;DEBUG") at C:\Program Files\dotnet\sdk\9.0.313\Sdks\Microsoft.NET.Sdk\targets\Microsoft.NET.Sdk.CSharp.targets (34,5)
       C:\Program Files\dotnet\sdk\9.0.313\Sdks\Microsoft.NET.Sdk\targets\Microsoft.NET.Sdk.CSharp.targets(48,5): message : Property reassignment: $(WarningsAsErrors)=";NU1605;SYSLIB0011" (previous value: ";NU1605") at C:\Program Files\dotnet\sdk\9.0.313\Sdks\Microsoft.NET.Sdk\targets\Microsoft.NET.Sdk.CSharp.targets (48,5)
       C:\Program Files\dotnet\sdk\9.0.313\Sdks\NuGet.Build.Tasks.Pack\build\NuGet.Build.Tasks.Pack.targets(34,5): message : Property reassignment: $(PackageDescription)="Package Description" (previous value: "") at C:\Program Files\dotnet\sdk\9.0.313\Sdks\NuGet.Build.Tasks.Pack\build\NuGet.Build.Tasks.Pack.targets (34,5)
       C:\Program Files\dotnet\sdk\9.0.313\Sdks\NuGet.Build.Tasks.Pack\build\NuGet.Build.Tasks.Pack.targets(59,5): message : Property reassignment: $(GenerateNuspecDependsOn)="Build;_LoadPackInputItems; _GetTargetFrameworksOutput; _WalkEachTargetPerFramework; _GetPackageFiles; " (previous value: "_LoadPackInputItems; _GetTargetFrameworksOutput; _WalkEachTargetPerFramework; _GetPackageFiles; ") at C:\Program Files\dotnet\sdk\9.0.313\Sdks\NuGet.Build.Tasks.Pack\build\NuGet.Build.Tasks.Pack.targets (59,5)
       C:\Program Files\dotnet\sdk\9.0.313\Sdks\Microsoft.NET.Sdk\Sdk\Sdk.targets(60,5): message : Property reassignment: $(_IsNotSetContainersTargetsDir)="true" (previous value: "false") at C:\Program Files\dotnet\sdk\9.0.313\Sdks\Microsoft.NET.Sdk\Sdk\Sdk.targets (60,5)
       C:\Program Files\dotnet\sdk\9.0.313\Containers\build\Microsoft.NET.Build.Containers.targets(5,5): message : Property reassignment: $(_IsSDKContainerAllowedVersion)="true" (previous value: "false") at C:\Program Files\dotnet\sdk\9.0.313\Containers\build\Microsoft.NET.Build.Containers.targets (5,5)
       C:\Program Files\dotnet\sdk\9.0.313\Containers\build\Microsoft.NET.Build.Containers.targets(15,5): message : Property reassignment: $(_ContainerIsTargetingNet8TFM)="true" (previous value: "false") at C:\Program Files\dotnet\sdk\9.0.313\Containers\build\Microsoft.NET.Build.Containers.targets (15,5)
       C:\Program Files\dotnet\sdk\9.0.313\Sdks\Microsoft.NET.Sdk.StaticWebAssets\targets\Sdk.StaticWebAssets.CurrentVersion.targets(37,18): message : Property 'DOTNET_HOST_PATH' with value 'C:\Program Files\dotnet\dotnet.exe' expanded from the environment.
       C:\Program Files\dotnet\sdk\9.0.313\Sdks\Microsoft.NET.Sdk.StaticWebAssets\targets\Microsoft.NET.Sdk.StaticWebAssets.targets(286,5): message : Property reassignment: $(PrepareForRunDependsOn)="StaticWebAssetsPrepareForRun;
       C:\Program Files\dotnet\sdk\9.0.313\Sdks\Microsoft.NET.Sdk.StaticWebAssets\targets\Microsoft.NET.Sdk.StaticWebAssets.targets(286,5): message :       CopyFilesToOutputDirectory
       C:\Program Files\dotnet\sdk\9.0.313\Sdks\Microsoft.NET.Sdk.StaticWebAssets\targets\Microsoft.NET.Sdk.StaticWebAssets.targets(286,5): message :     " (previous value: "
       C:\Program Files\dotnet\sdk\9.0.313\Sdks\Microsoft.NET.Sdk.StaticWebAssets\targets\Microsoft.NET.Sdk.StaticWebAssets.targets(286,5): message :       CopyFilesToOutputDirectory
       C:\Program Files\dotnet\sdk\9.0.313\Sdks\Microsoft.NET.Sdk.StaticWebAssets\targets\Microsoft.NET.Sdk.StaticWebAssets.targets(286,5): message :     ") at C:\Program Files\dotnet\sdk\9.0.313\Sdks\Microsoft.NET.Sdk.StaticWebAssets\targets\Microsoft.NET.Sdk.StaticWebAssets.targets (286,5)
       C:\Program Files\dotnet\sdk\9.0.313\Sdks\Microsoft.NET.Sdk.StaticWebAssets\targets\Microsoft.NET.Sdk.StaticWebAssets.targets(323,5): message : Property reassignment: $(GetCopyToOutputDirectoryItemsDependsOn)="
       C:\Program Files\dotnet\sdk\9.0.313\Sdks\Microsoft.NET.Sdk.StaticWebAssets\targets\Microsoft.NET.Sdk.StaticWebAssets.targets(323,5): message :       AssignTargetPaths;
       C:\Program Files\dotnet\sdk\9.0.313\Sdks\Microsoft.NET.Sdk.StaticWebAssets\targets\Microsoft.NET.Sdk.StaticWebAssets.targets(323,5): message :       
       C:\Program Files\dotnet\sdk\9.0.313\Sdks\Microsoft.NET.Sdk.StaticWebAssets\targets\Microsoft.NET.Sdk.StaticWebAssets.targets(323,5): message :       AssignProjectConfiguration;
       C:\Program Files\dotnet\sdk\9.0.313\Sdks\Microsoft.NET.Sdk.StaticWebAssets\targets\Microsoft.NET.Sdk.StaticWebAssets.targets(323,5): message :       _SplitProjectReferencesByFileExistence
       C:\Program Files\dotnet\sdk\9.0.313\Sdks\Microsoft.NET.Sdk.StaticWebAssets\targets\Microsoft.NET.Sdk.StaticWebAssets.targets(323,5): message :     ;
       C:\Program Files\dotnet\sdk\9.0.313\Sdks\Microsoft.NET.Sdk.StaticWebAssets\targets\Microsoft.NET.Sdk.StaticWebAssets.targets(323,5): message :       _GetProjectReferenceTargetFrameworkProperties;
       C:\Program Files\dotnet\sdk\9.0.313\Sdks\Microsoft.NET.Sdk.StaticWebAssets\targets\Microsoft.NET.Sdk.StaticWebAssets.targets(323,5): message :       _PopulateCommonStateForGetCopyToOutputDirectoryItems
       C:\Program Files\dotnet\sdk\9.0.313\Sdks\Microsoft.NET.Sdk.StaticWebAssets\targets\Microsoft.NET.Sdk.StaticWebAssets.targets(323,5): message :     ;AddStaticWebAssetsManifest;AddStaticWebAssetEndpointsBuildManifest" (previous value: "
       C:\Program Files\dotnet\sdk\9.0.313\Sdks\Microsoft.NET.Sdk.StaticWebAssets\targets\Microsoft.NET.Sdk.StaticWebAssets.targets(323,5): message :       AssignTargetPaths;
       C:\Program Files\dotnet\sdk\9.0.313\Sdks\Microsoft.NET.Sdk.StaticWebAssets\targets\Microsoft.NET.Sdk.StaticWebAssets.targets(323,5): message :       
       C:\Program Files\dotnet\sdk\9.0.313\Sdks\Microsoft.NET.Sdk.StaticWebAssets\targets\Microsoft.NET.Sdk.StaticWebAssets.targets(323,5): message :       AssignProjectConfiguration;
       C:\Program Files\dotnet\sdk\9.0.313\Sdks\Microsoft.NET.Sdk.StaticWebAssets\targets\Microsoft.NET.Sdk.StaticWebAssets.targets(323,5): message :       _SplitProjectReferencesByFileExistence
       C:\Program Files\dotnet\sdk\9.0.313\Sdks\Microsoft.NET.Sdk.StaticWebAssets\targets\Microsoft.NET.Sdk.StaticWebAssets.targets(323,5): message :     ;
       C:\Program Files\dotnet\sdk\9.0.313\Sdks\Microsoft.NET.Sdk.StaticWebAssets\targets\Microsoft.NET.Sdk.StaticWebAssets.targets(323,5): message :       _GetProjectReferenceTargetFrameworkProperties;
       C:\Program Files\dotnet\sdk\9.0.313\Sdks\Microsoft.NET.Sdk.StaticWebAssets\targets\Microsoft.NET.Sdk.StaticWebAssets.targets(323,5): message :       _PopulateCommonStateForGetCopyToOutputDirectoryItems
       C:\Program Files\dotnet\sdk\9.0.313\Sdks\Microsoft.NET.Sdk.StaticWebAssets\targets\Microsoft.NET.Sdk.StaticWebAssets.targets(323,5): message :     ") at C:\Program Files\dotnet\sdk\9.0.313\Sdks\Microsoft.NET.Sdk.StaticWebAssets\targets\Microsoft.NET.Sdk.StaticWebAssets.targets (323,5)
       C:\Program Files\dotnet\sdk\9.0.313\Sdks\Microsoft.NET.Sdk.StaticWebAssets\targets\Microsoft.NET.Sdk.StaticWebAssets.Pack.targets(46,5): message : Property reassignment: $(GenerateNuspecDependsOn)="
       C:\Program Files\dotnet\sdk\9.0.313\Sdks\Microsoft.NET.Sdk.StaticWebAssets\targets\Microsoft.NET.Sdk.StaticWebAssets.Pack.targets(46,5): message :       IncludeStaticWebAssetsPackItems;
       C:\Program Files\dotnet\sdk\9.0.313\Sdks\Microsoft.NET.Sdk.StaticWebAssets\targets\Microsoft.NET.Sdk.StaticWebAssets.Pack.targets(46,5): message :       Build;_LoadPackInputItems; _GetTargetFrameworksOutput; _WalkEachTargetPerFramework; _GetPackageFiles; ;
       C:\Program Files\dotnet\sdk\9.0.313\Sdks\Microsoft.NET.Sdk.StaticWebAssets\targets\Microsoft.NET.Sdk.StaticWebAssets.Pack.targets(46,5): message :     " (previous value: "Build;_LoadPackInputItems; _GetTargetFrameworksOutput; _WalkEachTargetPerFramework; _GetPackageFiles; ") at C:\Program Files\dotnet\sdk\9.0.313\Sdks\Microsoft.NET.Sdk.StaticWebAssets\targets\Microsoft.NET.Sdk.StaticWebAssets.Pack.targets (46,5)
       C:\Program Files\dotnet\sdk\9.0.313\Sdks\Microsoft.NET.Sdk.StaticWebAssets\targets\Microsoft.NET.Sdk.StaticWebAssets.Pack.targets(55,5): message : Property reassignment: $(IncludeStaticWebAssetsPackItemsDependsOn)="
       C:\Program Files\dotnet\sdk\9.0.313\Sdks\Microsoft.NET.Sdk.StaticWebAssets\targets\Microsoft.NET.Sdk.StaticWebAssets.Pack.targets(55,5): message :       Build;
       C:\Program Files\dotnet\sdk\9.0.313\Sdks\Microsoft.NET.Sdk.StaticWebAssets\targets\Microsoft.NET.Sdk.StaticWebAssets.Pack.targets(55,5): message :       ResolveStaticWebAssetsConfiguration;LoadStaticWebAssetsBuildManifest
       C:\Program Files\dotnet\sdk\9.0.313\Sdks\Microsoft.NET.Sdk.StaticWebAssets\targets\Microsoft.NET.Sdk.StaticWebAssets.Pack.targets(55,5): message :     ;
       C:\Program Files\dotnet\sdk\9.0.313\Sdks\Microsoft.NET.Sdk.StaticWebAssets\targets\Microsoft.NET.Sdk.StaticWebAssets.Pack.targets(55,5): message :     " (previous value: "
       C:\Program Files\dotnet\sdk\9.0.313\Sdks\Microsoft.NET.Sdk.StaticWebAssets\targets\Microsoft.NET.Sdk.StaticWebAssets.Pack.targets(55,5): message :       ResolveStaticWebAssetsConfiguration;LoadStaticWebAssetsBuildManifest
       C:\Program Files\dotnet\sdk\9.0.313\Sdks\Microsoft.NET.Sdk.StaticWebAssets\targets\Microsoft.NET.Sdk.StaticWebAssets.Pack.targets(55,5): message :     ") at C:\Program Files\dotnet\sdk\9.0.313\Sdks\Microsoft.NET.Sdk.StaticWebAssets\targets\Microsoft.NET.Sdk.StaticWebAssets.Pack.targets (55,5)
       C:\Program Files\dotnet\sdk\9.0.313\Sdks\Microsoft.NET.Sdk.StaticWebAssets\targets\Microsoft.NET.Sdk.StaticWebAssets.ScopedCss.targets(55,3): message : Property reassignment: $(ResolveStaticWebAssetsInputsDependsOn)="
       C:\Program Files\dotnet\sdk\9.0.313\Sdks\Microsoft.NET.Sdk.StaticWebAssets\targets\Microsoft.NET.Sdk.StaticWebAssets.ScopedCss.targets(55,3): message :     
       C:\Program Files\dotnet\sdk\9.0.313\Sdks\Microsoft.NET.Sdk.StaticWebAssets\targets\Microsoft.NET.Sdk.StaticWebAssets.ScopedCss.targets(55,3): message :       ResolveCoreStaticWebAssets;
       C:\Program Files\dotnet\sdk\9.0.313\Sdks\Microsoft.NET.Sdk.StaticWebAssets\targets\Microsoft.NET.Sdk.StaticWebAssets.ScopedCss.targets(55,3): message :       GenerateComputedBuildStaticWebAssets;
       C:\Program Files\dotnet\sdk\9.0.313\Sdks\Microsoft.NET.Sdk.StaticWebAssets\targets\Microsoft.NET.Sdk.StaticWebAssets.ScopedCss.targets(55,3): message :       
       C:\Program Files\dotnet\sdk\9.0.313\Sdks\Microsoft.NET.Sdk.StaticWebAssets\targets\Microsoft.NET.Sdk.StaticWebAssets.ScopedCss.targets(55,3): message :     ;
       C:\Program Files\dotnet\sdk\9.0.313\Sdks\Microsoft.NET.Sdk.StaticWebAssets\targets\Microsoft.NET.Sdk.StaticWebAssets.ScopedCss.targets(55,3): message :     ResolveScopedCssAssets;
       C:\Program Files\dotnet\sdk\9.0.313\Sdks\Microsoft.NET.Sdk.StaticWebAssets\targets\Microsoft.NET.Sdk.StaticWebAssets.ScopedCss.targets(55,3): message :   " (previous value: "
       C:\Program Files\dotnet\sdk\9.0.313\Sdks\Microsoft.NET.Sdk.StaticWebAssets\targets\Microsoft.NET.Sdk.StaticWebAssets.ScopedCss.targets(55,3): message :       ResolveCoreStaticWebAssets;
       C:\Program Files\dotnet\sdk\9.0.313\Sdks\Microsoft.NET.Sdk.StaticWebAssets\targets\Microsoft.NET.Sdk.StaticWebAssets.ScopedCss.targets(55,3): message :       GenerateComputedBuildStaticWebAssets;
       C:\Program Files\dotnet\sdk\9.0.313\Sdks\Microsoft.NET.Sdk.StaticWebAssets\targets\Microsoft.NET.Sdk.StaticWebAssets.ScopedCss.targets(55,3): message :       
       C:\Program Files\dotnet\sdk\9.0.313\Sdks\Microsoft.NET.Sdk.StaticWebAssets\targets\Microsoft.NET.Sdk.StaticWebAssets.ScopedCss.targets(55,3): message :     ") at C:\Program Files\dotnet\sdk\9.0.313\Sdks\Microsoft.NET.Sdk.StaticWebAssets\targets\Microsoft.NET.Sdk.StaticWebAssets.ScopedCss.targets (55,3)
       C:\Program Files\dotnet\sdk\9.0.313\Sdks\Microsoft.NET.Sdk.StaticWebAssets\targets\Microsoft.NET.Sdk.StaticWebAssets.ScopedCss.targets(88,3): message : Property reassignment: $(GenerateComputedBuildStaticWebAssetsDependsOn)="
       C:\Program Files\dotnet\sdk\9.0.313\Sdks\Microsoft.NET.Sdk.StaticWebAssets\targets\Microsoft.NET.Sdk.StaticWebAssets.ScopedCss.targets(88,3): message :     ResolveCoreStaticWebAssets;;
       C:\Program Files\dotnet\sdk\9.0.313\Sdks\Microsoft.NET.Sdk.StaticWebAssets\targets\Microsoft.NET.Sdk.StaticWebAssets.ScopedCss.targets(88,3): message :     BundleScopedCssFiles;
       C:\Program Files\dotnet\sdk\9.0.313\Sdks\Microsoft.NET.Sdk.StaticWebAssets\targets\Microsoft.NET.Sdk.StaticWebAssets.ScopedCss.targets(88,3): message :   " (previous value: "ResolveCoreStaticWebAssets;") at C:\Program Files\dotnet\sdk\9.0.313\Sdks\Microsoft.NET.Sdk.StaticWebAssets\targets\Microsoft.NET.Sdk.StaticWebAssets.ScopedCss.targets (88,3)
       C:\Program Files\dotnet\sdk\9.0.313\Sdks\Microsoft.NET.Sdk.StaticWebAssets\targets\Microsoft.NET.Sdk.StaticWebAssets.JSModules.targets(37,5): message : Property reassignment: $(ResolveCoreStaticWebAssetsDependsOn)="
       C:\Program Files\dotnet\sdk\9.0.313\Sdks\Microsoft.NET.Sdk.StaticWebAssets\targets\Microsoft.NET.Sdk.StaticWebAssets.JSModules.targets(37,5): message :       
       C:\Program Files\dotnet\sdk\9.0.313\Sdks\Microsoft.NET.Sdk.StaticWebAssets\targets\Microsoft.NET.Sdk.StaticWebAssets.JSModules.targets(37,5): message :       UpdateExistingPackageStaticWebAssets;
       C:\Program Files\dotnet\sdk\9.0.313\Sdks\Microsoft.NET.Sdk.StaticWebAssets\targets\Microsoft.NET.Sdk.StaticWebAssets.JSModules.targets(37,5): message :       ResolveProjectStaticWebAssets;
       C:\Program Files\dotnet\sdk\9.0.313\Sdks\Microsoft.NET.Sdk.StaticWebAssets\targets\Microsoft.NET.Sdk.StaticWebAssets.JSModules.targets(37,5): message :       ResolveEmbeddedProjectsStaticWebAssets;
       C:\Program Files\dotnet\sdk\9.0.313\Sdks\Microsoft.NET.Sdk.StaticWebAssets\targets\Microsoft.NET.Sdk.StaticWebAssets.JSModules.targets(37,5): message :       ResolveReferencedProjectsStaticWebAssets;
       C:\Program Files\dotnet\sdk\9.0.313\Sdks\Microsoft.NET.Sdk.StaticWebAssets\targets\Microsoft.NET.Sdk.StaticWebAssets.JSModules.targets(37,5): message :       ;
       C:\Program Files\dotnet\sdk\9.0.313\Sdks\Microsoft.NET.Sdk.StaticWebAssets\targets\Microsoft.NET.Sdk.StaticWebAssets.JSModules.targets(37,5): message :     ;
       C:\Program Files\dotnet\sdk\9.0.313\Sdks\Microsoft.NET.Sdk.StaticWebAssets\targets\Microsoft.NET.Sdk.StaticWebAssets.JSModules.targets(37,5): message :       ResolveJsInitializerModuleStaticWebAssets;
       C:\Program Files\dotnet\sdk\9.0.313\Sdks\Microsoft.NET.Sdk.StaticWebAssets\targets\Microsoft.NET.Sdk.StaticWebAssets.JSModules.targets(37,5): message :     " (previous value: "
       C:\Program Files\dotnet\sdk\9.0.313\Sdks\Microsoft.NET.Sdk.StaticWebAssets\targets\Microsoft.NET.Sdk.StaticWebAssets.JSModules.targets(37,5): message :       UpdateExistingPackageStaticWebAssets;
       C:\Program Files\dotnet\sdk\9.0.313\Sdks\Microsoft.NET.Sdk.StaticWebAssets\targets\Microsoft.NET.Sdk.StaticWebAssets.JSModules.targets(37,5): message :       ResolveProjectStaticWebAssets;
       C:\Program Files\dotnet\sdk\9.0.313\Sdks\Microsoft.NET.Sdk.StaticWebAssets\targets\Microsoft.NET.Sdk.StaticWebAssets.JSModules.targets(37,5): message :       ResolveEmbeddedProjectsStaticWebAssets;
       C:\Program Files\dotnet\sdk\9.0.313\Sdks\Microsoft.NET.Sdk.StaticWebAssets\targets\Microsoft.NET.Sdk.StaticWebAssets.JSModules.targets(37,5): message :       ResolveReferencedProjectsStaticWebAssets;
       C:\Program Files\dotnet\sdk\9.0.313\Sdks\Microsoft.NET.Sdk.StaticWebAssets\targets\Microsoft.NET.Sdk.StaticWebAssets.JSModules.targets(37,5): message :       ;
       C:\Program Files\dotnet\sdk\9.0.313\Sdks\Microsoft.NET.Sdk.StaticWebAssets\targets\Microsoft.NET.Sdk.StaticWebAssets.JSModules.targets(37,5): message :     ") at C:\Program Files\dotnet\sdk\9.0.313\Sdks\Microsoft.NET.Sdk.StaticWebAssets\targets\Microsoft.NET.Sdk.StaticWebAssets.JSModules.targets (37,5)
       C:\Program Files\dotnet\sdk\9.0.313\Sdks\Microsoft.NET.Sdk.StaticWebAssets\targets\Microsoft.NET.Sdk.StaticWebAssets.JSModules.targets(42,5): message : Property reassignment: $(ResolveCoreStaticWebAssetsDependsOn)="
       C:\Program Files\dotnet\sdk\9.0.313\Sdks\Microsoft.NET.Sdk.StaticWebAssets\targets\Microsoft.NET.Sdk.StaticWebAssets.JSModules.targets(42,5): message :       
       C:\Program Files\dotnet\sdk\9.0.313\Sdks\Microsoft.NET.Sdk.StaticWebAssets\targets\Microsoft.NET.Sdk.StaticWebAssets.JSModules.targets(42,5): message :       
       C:\Program Files\dotnet\sdk\9.0.313\Sdks\Microsoft.NET.Sdk.StaticWebAssets\targets\Microsoft.NET.Sdk.StaticWebAssets.JSModules.targets(42,5): message :       UpdateExistingPackageStaticWebAssets;
       C:\Program Files\dotnet\sdk\9.0.313\Sdks\Microsoft.NET.Sdk.StaticWebAssets\targets\Microsoft.NET.Sdk.StaticWebAssets.JSModules.targets(42,5): message :       ResolveProjectStaticWebAssets;
       C:\Program Files\dotnet\sdk\9.0.313\Sdks\Microsoft.NET.Sdk.StaticWebAssets\targets\Microsoft.NET.Sdk.StaticWebAssets.JSModules.targets(42,5): message :       ResolveEmbeddedProjectsStaticWebAssets;
       C:\Program Files\dotnet\sdk\9.0.313\Sdks\Microsoft.NET.Sdk.StaticWebAssets\targets\Microsoft.NET.Sdk.StaticWebAssets.JSModules.targets(42,5): message :       ResolveReferencedProjectsStaticWebAssets;
       C:\Program Files\dotnet\sdk\9.0.313\Sdks\Microsoft.NET.Sdk.StaticWebAssets\targets\Microsoft.NET.Sdk.StaticWebAssets.JSModules.targets(42,5): message :       ;
       C:\Program Files\dotnet\sdk\9.0.313\Sdks\Microsoft.NET.Sdk.StaticWebAssets\targets\Microsoft.NET.Sdk.StaticWebAssets.JSModules.targets(42,5): message :     ;
       C:\Program Files\dotnet\sdk\9.0.313\Sdks\Microsoft.NET.Sdk.StaticWebAssets\targets\Microsoft.NET.Sdk.StaticWebAssets.JSModules.targets(42,5): message :       ResolveJsInitializerModuleStaticWebAssets;
       C:\Program Files\dotnet\sdk\9.0.313\Sdks\Microsoft.NET.Sdk.StaticWebAssets\targets\Microsoft.NET.Sdk.StaticWebAssets.JSModules.targets(42,5): message :     ;
       C:\Program Files\dotnet\sdk\9.0.313\Sdks\Microsoft.NET.Sdk.StaticWebAssets\targets\Microsoft.NET.Sdk.StaticWebAssets.JSModules.targets(42,5): message :       ResolveJSModuleStaticWebAssets;
       C:\Program Files\dotnet\sdk\9.0.313\Sdks\Microsoft.NET.Sdk.StaticWebAssets\targets\Microsoft.NET.Sdk.StaticWebAssets.JSModules.targets(42,5): message :     " (previous value: "
       C:\Program Files\dotnet\sdk\9.0.313\Sdks\Microsoft.NET.Sdk.StaticWebAssets\targets\Microsoft.NET.Sdk.StaticWebAssets.JSModules.targets(42,5): message :       
       C:\Program Files\dotnet\sdk\9.0.313\Sdks\Microsoft.NET.Sdk.StaticWebAssets\targets\Microsoft.NET.Sdk.StaticWebAssets.JSModules.targets(42,5): message :       UpdateExistingPackageStaticWebAssets;
       C:\Program Files\dotnet\sdk\9.0.313\Sdks\Microsoft.NET.Sdk.StaticWebAssets\targets\Microsoft.NET.Sdk.StaticWebAssets.JSModules.targets(42,5): message :       ResolveProjectStaticWebAssets;
       C:\Program Files\dotnet\sdk\9.0.313\Sdks\Microsoft.NET.Sdk.StaticWebAssets\targets\Microsoft.NET.Sdk.StaticWebAssets.JSModules.targets(42,5): message :       ResolveEmbeddedProjectsStaticWebAssets;
       C:\Program Files\dotnet\sdk\9.0.313\Sdks\Microsoft.NET.Sdk.StaticWebAssets\targets\Microsoft.NET.Sdk.StaticWebAssets.JSModules.targets(42,5): message :       ResolveReferencedProjectsStaticWebAssets;
       C:\Program Files\dotnet\sdk\9.0.313\Sdks\Microsoft.NET.Sdk.StaticWebAssets\targets\Microsoft.NET.Sdk.StaticWebAssets.JSModules.targets(42,5): message :       ;
       C:\Program Files\dotnet\sdk\9.0.313\Sdks\Microsoft.NET.Sdk.StaticWebAssets\targets\Microsoft.NET.Sdk.StaticWebAssets.JSModules.targets(42,5): message :     ;
       C:\Program Files\dotnet\sdk\9.0.313\Sdks\Microsoft.NET.Sdk.StaticWebAssets\targets\Microsoft.NET.Sdk.StaticWebAssets.JSModules.targets(42,5): message :       ResolveJsInitializerModuleStaticWebAssets;
       C:\Program Files\dotnet\sdk\9.0.313\Sdks\Microsoft.NET.Sdk.StaticWebAssets\targets\Microsoft.NET.Sdk.StaticWebAssets.JSModules.targets(42,5): message :     ") at C:\Program Files\dotnet\sdk\9.0.313\Sdks\Microsoft.NET.Sdk.StaticWebAssets\targets\Microsoft.NET.Sdk.StaticWebAssets.JSModules.targets (42,5)
       C:\Program Files\dotnet\sdk\9.0.313\Sdks\Microsoft.NET.Sdk.StaticWebAssets\targets\Microsoft.NET.Sdk.StaticWebAssets.JSModules.targets(57,5): message : Property reassignment: $(ResolveStaticWebAssetsInputsDependsOn)="
       C:\Program Files\dotnet\sdk\9.0.313\Sdks\Microsoft.NET.Sdk.StaticWebAssets\targets\Microsoft.NET.Sdk.StaticWebAssets.JSModules.targets(57,5): message :       ResolveJSModuleManifestBuildStaticWebAssets;
       C:\Program Files\dotnet\sdk\9.0.313\Sdks\Microsoft.NET.Sdk.StaticWebAssets\targets\Microsoft.NET.Sdk.StaticWebAssets.JSModules.targets(57,5): message :       
       C:\Program Files\dotnet\sdk\9.0.313\Sdks\Microsoft.NET.Sdk.StaticWebAssets\targets\Microsoft.NET.Sdk.StaticWebAssets.JSModules.targets(57,5): message :     
       C:\Program Files\dotnet\sdk\9.0.313\Sdks\Microsoft.NET.Sdk.StaticWebAssets\targets\Microsoft.NET.Sdk.StaticWebAssets.JSModules.targets(57,5): message :       ResolveCoreStaticWebAssets;
       C:\Program Files\dotnet\sdk\9.0.313\Sdks\Microsoft.NET.Sdk.StaticWebAssets\targets\Microsoft.NET.Sdk.StaticWebAssets.JSModules.targets(57,5): message :       GenerateComputedBuildStaticWebAssets;
       C:\Program Files\dotnet\sdk\9.0.313\Sdks\Microsoft.NET.Sdk.StaticWebAssets\targets\Microsoft.NET.Sdk.StaticWebAssets.JSModules.targets(57,5): message :       
       C:\Program Files\dotnet\sdk\9.0.313\Sdks\Microsoft.NET.Sdk.StaticWebAssets\targets\Microsoft.NET.Sdk.StaticWebAssets.JSModules.targets(57,5): message :     ;
       C:\Program Files\dotnet\sdk\9.0.313\Sdks\Microsoft.NET.Sdk.StaticWebAssets\targets\Microsoft.NET.Sdk.StaticWebAssets.JSModules.targets(57,5): message :     ResolveScopedCssAssets;
       C:\Program Files\dotnet\sdk\9.0.313\Sdks\Microsoft.NET.Sdk.StaticWebAssets\targets\Microsoft.NET.Sdk.StaticWebAssets.JSModules.targets(57,5): message :   
       C:\Program Files\dotnet\sdk\9.0.313\Sdks\Microsoft.NET.Sdk.StaticWebAssets\targets\Microsoft.NET.Sdk.StaticWebAssets.JSModules.targets(57,5): message :     " (previous value: "
       C:\Program Files\dotnet\sdk\9.0.313\Sdks\Microsoft.NET.Sdk.StaticWebAssets\targets\Microsoft.NET.Sdk.StaticWebAssets.JSModules.targets(57,5): message :     
       C:\Program Files\dotnet\sdk\9.0.313\Sdks\Microsoft.NET.Sdk.StaticWebAssets\targets\Microsoft.NET.Sdk.StaticWebAssets.JSModules.targets(57,5): message :       ResolveCoreStaticWebAssets;
       C:\Program Files\dotnet\sdk\9.0.313\Sdks\Microsoft.NET.Sdk.StaticWebAssets\targets\Microsoft.NET.Sdk.StaticWebAssets.JSModules.targets(57,5): message :       GenerateComputedBuildStaticWebAssets;
       C:\Program Files\dotnet\sdk\9.0.313\Sdks\Microsoft.NET.Sdk.StaticWebAssets\targets\Microsoft.NET.Sdk.StaticWebAssets.JSModules.targets(57,5): message :       
       C:\Program Files\dotnet\sdk\9.0.313\Sdks\Microsoft.NET.Sdk.StaticWebAssets\targets\Microsoft.NET.Sdk.StaticWebAssets.JSModules.targets(57,5): message :     ;
       C:\Program Files\dotnet\sdk\9.0.313\Sdks\Microsoft.NET.Sdk.StaticWebAssets\targets\Microsoft.NET.Sdk.StaticWebAssets.JSModules.targets(57,5): message :     ResolveScopedCssAssets;
       C:\Program Files\dotnet\sdk\9.0.313\Sdks\Microsoft.NET.Sdk.StaticWebAssets\targets\Microsoft.NET.Sdk.StaticWebAssets.JSModules.targets(57,5): message :   ") at C:\Program Files\dotnet\sdk\9.0.313\Sdks\Microsoft.NET.Sdk.StaticWebAssets\targets\Microsoft.NET.Sdk.StaticWebAssets.JSModules.targets (57,5)
       C:\Program Files\dotnet\sdk\9.0.313\Sdks\Microsoft.NET.Sdk.StaticWebAssets\targets\Microsoft.NET.Sdk.StaticWebAssets.JSModules.targets(76,5): message : Property reassignment: $(ResolvePublishStaticWebAssetsDependsOn)="
       C:\Program Files\dotnet\sdk\9.0.313\Sdks\Microsoft.NET.Sdk.StaticWebAssets\targets\Microsoft.NET.Sdk.StaticWebAssets.JSModules.targets(76,5): message :       ResolveJSModuleManifestPublishStaticWebAssets;
       C:\Program Files\dotnet\sdk\9.0.313\Sdks\Microsoft.NET.Sdk.StaticWebAssets\targets\Microsoft.NET.Sdk.StaticWebAssets.JSModules.targets(76,5): message :       
       C:\Program Files\dotnet\sdk\9.0.313\Sdks\Microsoft.NET.Sdk.StaticWebAssets\targets\Microsoft.NET.Sdk.StaticWebAssets.JSModules.targets(76,5): message :       ResolveCorePublishStaticWebAssets;
       C:\Program Files\dotnet\sdk\9.0.313\Sdks\Microsoft.NET.Sdk.StaticWebAssets\targets\Microsoft.NET.Sdk.StaticWebAssets.JSModules.targets(76,5): message :       GenerateComputedPublishStaticWebAssets;
       C:\Program Files\dotnet\sdk\9.0.313\Sdks\Microsoft.NET.Sdk.StaticWebAssets\targets\Microsoft.NET.Sdk.StaticWebAssets.JSModules.targets(76,5): message :       ;
       C:\Program Files\dotnet\sdk\9.0.313\Sdks\Microsoft.NET.Sdk.StaticWebAssets\targets\Microsoft.NET.Sdk.StaticWebAssets.JSModules.targets(76,5): message :     
       C:\Program Files\dotnet\sdk\9.0.313\Sdks\Microsoft.NET.Sdk.StaticWebAssets\targets\Microsoft.NET.Sdk.StaticWebAssets.JSModules.targets(76,5): message :     " (previous value: "
       C:\Program Files\dotnet\sdk\9.0.313\Sdks\Microsoft.NET.Sdk.StaticWebAssets\targets\Microsoft.NET.Sdk.StaticWebAssets.JSModules.targets(76,5): message :       ResolveCorePublishStaticWebAssets;
       C:\Program Files\dotnet\sdk\9.0.313\Sdks\Microsoft.NET.Sdk.StaticWebAssets\targets\Microsoft.NET.Sdk.StaticWebAssets.JSModules.targets(76,5): message :       GenerateComputedPublishStaticWebAssets;
       C:\Program Files\dotnet\sdk\9.0.313\Sdks\Microsoft.NET.Sdk.StaticWebAssets\targets\Microsoft.NET.Sdk.StaticWebAssets.JSModules.targets(76,5): message :       ;
       C:\Program Files\dotnet\sdk\9.0.313\Sdks\Microsoft.NET.Sdk.StaticWebAssets\targets\Microsoft.NET.Sdk.StaticWebAssets.JSModules.targets(76,5): message :     ") at C:\Program Files\dotnet\sdk\9.0.313\Sdks\Microsoft.NET.Sdk.StaticWebAssets\targets\Microsoft.NET.Sdk.StaticWebAssets.JSModules.targets (76,5)
       C:\Program Files\dotnet\sdk\9.0.313\Sdks\Microsoft.NET.Sdk.StaticWebAssets\targets\Microsoft.NET.Sdk.StaticWebAssets.Compression.targets(179,5): message : Property reassignment: $(ResolveBuildRelatedStaticWebAssetsDependsOn)="
       C:\Program Files\dotnet\sdk\9.0.313\Sdks\Microsoft.NET.Sdk.StaticWebAssets\targets\Microsoft.NET.Sdk.StaticWebAssets.Compression.targets(179,5): message :       ResolveBuildCompressedStaticWebAssets;
       C:\Program Files\dotnet\sdk\9.0.313\Sdks\Microsoft.NET.Sdk.StaticWebAssets\targets\Microsoft.NET.Sdk.StaticWebAssets.Compression.targets(179,5): message :       
       C:\Program Files\dotnet\sdk\9.0.313\Sdks\Microsoft.NET.Sdk.StaticWebAssets\targets\Microsoft.NET.Sdk.StaticWebAssets.Compression.targets(179,5): message :       ResolveStaticWebAssetsInputs;
       C:\Program Files\dotnet\sdk\9.0.313\Sdks\Microsoft.NET.Sdk.StaticWebAssets\targets\Microsoft.NET.Sdk.StaticWebAssets.Compression.targets(179,5): message :       
       C:\Program Files\dotnet\sdk\9.0.313\Sdks\Microsoft.NET.Sdk.StaticWebAssets\targets\Microsoft.NET.Sdk.StaticWebAssets.Compression.targets(179,5): message :     
       C:\Program Files\dotnet\sdk\9.0.313\Sdks\Microsoft.NET.Sdk.StaticWebAssets\targets\Microsoft.NET.Sdk.StaticWebAssets.Compression.targets(179,5): message :     " (previous value: "
       C:\Program Files\dotnet\sdk\9.0.313\Sdks\Microsoft.NET.Sdk.StaticWebAssets\targets\Microsoft.NET.Sdk.StaticWebAssets.Compression.targets(179,5): message :       ResolveStaticWebAssetsInputs;
       C:\Program Files\dotnet\sdk\9.0.313\Sdks\Microsoft.NET.Sdk.StaticWebAssets\targets\Microsoft.NET.Sdk.StaticWebAssets.Compression.targets(179,5): message :       
       C:\Program Files\dotnet\sdk\9.0.313\Sdks\Microsoft.NET.Sdk.StaticWebAssets\targets\Microsoft.NET.Sdk.StaticWebAssets.Compression.targets(179,5): message :     ") at C:\Program Files\dotnet\sdk\9.0.313\Sdks\Microsoft.NET.Sdk.StaticWebAssets\targets\Microsoft.NET.Sdk.StaticWebAssets.Compression.targets (179,5)
       C:\Program Files\dotnet\sdk\9.0.313\Sdks\Microsoft.NET.Sdk.StaticWebAssets\targets\Microsoft.NET.Sdk.StaticWebAssets.Compression.targets(198,5): message : Property reassignment: $(ResolvePublishRelatedStaticWebAssetsDependsOn)="
       C:\Program Files\dotnet\sdk\9.0.313\Sdks\Microsoft.NET.Sdk.StaticWebAssets\targets\Microsoft.NET.Sdk.StaticWebAssets.Compression.targets(198,5): message :       ResolvePublishCompressedStaticWebAssets;
       C:\Program Files\dotnet\sdk\9.0.313\Sdks\Microsoft.NET.Sdk.StaticWebAssets\targets\Microsoft.NET.Sdk.StaticWebAssets.Compression.targets(198,5): message :       
       C:\Program Files\dotnet\sdk\9.0.313\Sdks\Microsoft.NET.Sdk.StaticWebAssets\targets\Microsoft.NET.Sdk.StaticWebAssets.Compression.targets(198,5): message :     " (previous value: "") at C:\Program Files\dotnet\sdk\9.0.313\Sdks\Microsoft.NET.Sdk.StaticWebAssets\targets\Microsoft.NET.Sdk.StaticWebAssets.Compression.targets (198,5)
       C:\Program Files\dotnet\sdk\9.0.313\Sdks\Microsoft.NET.Sdk.Razor\targets\Sdk.Razor.CurrentVersion.targets(205,5): message : Property reassignment: $(DebugSymbolsProjectOutputGroupDependsOn)="
       C:\Program Files\dotnet\sdk\9.0.313\Sdks\Microsoft.NET.Sdk.Razor\targets\Sdk.Razor.CurrentVersion.targets(205,5): message :       ;
       C:\Program Files\dotnet\sdk\9.0.313\Sdks\Microsoft.NET.Sdk.Razor\targets\Sdk.Razor.CurrentVersion.targets(205,5): message :       _RazorAddDebugSymbolsProjectOutputGroupOutput
       C:\Program Files\dotnet\sdk\9.0.313\Sdks\Microsoft.NET.Sdk.Razor\targets\Sdk.Razor.CurrentVersion.targets(205,5): message :     " (previous value: "") at C:\Program Files\dotnet\sdk\9.0.313\Sdks\Microsoft.NET.Sdk.Razor\targets\Sdk.Razor.CurrentVersion.targets (205,5)
       C:\Program Files\dotnet\sdk\9.0.313\Sdks\Microsoft.NET.Sdk.Razor\targets\Sdk.Razor.CurrentVersion.targets(210,5): message : Property reassignment: $(PrepareForBuildDependsOn)="
       C:\Program Files\dotnet\sdk\9.0.313\Sdks\Microsoft.NET.Sdk.Razor\targets\Sdk.Razor.CurrentVersion.targets(210,5): message :       ;GetFrameworkPaths;GetReferenceAssemblyPaths;AssignLinkMetadata;
       C:\Program Files\dotnet\sdk\9.0.313\Sdks\Microsoft.NET.Sdk.Razor\targets\Sdk.Razor.CurrentVersion.targets(210,5): message :       ResolveRazorGenerateInputs
       C:\Program Files\dotnet\sdk\9.0.313\Sdks\Microsoft.NET.Sdk.Razor\targets\Sdk.Razor.CurrentVersion.targets(210,5): message :     " (previous value: ";GetFrameworkPaths;GetReferenceAssemblyPaths;AssignLinkMetadata") at C:\Program Files\dotnet\sdk\9.0.313\Sdks\Microsoft.NET.Sdk.Razor\targets\Sdk.Razor.CurrentVersion.targets (210,5)
       C:\Program Files\dotnet\sdk\9.0.313\Sdks\Microsoft.NET.Sdk.Razor\targets\Sdk.Razor.CurrentVersion.targets(215,5): message : Property reassignment: $(GenerateNuspecDependsOn)="
       C:\Program Files\dotnet\sdk\9.0.313\Sdks\Microsoft.NET.Sdk.Razor\targets\Sdk.Razor.CurrentVersion.targets(215,5): message :       ResolveRazorGenerateInputs;
       C:\Program Files\dotnet\sdk\9.0.313\Sdks\Microsoft.NET.Sdk.Razor\targets\Sdk.Razor.CurrentVersion.targets(215,5): message :       
       C:\Program Files\dotnet\sdk\9.0.313\Sdks\Microsoft.NET.Sdk.Razor\targets\Sdk.Razor.CurrentVersion.targets(215,5): message :       IncludeStaticWebAssetsPackItems;
       C:\Program Files\dotnet\sdk\9.0.313\Sdks\Microsoft.NET.Sdk.Razor\targets\Sdk.Razor.CurrentVersion.targets(215,5): message :       Build;_LoadPackInputItems; _GetTargetFrameworksOutput; _WalkEachTargetPerFramework; _GetPackageFiles; ;
       C:\Program Files\dotnet\sdk\9.0.313\Sdks\Microsoft.NET.Sdk.Razor\targets\Sdk.Razor.CurrentVersion.targets(215,5): message :     
       C:\Program Files\dotnet\sdk\9.0.313\Sdks\Microsoft.NET.Sdk.Razor\targets\Sdk.Razor.CurrentVersion.targets(215,5): message :     " (previous value: "
       C:\Program Files\dotnet\sdk\9.0.313\Sdks\Microsoft.NET.Sdk.Razor\targets\Sdk.Razor.CurrentVersion.targets(215,5): message :       IncludeStaticWebAssetsPackItems;
       C:\Program Files\dotnet\sdk\9.0.313\Sdks\Microsoft.NET.Sdk.Razor\targets\Sdk.Razor.CurrentVersion.targets(215,5): message :       Build;_LoadPackInputItems; _GetTargetFrameworksOutput; _WalkEachTargetPerFramework; _GetPackageFiles; ;
       C:\Program Files\dotnet\sdk\9.0.313\Sdks\Microsoft.NET.Sdk.Razor\targets\Sdk.Razor.CurrentVersion.targets(215,5): message :     ") at C:\Program Files\dotnet\sdk\9.0.313\Sdks\Microsoft.NET.Sdk.Razor\targets\Sdk.Razor.CurrentVersion.targets (215,5)
       C:\Program Files\dotnet\sdk\9.0.313\Sdks\Microsoft.NET.Sdk.Razor\targets\Sdk.Razor.CurrentVersion.targets(220,5): message : Property reassignment: $(PrepareForRunDependsOn)="
       C:\Program Files\dotnet\sdk\9.0.313\Sdks\Microsoft.NET.Sdk.Razor\targets\Sdk.Razor.CurrentVersion.targets(220,5): message :       _RazorPrepareForRun;
       C:\Program Files\dotnet\sdk\9.0.313\Sdks\Microsoft.NET.Sdk.Razor\targets\Sdk.Razor.CurrentVersion.targets(220,5): message :       StaticWebAssetsPrepareForRun;
       C:\Program Files\dotnet\sdk\9.0.313\Sdks\Microsoft.NET.Sdk.Razor\targets\Sdk.Razor.CurrentVersion.targets(220,5): message :       CopyFilesToOutputDirectory
       C:\Program Files\dotnet\sdk\9.0.313\Sdks\Microsoft.NET.Sdk.Razor\targets\Sdk.Razor.CurrentVersion.targets(220,5): message :     
       C:\Program Files\dotnet\sdk\9.0.313\Sdks\Microsoft.NET.Sdk.Razor\targets\Sdk.Razor.CurrentVersion.targets(220,5): message :     " (previous value: "StaticWebAssetsPrepareForRun;
       C:\Program Files\dotnet\sdk\9.0.313\Sdks\Microsoft.NET.Sdk.Razor\targets\Sdk.Razor.CurrentVersion.targets(220,5): message :       CopyFilesToOutputDirectory
       C:\Program Files\dotnet\sdk\9.0.313\Sdks\Microsoft.NET.Sdk.Razor\targets\Sdk.Razor.CurrentVersion.targets(220,5): message :     ") at C:\Program Files\dotnet\sdk\9.0.313\Sdks\Microsoft.NET.Sdk.Razor\targets\Sdk.Razor.CurrentVersion.targets (220,5)
       C:\Program Files\dotnet\sdk\9.0.313\Sdks\Microsoft.NET.Sdk.Razor\targets\Sdk.Razor.CurrentVersion.targets(311,5): message : Property reassignment: $(UseRazorBuildServer)="true" (previous value: "") at C:\Program Files\dotnet\sdk\9.0.313\Sdks\Microsoft.NET.Sdk.Razor\targets\Sdk.Razor.CurrentVersion.targets (311,5)
       C:\Program Files\dotnet\sdk\9.0.313\Sdks\Microsoft.NET.Sdk.Razor\targets\Sdk.Razor.CurrentVersion.targets(317,5): message : Property reassignment: $(_RazorDebugSymbolsProduced)="true" (previous value: "false") at C:\Program Files\dotnet\sdk\9.0.313\Sdks\Microsoft.NET.Sdk.Razor\targets\Sdk.Razor.CurrentVersion.targets (317,5)
       C:\Program Files\dotnet\sdk\9.0.313\Sdks\Microsoft.NET.Sdk.Razor\targets\Microsoft.NET.Sdk.Razor.GenerateAssemblyInfo.targets(36,5): message : Property reassignment: $(GenerateRazorTargetAssemblyInfoDependsOn)="
       C:\Program Files\dotnet\sdk\9.0.313\Sdks\Microsoft.NET.Sdk.Razor\targets\Microsoft.NET.Sdk.Razor.GenerateAssemblyInfo.targets(36,5): message :       _ResolveMvcAssemblyAttributes;
       C:\Program Files\dotnet\sdk\9.0.313\Sdks\Microsoft.NET.Sdk.Razor\targets\Microsoft.NET.Sdk.Razor.GenerateAssemblyInfo.targets(36,5): message :       
       C:\Program Files\dotnet\sdk\9.0.313\Sdks\Microsoft.NET.Sdk.Razor\targets\Microsoft.NET.Sdk.Razor.GenerateAssemblyInfo.targets(36,5): message :       GetRazorTargetAssemblyAttributes;
       C:\Program Files\dotnet\sdk\9.0.313\Sdks\Microsoft.NET.Sdk.Razor\targets\Microsoft.NET.Sdk.Razor.GenerateAssemblyInfo.targets(36,5): message :       _CreateRazorTargetAssemblyInfoInputsCacheFile;
       C:\Program Files\dotnet\sdk\9.0.313\Sdks\Microsoft.NET.Sdk.Razor\targets\Microsoft.NET.Sdk.Razor.GenerateAssemblyInfo.targets(36,5): message :       CoreGenerateRazorTargetAssemblyInfo
       C:\Program Files\dotnet\sdk\9.0.313\Sdks\Microsoft.NET.Sdk.Razor\targets\Microsoft.NET.Sdk.Razor.GenerateAssemblyInfo.targets(36,5): message :     
       C:\Program Files\dotnet\sdk\9.0.313\Sdks\Microsoft.NET.Sdk.Razor\targets\Microsoft.NET.Sdk.Razor.GenerateAssemblyInfo.targets(36,5): message :     " (previous value: "
       C:\Program Files\dotnet\sdk\9.0.313\Sdks\Microsoft.NET.Sdk.Razor\targets\Microsoft.NET.Sdk.Razor.GenerateAssemblyInfo.targets(36,5): message :       GetRazorTargetAssemblyAttributes;
       C:\Program Files\dotnet\sdk\9.0.313\Sdks\Microsoft.NET.Sdk.Razor\targets\Microsoft.NET.Sdk.Razor.GenerateAssemblyInfo.targets(36,5): message :       _CreateRazorTargetAssemblyInfoInputsCacheFile;
       C:\Program Files\dotnet\sdk\9.0.313\Sdks\Microsoft.NET.Sdk.Razor\targets\Microsoft.NET.Sdk.Razor.GenerateAssemblyInfo.targets(36,5): message :       CoreGenerateRazorTargetAssemblyInfo
       C:\Program Files\dotnet\sdk\9.0.313\Sdks\Microsoft.NET.Sdk.Razor\targets\Microsoft.NET.Sdk.Razor.GenerateAssemblyInfo.targets(36,5): message :     ") at C:\Program Files\dotnet\sdk\9.0.313\Sdks\Microsoft.NET.Sdk.Razor\targets\Microsoft.NET.Sdk.Razor.GenerateAssemblyInfo.targets (36,5)
       C:\Program Files\dotnet\sdk\9.0.313\Sdks\Microsoft.NET.Sdk.Razor\targets\Microsoft.NET.Sdk.Razor.GenerateAssemblyInfo.targets(181,5): message : Property reassignment: $(CoreCompileDependsOn)="
       C:\Program Files\dotnet\sdk\9.0.313\Sdks\Microsoft.NET.Sdk.Razor\targets\Microsoft.NET.Sdk.Razor.GenerateAssemblyInfo.targets(181,5): message :       ;_ComputeNonExistentFileProperty;ResolveCodeAnalysisRuleSet;
       C:\Program Files\dotnet\sdk\9.0.313\Sdks\Microsoft.NET.Sdk.Razor\targets\Microsoft.NET.Sdk.Razor.GenerateAssemblyInfo.targets(181,5): message :       _GenerateRazorAssemblyInfo
       C:\Program Files\dotnet\sdk\9.0.313\Sdks\Microsoft.NET.Sdk.Razor\targets\Microsoft.NET.Sdk.Razor.GenerateAssemblyInfo.targets(181,5): message :     " (previous value: ";_ComputeNonExistentFileProperty;ResolveCodeAnalysisRuleSet") at C:\Program Files\dotnet\sdk\9.0.313\Sdks\Microsoft.NET.Sdk.Razor\targets\Microsoft.NET.Sdk.Razor.GenerateAssemblyInfo.targets (181,5)
       C:\Program Files\dotnet\sdk\9.0.313\Sdks\Microsoft.NET.Sdk.Razor\targets\Microsoft.NET.Sdk.Razor.GenerateAssemblyInfo.targets(189,5): message : Property reassignment: $(_GenerateRazorAssemblyInfoDependsOn)="
       C:\Program Files\dotnet\sdk\9.0.313\Sdks\Microsoft.NET.Sdk.Razor\targets\Microsoft.NET.Sdk.Razor.GenerateAssemblyInfo.targets(189,5): message :       _ResolveMvcAssemblyAttributes;
       C:\Program Files\dotnet\sdk\9.0.313\Sdks\Microsoft.NET.Sdk.Razor\targets\Microsoft.NET.Sdk.Razor.GenerateAssemblyInfo.targets(189,5): message :       RazorGetAssemblyAttributes;PrepareForBuild;_CoreGenerateRazorAssemblyInfo;
       C:\Program Files\dotnet\sdk\9.0.313\Sdks\Microsoft.NET.Sdk.Razor\targets\Microsoft.NET.Sdk.Razor.GenerateAssemblyInfo.targets(189,5): message :     " (previous value: "RazorGetAssemblyAttributes;PrepareForBuild;_CoreGenerateRazorAssemblyInfo") at C:\Program Files\dotnet\sdk\9.0.313\Sdks\Microsoft.NET.Sdk.Razor\targets\Microsoft.NET.Sdk.Razor.GenerateAssemblyInfo.targets (189,5)
       C:\Program Files\dotnet\sdk\9.0.313\Sdks\Microsoft.NET.Sdk.Razor\targets\Microsoft.NET.Sdk.Razor.MvcApplicationPartsDiscovery.targets(22,5): message : Property reassignment: $(CoreCompileDependsOn)="
       C:\Program Files\dotnet\sdk\9.0.313\Sdks\Microsoft.NET.Sdk.Razor\targets\Microsoft.NET.Sdk.Razor.MvcApplicationPartsDiscovery.targets(22,5): message :       _DiscoverMvcApplicationParts;
       C:\Program Files\dotnet\sdk\9.0.313\Sdks\Microsoft.NET.Sdk.Razor\targets\Microsoft.NET.Sdk.Razor.MvcApplicationPartsDiscovery.targets(22,5): message :       
       C:\Program Files\dotnet\sdk\9.0.313\Sdks\Microsoft.NET.Sdk.Razor\targets\Microsoft.NET.Sdk.Razor.MvcApplicationPartsDiscovery.targets(22,5): message :       ;_ComputeNonExistentFileProperty;ResolveCodeAnalysisRuleSet;
       C:\Program Files\dotnet\sdk\9.0.313\Sdks\Microsoft.NET.Sdk.Razor\targets\Microsoft.NET.Sdk.Razor.MvcApplicationPartsDiscovery.targets(22,5): message :       _GenerateRazorAssemblyInfo
       C:\Program Files\dotnet\sdk\9.0.313\Sdks\Microsoft.NET.Sdk.Razor\targets\Microsoft.NET.Sdk.Razor.MvcApplicationPartsDiscovery.targets(22,5): message :     ;
       C:\Program Files\dotnet\sdk\9.0.313\Sdks\Microsoft.NET.Sdk.Razor\targets\Microsoft.NET.Sdk.Razor.MvcApplicationPartsDiscovery.targets(22,5): message :     " (previous value: "
       C:\Program Files\dotnet\sdk\9.0.313\Sdks\Microsoft.NET.Sdk.Razor\targets\Microsoft.NET.Sdk.Razor.MvcApplicationPartsDiscovery.targets(22,5): message :       ;_ComputeNonExistentFileProperty;ResolveCodeAnalysisRuleSet;
       C:\Program Files\dotnet\sdk\9.0.313\Sdks\Microsoft.NET.Sdk.Razor\targets\Microsoft.NET.Sdk.Razor.MvcApplicationPartsDiscovery.targets(22,5): message :       _GenerateRazorAssemblyInfo
       C:\Program Files\dotnet\sdk\9.0.313\Sdks\Microsoft.NET.Sdk.Razor\targets\Microsoft.NET.Sdk.Razor.MvcApplicationPartsDiscovery.targets(22,5): message :     ") at C:\Program Files\dotnet\sdk\9.0.313\Sdks\Microsoft.NET.Sdk.Razor\targets\Microsoft.NET.Sdk.Razor.MvcApplicationPartsDiscovery.targets (22,5)
       C:\Program Files\dotnet\sdk\9.0.313\Sdks\Microsoft.NET.Sdk.Razor\targets\Sdk.Razor.CurrentVersion.targets(791,5): message : Property reassignment: $(RazorDesignTimeTargets)="C:\Program Files\dotnet\sdk\9.0.313\Sdks\Microsoft.NET.Sdk.Razor\targets\Microsoft.NET.Sdk.Razor.DesignTime.targets" (previous value: "C:\Program Files\dotnet\sdk\9.0.313\\Microsoft\VisualStudio\Razor\Microsoft.NET.Sdk.Razor.DesignTime.targets") at C:\Program Files\dotnet\sdk\9.0.313\Sdks\Microsoft.NET.Sdk.Razor\targets\Sdk.Razor.CurrentVersion.targets (791,5)
       C:\Program Files\dotnet\sdk\9.0.313\Sdks\Microsoft.NET.Sdk.Web.ProjectSystem\targets\Microsoft.NET.Sdk.Web.ProjectSystem.targets(21,5): message : Property reassignment: $(RunWorkingDirectory)="C:\Projects\QuickStockApi\QuickStock" (previous value: "") at C:\Program Files\dotnet\sdk\9.0.313\Sdks\Microsoft.NET.Sdk.Web.ProjectSystem\targets\Microsoft.NET.Sdk.Web.ProjectSystem.targets (21,5)
       C:\Program Files\dotnet\sdk\9.0.313\Sdks\Microsoft.NET.Sdk.Publish\targets\Microsoft.NET.Sdk.Publish.targets(60,5): message : Property reassignment: $(PublishProfileImported)="true" (previous value: "false") at C:\Program Files\dotnet\sdk\9.0.313\Sdks\Microsoft.NET.Sdk.Publish\targets\Microsoft.NET.Sdk.Publish.targets (60,5)
       C:\Program Files\dotnet\sdk\9.0.313\Sdks\Microsoft.NET.Sdk.Publish\targets\Microsoft.NET.Sdk.Publish.targets(81,5): message : Property reassignment: $(PublishConfiguration)="Debug" (previous value: "") at C:\Program Files\dotnet\sdk\9.0.313\Sdks\Microsoft.NET.Sdk.Publish\targets\Microsoft.NET.Sdk.Publish.targets (81,5)
       C:\Program Files\dotnet\sdk\9.0.313\Sdks\Microsoft.NET.Sdk.Publish\targets\Microsoft.NET.Sdk.Publish.targets(87,5): message : Property reassignment: $(BaseIntermediateOutputPath)="C:\Projects\QuickStockApi\QuickStock\obj\" (previous value: "obj\") at C:\Program Files\dotnet\sdk\9.0.313\Sdks\Microsoft.NET.Sdk.Publish\targets\Microsoft.NET.Sdk.Publish.targets (87,5)
       Overriding target "ResolveFrameworkReferences" in project "C:\Program Files\dotnet\sdk\9.0.313\Microsoft.Common.CurrentVersion.targets" with target "ResolveFrameworkReferences" from project "C:\Program Files\dotnet\sdk\9.0.313\Sdks\Microsoft.NET.Sdk\targets\Microsoft.NET.Sdk.FrameworkReferenceResolution.targets".
       Overriding target "Run" in project "C:\Program Files\dotnet\sdk\9.0.313\Microsoft.Common.CurrentVersion.targets" with target "Run" from project "C:\Program Files\dotnet\sdk\9.0.313\Sdks\Microsoft.NET.Sdk\targets\Microsoft.NET.Sdk.targets".
       Overriding target "GenerateSupportedTargetFrameworkAlias" in project "C:\Program Files\dotnet\sdk\9.0.313\Microsoft.Common.CurrentVersion.targets" with target "GenerateSupportedTargetFrameworkAlias" from project "C:\Program Files\dotnet\sdk\9.0.313\Sdks\Microsoft.NET.Sdk\targets\Microsoft.NET.Sdk.targets".
       Overriding target "GetReferenceAssemblyPaths" in project "C:\Program Files\dotnet\sdk\9.0.313\Microsoft.Common.CurrentVersion.targets" with target "GetReferenceAssemblyPaths" from project "C:\Program Files\dotnet\sdk\9.0.313\Sdks\Microsoft.NET.Sdk\targets\Microsoft.NET.DisableStandardFrameworkResolution.targets".
       Overriding target "GetFrameworkPaths" in project "C:\Program Files\dotnet\sdk\9.0.313\Microsoft.Common.CurrentVersion.targets" with target "GetFrameworkPaths" from project "C:\Program Files\dotnet\sdk\9.0.313\Sdks\Microsoft.NET.Sdk\targets\Microsoft.NET.DisableStandardFrameworkResolution.targets".
       Overriding target "DesignerRuntimeImplementationProjectOutputGroup" in project "C:\Program Files\dotnet\sdk\9.0.313\Microsoft.Common.CurrentVersion.targets" with target "DesignerRuntimeImplementationProjectOutputGroup" from project "C:\Program Files\dotnet\sdk\9.0.313\Sdks\Microsoft.NET.Sdk\targets\Microsoft.NET.DesignerSupport.targets".
       Overriding target "Publish" in project "C:\Program Files\dotnet\sdk\9.0.313\Microsoft.Common.CurrentVersion.targets" with target "Publish" from project "C:\Program Files\dotnet\sdk\9.0.313\Sdks\Microsoft.NET.Sdk\targets\Microsoft.NET.Publish.targets".
       Overriding target "ResolveReadyToRunCompilers" in project "C:\Program Files\dotnet\sdk\9.0.313\Sdks\Microsoft.NET.Sdk\targets\Microsoft.NET.CrossGen.targets" with target "ResolveReadyToRunCompilers" from project "C:\Program Files\dotnet\sdk\9.0.313\Sdks\Microsoft.NET.Sdk\targets\Microsoft.NET.Publish.targets".
       Overriding target "GetCopyToPublishDirectoryItems" in project "C:\Program Files\dotnet\sdk\9.0.313\Microsoft.Common.CurrentVersion.targets" with target "GetCopyToPublishDirectoryItems" from project "C:\Program Files\dotnet\sdk\9.0.313\Sdks\Microsoft.NET.Sdk\targets\Microsoft.NET.Publish.targets".
       Overriding target "BeforePublish" in project "C:\Program Files\dotnet\sdk\9.0.313\Microsoft.Common.CurrentVersion.targets" with target "BeforePublish" from project "C:\Program Files\dotnet\sdk\9.0.313\Sdks\Microsoft.NET.Sdk.Publish\targets\Microsoft.NET.Sdk.Publish.targets".
       Overriding target "AfterPublish" in project "C:\Program Files\dotnet\sdk\9.0.313\Microsoft.Common.CurrentVersion.targets" with target "AfterPublish" from project "C:\Program Files\dotnet\sdk\9.0.313\Sdks\Microsoft.NET.Sdk.Publish\targets\Microsoft.NET.Sdk.Publish.targets".
       The target "CollectUpToDateCheckInputDesignTime" listed in a BeforeTargets attribute at "C:\Program Files\dotnet\sdk\9.0.313\Sdks\Microsoft.NET.Sdk.StaticWebAssets\targets\Microsoft.NET.Sdk.StaticWebAssets.ScopedCss.targets (171,5)" does not exist in the project, and will be ignored.
       The target "CollectUpToDateCheckBuiltDesignTime" listed in a BeforeTargets attribute at "C:\Program Files\dotnet\sdk\9.0.313\Sdks\Microsoft.NET.Sdk.StaticWebAssets\targets\Microsoft.NET.Sdk.StaticWebAssets.ScopedCss.targets (171,5)" does not exist in the project, and will be ignored.
       The target "RazorGenerateComponentDeclaration" listed in an AfterTargets attribute at "C:\Program Files\dotnet\sdk\9.0.313\Sdks\Microsoft.NET.Sdk.Razor\targets\Microsoft.NET.Sdk.Razor.DesignTime.targets (55,53)" does not exist in the project, and will be ignored.
     1>Project "C:\Projects\QuickStockApi\QuickStock.sln" (1) is building "C:\Projects\QuickStockApi\QuickStock\QuickStock.csproj" (2) on node 1 (_IsProjectRestoreSupported target(s)).
     2>Target "_IsProjectRestoreSupported" in file "C:\Program Files\dotnet\sdk\9.0.313\NuGet.targets" from project "C:\Projects\QuickStockApi\QuickStock\QuickStock.csproj" (entry point):
     2>Done building target "_IsProjectRestoreSupported" in project "QuickStock.csproj".
     2>Done Building Project "C:\Projects\QuickStockApi\QuickStock\QuickStock.csproj" (_IsProjectRestoreSupported target(s)).
     1>Done executing task "MSBuild".
       Task "MSBuild" skipped, due to false condition; ( '$(RestoreUseSkipNonexistentTargets)' != 'true' ) was evaluated as ( 'true' != 'true' ).
       Using "WarnForInvalidProjectsTask" task from assembly "C:\Program Files\dotnet\sdk\9.0.313\NuGet.Build.Tasks.dll".
       Task "WarnForInvalidProjectsTask"
       Done executing task "WarnForInvalidProjectsTask".
     1>Done building target "_FilterRestoreGraphProjectInputItems" in project "QuickStock.sln".
       Target "_FilterRestoreGraphProjectInputItems" skipped. Previously built successfully.
     1>Target "_GetAllRestoreProjectPathItems" in file "C:\Program Files\dotnet\sdk\9.0.313\NuGet.targets" from project "C:\Projects\QuickStockApi\QuickStock.sln" (target "_GenerateRestoreGraph" depends on it):
       Using "NuGetMessageTask" task from assembly "C:\Program Files\dotnet\sdk\9.0.313\NuGet.Build.Tasks.dll".
       Task "NuGetMessageTask"
         Determining projects to restore...
       Done executing task "NuGetMessageTask".
       Task "MSBuild"
         Global Properties:
           ExcludeRestorePackageImports=true
           _RestoreSolutionFileUsed=true
           SolutionDir=C:\Projects\QuickStockApi\
           SolutionName=QuickStock
           SolutionFileName=QuickStock.sln
           SolutionPath=C:\Projects\QuickStockApi\QuickStock.sln
           SolutionExt=.sln
         Additional Properties for project "C:\Projects\QuickStockApi\QuickStock\QuickStock.csproj":
           Configuration=Debug
           Platform=AnyCPU
     1>Project "C:\Projects\QuickStockApi\QuickStock.sln" (1) is building "C:\Projects\QuickStockApi\QuickStock\QuickStock.csproj" (2:2) on node 1 (_GenerateRestoreProjectPathWalk target(s)).
   2:2>Target "_GenerateRestoreProjectPathItemsAllFrameworks" skipped, due to false condition; ( '$(TargetFrameworks)' != '' ) was evaluated as ( '' != '' ).
   2:2>Target "_GenerateRestoreProjectPathItemsPerFramework" in file "C:\Program Files\dotnet\sdk\9.0.313\NuGet.targets" from project "C:\Projects\QuickStockApi\QuickStock\QuickStock.csproj" (target "_GenerateRestoreProjectPathItemsCurrentProject" depends on it):
       Using "ConvertToAbsolutePath" task from assembly "Microsoft.Build.Tasks.Core, Version=15.1.0.0, Culture=neutral, PublicKeyToken=b03f5f7f11d50a3a".
       Task "ConvertToAbsolutePath"
       Done executing task "ConvertToAbsolutePath".
   2:2>Done building target "_GenerateRestoreProjectPathItemsPerFramework" in project "QuickStock.csproj".
   2:2>Target "_GenerateRestoreProjectPathItemsCurrentProject" in file "C:\Program Files\dotnet\sdk\9.0.313\NuGet.targets" from project "C:\Projects\QuickStockApi\QuickStock\QuickStock.csproj" (target "_GenerateRestoreProjectPathItems" depends on it):
   2:2>Done building target "_GenerateRestoreProjectPathItemsCurrentProject" in project "QuickStock.csproj".
   2:2>Target "_GenerateRestoreProjectPathItems" in file "C:\Program Files\dotnet\sdk\9.0.313\NuGet.targets" from project "C:\Projects\QuickStockApi\QuickStock\QuickStock.csproj" (target "_GenerateRestoreProjectPathWalk" depends on it):
       Using "RemoveDuplicates" task from assembly "Microsoft.Build.Tasks.Core, Version=15.1.0.0, Culture=neutral, PublicKeyToken=b03f5f7f11d50a3a".
       Task "RemoveDuplicates"
       Done executing task "RemoveDuplicates".
   2:2>Done building target "_GenerateRestoreProjectPathItems" in project "QuickStock.csproj".
   2:2>Target "_GenerateRestoreProjectPathWalk" in file "C:\Program Files\dotnet\sdk\9.0.313\NuGet.targets" from project "C:\Projects\QuickStockApi\QuickStock\QuickStock.csproj" (entry point):
       Using "MSBuild" task from assembly "Microsoft.Build.Tasks.Core, Version=15.1.0.0, Culture=neutral, PublicKeyToken=b03f5f7f11d50a3a".
       Task "MSBuild"
       Done executing task "MSBuild".
       Task "MSBuild" skipped, due to false condition; ( '$(RestoreUseSkipNonexistentTargets)' != 'true' ) was evaluated as ( 'true' != 'true' ).
       Task "RemoveDuplicates"
       Done executing task "RemoveDuplicates".
   2:2>Done building target "_GenerateRestoreProjectPathWalk" in project "QuickStock.csproj".
   2:2>Done Building Project "C:\Projects\QuickStockApi\QuickStock\QuickStock.csproj" (_GenerateRestoreProjectPathWalk target(s)).
     1>Done executing task "MSBuild".
       Task "MSBuild" skipped, due to false condition; ( '$(RestoreUseSkipNonexistentTargets)' != 'true' ) was evaluated as ( 'true' != 'true' ).
       Task "RemoveDuplicates"
       Done executing task "RemoveDuplicates".
       Task "MSBuild"
         Global Properties:
           ExcludeRestorePackageImports=true
           _RestoreSolutionFileUsed=true
           SolutionDir=C:\Projects\QuickStockApi\
           SolutionName=QuickStock
           SolutionFileName=QuickStock.sln
           SolutionPath=C:\Projects\QuickStockApi\QuickStock.sln
           SolutionExt=.sln
         Additional Properties for project "C:\Projects\QuickStockApi\QuickStock\QuickStock.csproj":
           Configuration=Debug
           Platform=AnyCPU
     1>Project "C:\Projects\QuickStockApi\QuickStock.sln" (1) is building "C:\Projects\QuickStockApi\QuickStock\QuickStock.csproj" (2:3) on node 1 (_IsProjectRestoreSupported target(s)).
   2:3>Target "_IsProjectRestoreSupported" skipped. Previously built successfully.
   2:3>Done Building Project "C:\Projects\QuickStockApi\QuickStock\QuickStock.csproj" (_IsProjectRestoreSupported target(s)).
     1>Done executing task "MSBuild".
       Task "MSBuild" skipped, due to false condition; ( '$(RestoreUseSkipNonexistentTargets)' != 'true' ) was evaluated as ( 'true' != 'true' ).
     1>Done building target "_GetAllRestoreProjectPathItems" in project "QuickStock.sln".
     1>Target "_GenerateRestoreGraph" in file "C:\Program Files\dotnet\sdk\9.0.313\NuGet.targets" from project "C:\Projects\QuickStockApi\QuickStock.sln" (target "Restore" depends on it):
       Task "Message"
         Generating dg file
       Done executing task "Message".
       Task "Message"
         C:\Projects\QuickStockApi\QuickStock\QuickStock.csproj
       Done executing task "Message".
       Task "MSBuild"
         Global Properties:
           ExcludeRestorePackageImports=true
           _RestoreSolutionFileUsed=true
           SolutionDir=C:\Projects\QuickStockApi\
           SolutionName=QuickStock
           SolutionFileName=QuickStock.sln
           SolutionPath=C:\Projects\QuickStockApi\QuickStock.sln
           SolutionExt=.sln
         Additional Properties for project "C:\Projects\QuickStockApi\QuickStock\QuickStock.csproj":
           Configuration=Debug
           Platform=AnyCPU
     1>Project "C:\Projects\QuickStockApi\QuickStock.sln" (1) is building "C:\Projects\QuickStockApi\QuickStock\QuickStock.csproj" (2:4) on node 1 (_GenerateRestoreGraphProjectEntry target(s)).
   2:4>Target "_GetProjectJsonPath" in file "C:\Program Files\dotnet\sdk\9.0.313\NuGet.targets" from project "C:\Projects\QuickStockApi\QuickStock\QuickStock.csproj" (target "_GetRestoreProjectStyle" depends on it):
   2:4>Task "GetRestoreProjectJsonPathTask" skipped, due to false condition; ( '$(RestoreProjectStyle)' == 'ProjectJson' OR '$(RestoreProjectStyle)' == '' ) was evaluated as ( 'PackageReference' == 'ProjectJson' OR 'PackageReference' == '' ).
   2:4>Done building target "_GetProjectJsonPath" in project "QuickStock.csproj".
       Target "_CheckForUnsupportedTargetPlatformIdentifier" skipped, due to false condition; ('$(TargetPlatformIdentifier)' != '' and '$(TargetFrameworkIdentifier)' == '.NETCoreApp' and $([MSBuild]::VersionGreaterThanOrEquals($(TargetFrameworkVersion), 5.0)) And ('$(DesignTimeBuild)' != 'true' Or '@(MissingWorkloadPack)' == '')) was evaluated as ('' != '' and '.NETCoreApp' == '.NETCoreApp' and True And ('' != 'true' Or '' == '')).
       Target "_CheckForMissingWorkload" skipped, due to false condition; ('@(MissingWorkloadPack)' != '' And '$(DesignTimeBuild)' != 'true') was evaluated as ('' != '' And '' != 'true').
   2:4>Target "_CheckForUnsupportedNETCoreVersion" in file "C:\Program Files\dotnet\sdk\9.0.313\Sdks\Microsoft.NET.Sdk\targets\Microsoft.NET.TargetFrameworkInference.targets" from project "C:\Projects\QuickStockApi\QuickStock\QuickStock.csproj" (target "CollectPackageReferences" depends on it):
       Task "NETSdkError" skipped, due to false condition; ('$(_TargetFrameworkVersionWithoutV)' > '$(NETCoreAppMaximumVersion)' and '$(DisplayVSMessage)' != 'true') was evaluated as ('8.0' > '9.0' and '' != 'true').
       Task "NETSdkError" skipped, due to false condition; ('$(DisplayVSMessage)' == 'true') was evaluated as ('' == 'true').
   2:4>Done building target "_CheckForUnsupportedNETCoreVersion" in project "QuickStock.csproj".
       Target "_CheckForEolTargetFrameworks" skipped, due to false condition; ('@(_EolNetCoreTargetFrameworkVersions->AnyHaveMetadataValue('Identity', '$(_TargetFrameworkVersionWithoutV)'))' and '$(TargetFrameworkIdentifier)' == '.NETCoreApp' and '$(CheckEolTargetFramework)' == 'true') was evaluated as ('false' and '.NETCoreApp' == '.NETCoreApp' and 'true' == 'true').
       Target "_CheckForEolWorkloads" skipped, due to false condition; ('@(EolWorkload)' != '' and '$(CheckEolWorkloads)' == 'true') was evaluated as ('' != '' and 'true' == 'true').
       Target "_CheckForNotRecommendedNETStandardVersion" skipped, due to false condition; ('$(TargetFrameworkIdentifier)' == '.NETStandard' and $([MSBuild]::VersionLessThan($(TargetFrameworkVersion), '2.0'))) was evaluated as ('.NETCoreApp' == '.NETStandard' and False).
   2:4>Target "_CheckForUnsupportedCppNETCoreVersion" in file "C:\Program Files\dotnet\sdk\9.0.313\Sdks\Microsoft.NET.Sdk\targets\Microsoft.NET.TargetFrameworkInference.targets" from project "C:\Projects\QuickStockApi\QuickStock\QuickStock.csproj" (target "CollectPackageReferences" depends on it):
       Task "NETSdkError" skipped, due to false condition; ('$(TargetFrameworkIdentifier)' == '.NETCoreApp' and '$(_TargetFrameworkVersionWithoutV)' < '3.1' and ('$(Language)' == 'C++' and '$(_EnablePackageReferencesInVCProjects)' != 'true')) was evaluated as ('.NETCoreApp' == '.NETCoreApp' and '8.0' < '3.1' and ('C#' == 'C++' and '' != 'true')).
   2:4>Done building target "_CheckForUnsupportedCppNETCoreVersion" in project "QuickStock.csproj".
       Target "_CheckForUnsupportedNETStandardVersion" skipped, due to false condition; ('$(TargetFrameworkIdentifier)' == '.NETStandard' And '$(NETStandardMaximumVersion)' != '') was evaluated as ('.NETCoreApp' == '.NETStandard' And '' != '').
       Target "_CheckForUnsupportedTargetFrameworkAndFeatureCombination" skipped, due to false condition; ('$(TargetFrameworkIdentifier)' == '.NETFramework') was evaluated as ('.NETCoreApp' == '.NETFramework').
   2:4>Target "UpdateAspNetToFrameworkReference" in file "C:\Program Files\dotnet\sdk\9.0.313\Sdks\Microsoft.NET.Sdk\targets\Microsoft.NET.Sdk.DefaultItems.Shared.targets" from project "C:\Projects\QuickStockApi\QuickStock\QuickStock.csproj" (target "ApplyImplicitVersions" depends on it):
       Using "CheckIfPackageReferenceShouldBeFrameworkReference" task from assembly "C:\Program Files\dotnet\sdk\9.0.313\Sdks\Microsoft.NET.Sdk\targets\..\tools\net9.0\Microsoft.NET.Build.Tasks.dll".
       Task "CheckIfPackageReferenceShouldBeFrameworkReference"
       Done executing task "CheckIfPackageReferenceShouldBeFrameworkReference".
       Task "NETSdkError" skipped, due to false condition; ('$(_ShouldRemoveAspNetCoreAll)' == 'true') was evaluated as ('False' == 'true').
       Task "CheckIfPackageReferenceShouldBeFrameworkReference"
       Done executing task "CheckIfPackageReferenceShouldBeFrameworkReference".
       Task "NETSdkWarning" skipped, due to false condition; ('$(_ShouldRemoveAspNetCoreApp)' == 'true') was evaluated as ('False' == 'true').
   2:4>Done building target "UpdateAspNetToFrameworkReference" in project "QuickStock.csproj".
       Target "IncludeTargetingPackReference" skipped, due to false condition; ('$(TargetFrameworkMoniker)' != '' and '$(TargetFrameworkIdentifier)' == '.NETFramework' and '$(AutomaticallyUseReferenceAssemblyPackages)' == 'true') was evaluated as ('.NETCoreApp,Version=v8.0' != '' and '.NETCoreApp' == '.NETFramework' and 'true' == 'true').
   2:4>Target "CheckForImplicitPackageReferenceOverrides" in file "C:\Program Files\dotnet\sdk\9.0.313\Sdks\Microsoft.NET.Sdk\targets\Microsoft.NET.Sdk.DefaultItems.Shared.targets" from project "C:\Projects\QuickStockApi\QuickStock\QuickStock.csproj" (target "ApplyImplicitVersions" depends on it):
       Using "CheckForImplicitPackageReferenceOverrides" task from assembly "C:\Program Files\dotnet\sdk\9.0.313\Sdks\Microsoft.NET.Sdk\targets\..\tools\net9.0\Microsoft.NET.Build.Tasks.dll".
       Task "CheckForImplicitPackageReferenceOverrides"
       Done executing task "CheckForImplicitPackageReferenceOverrides".
   2:4>Done building target "CheckForImplicitPackageReferenceOverrides" in project "QuickStock.csproj".
   2:4>Target "ApplyImplicitVersions" in file "C:\Program Files\dotnet\sdk\9.0.313\Sdks\Microsoft.NET.Sdk\targets\Microsoft.NET.Sdk.DefaultItems.Shared.targets" from project "C:\Projects\QuickStockApi\QuickStock\QuickStock.csproj" (target "CollectPackageReferences" depends on it):
       Using "ApplyImplicitVersions" task from assembly "C:\Program Files\dotnet\sdk\9.0.313\Sdks\Microsoft.NET.Sdk\targets\..\tools\net9.0\Microsoft.NET.Build.Tasks.dll".
       Task "ApplyImplicitVersions"
       Done executing task "ApplyImplicitVersions".
   2:4>Done building target "ApplyImplicitVersions" in project "QuickStock.csproj".
       Target "CheckForImplicitPackageReferenceOverrides" skipped. Previously built successfully.
       Target "AddWindowsSdkKnownFrameworkReferences" skipped, due to false condition; ('$(TargetFrameworkIdentifier)' == '.NETCoreApp' And '$(TargetPlatformIdentifier)' == 'Windows'
                            And ('$(Language)' != 'C++' Or '$(IncludeWindowsSDKRefFrameworkReferences)' == 'true')) was evaluated as ('.NETCoreApp' == '.NETCoreApp' And '' == 'Windows'
                            And ('C#' != 'C++' Or '' == 'true')).
       Target "_NormalizeTargetPlatformVersion" skipped, due to false condition; ('$(TargetPlatformVersion)' != '' and '$(TargetFrameworkIdentifier)' == '.NETCoreApp' and $([MSBuild]::VersionGreaterThanOrEquals($(TargetFrameworkVersion), 5.0)) and ('$(Language)' != 'C++' or '$(_EnablePackageReferencesInVCProjects)' == 'true')) was evaluated as ('' != '' and '.NETCoreApp' == '.NETCoreApp' and True and ('C#' != 'C++' or '' == 'true')).
   2:4>Target "_CheckForLanguageAndFeatureCombinationSupport" in file "C:\Program Files\dotnet\sdk\9.0.313\Sdks\Microsoft.NET.Sdk\targets\Microsoft.NET.RuntimeIdentifierInference.targets" from project "C:\Projects\QuickStockApi\QuickStock\QuickStock.csproj" (target "ProcessFrameworkReferences" depends on it):
       Task "NETSdkError" skipped, due to false condition; (('$(Language)' == 'C++' and '$(_EnablePackageReferencesInVCProjects)' != 'true') and $(OutputType) != 'library' and '$(TargetFrameworkIdentifier)' == '.NETCoreApp') was evaluated as (('C#' == 'C++' and '' != 'true') and Exe != 'library' and '.NETCoreApp' == '.NETCoreApp').
       Task "NETSdkError" skipped, due to false condition; (('$(Language)' == 'C++' and '$(_EnablePackageReferencesInVCProjects)' != 'true') and $(EnableComHosting) == 'true') was evaluated as (('C#' == 'C++' and '' != 'true') and  == 'true').
       Task "NETSdkError" skipped, due to false condition; (('$(Language)' == 'C++' and '$(_EnablePackageReferencesInVCProjects)' != 'true') and $(SelfContained) == 'true') was evaluated as (('C#' == 'C++' and '' != 'true') and false == 'true').
   2:4>Done building target "_CheckForLanguageAndFeatureCombinationSupport" in project "QuickStock.csproj".
   2:4>Target "_ComputeToolPackInputsToProcessFrameworkReferences" in file "C:\Program Files\dotnet\sdk\9.0.313\Sdks\Microsoft.NET.Sdk\targets\Microsoft.NET.Publish.targets" from project "C:\Projects\QuickStockApi\QuickStock\QuickStock.csproj" (target "ProcessFrameworkReferences" depends on it):
   2:4>Done building target "_ComputeToolPackInputsToProcessFrameworkReferences" in project "QuickStock.csproj".
   2:4>Target "ProcessFrameworkReferences" in file "C:\Program Files\dotnet\sdk\9.0.313\Sdks\Microsoft.NET.Sdk\targets\Microsoft.NET.Sdk.FrameworkReferenceResolution.targets" from project "C:\Projects\QuickStockApi\QuickStock\QuickStock.csproj" (target "CollectPackageReferences" depends on it):
       Using "CheckForDuplicateFrameworkReferences" task from assembly "C:\Program Files\dotnet\sdk\9.0.313\Sdks\Microsoft.NET.Sdk\targets\..\tools\net9.0\Microsoft.NET.Build.Tasks.dll".
       Task "CheckForDuplicateFrameworkReferences"
       Done executing task "CheckForDuplicateFrameworkReferences".
       Using "ProcessFrameworkReferences" task from assembly "C:\Program Files\dotnet\sdk\9.0.313\Sdks\Microsoft.NET.Sdk\targets\..\tools\net9.0\Microsoft.NET.Build.Tasks.dll".
       Task "ProcessFrameworkReferences"
       Done executing task "ProcessFrameworkReferences".
       Using "ResolveAppHosts" task from assembly "C:\Program Files\dotnet\sdk\9.0.313\Sdks\Microsoft.NET.Sdk\targets\..\tools\net9.0\Microsoft.NET.Build.Tasks.dll".
       Task "ResolveAppHosts"
       Done executing task "ResolveAppHosts".
   2:4>Done building target "ProcessFrameworkReferences" in project "QuickStock.csproj".
       Target "IncludeTargetingPackReference" skipped, due to false condition; ('$(TargetFrameworkMoniker)' != '' and '$(TargetFrameworkIdentifier)' == '.NETFramework' and '$(AutomaticallyUseReferenceAssemblyPackages)' == 'true') was evaluated as ('.NETCoreApp,Version=v8.0' != '' and '.NETCoreApp' == '.NETFramework' and 'true' == 'true').
       Target "_CheckMicrosoftNetCompilersToolsetFrameworkPackageReference" skipped, due to false condition; ('$(MSBuildRuntimeType)' == 'Full') was evaluated as ('Core' == 'Full').
   2:4>Target "_CheckForObsoleteDotNetCliToolReferences" in file "C:\Program Files\dotnet\sdk\9.0.313\Sdks\Microsoft.NET.Sdk\targets\Microsoft.NET.ObsoleteReferences.targets" from project "C:\Projects\QuickStockApi\QuickStock\QuickStock.csproj" (target "CollectPackageReferences" depends on it):
       Task "NETSdkWarning" skipped, due to false condition; ( '%(_ReferenceToObsoleteDotNetCliTool.Identity)' != '' ) was evaluated as ( '' != '' ).
   2:4>Done building target "_CheckForObsoleteDotNetCliToolReferences" in project "QuickStock.csproj".
   2:4>Target "CollectPackageReferences" in file "C:\Program Files\dotnet\sdk\9.0.313\NuGet.targets" from project "C:\Projects\QuickStockApi\QuickStock\QuickStock.csproj" (target "_GetRestoreProjectStyle" depends on it):
       Using "CheckForDuplicateNuGetItemsTask" task from assembly "C:\Program Files\dotnet\sdk\9.0.313\NuGet.Build.Tasks.dll".
       Task "CheckForDuplicateNuGetItemsTask"
       Done executing task "CheckForDuplicateNuGetItemsTask".
   2:4>Done building target "CollectPackageReferences" in project "QuickStock.csproj".
   2:4>Target "_GetRestoreProjectStyle" in file "C:\Program Files\dotnet\sdk\9.0.313\NuGet.targets" from project "C:\Projects\QuickStockApi\QuickStock\QuickStock.csproj" (target "_GenerateRestoreSpecs" depends on it):
       Using "GetRestoreProjectStyleTask" task from assembly "C:\Program Files\dotnet\sdk\9.0.313\NuGet.Build.Tasks.dll".
       Task "GetRestoreProjectStyleTask"
       Done executing task "GetRestoreProjectStyleTask".
   2:4>Done building target "_GetRestoreProjectStyle" in project "QuickStock.csproj".
   2:4>Target "_GenerateRestoreSpecs" in file "C:\Program Files\dotnet\sdk\9.0.313\NuGet.targets" from project "C:\Projects\QuickStockApi\QuickStock\QuickStock.csproj" (target "_GenerateRestoreGraphProjectEntry" depends on it):
       Using "Message" task from assembly "Microsoft.Build.Tasks.Core, Version=15.1.0.0, Culture=neutral, PublicKeyToken=b03f5f7f11d50a3a".
       Task "Message"
         Restore entry point C:\Projects\QuickStockApi\QuickStock\QuickStock.csproj
       Done executing task "Message".
   2:4>Done building target "_GenerateRestoreSpecs" in project "QuickStock.csproj".
   2:4>Target "_GetRestoreSettingsOverrides" in file "C:\Program Files\dotnet\sdk\9.0.313\NuGet.targets" from project "C:\Projects\QuickStockApi\QuickStock\QuickStock.csproj" (target "_GetRestoreSettings" depends on it):
       Task "MSBuild" skipped, due to false condition; ( '$(RestorePackagesPath)' != '' ) was evaluated as ( '' != '' ).
       Task "MSBuild" skipped, due to false condition; ( '$(RestoreRepositoryPathOverride)' != '' ) was evaluated as ( '' != '' ).
       Task "MSBuild" skipped, due to false condition; ( '$(RestoreSources)' != '' ) was evaluated as ( '' != '' ).
       Task "MSBuild" skipped, due to false condition; ( '$(RestoreFallbackFolders)' != '' ) was evaluated as ( '' != '' ).
   2:4>Done building target "_GetRestoreSettingsOverrides" in project "QuickStock.csproj".
   2:4>Target "_GetRestoreSettingsPerFramework" in file "C:\Program Files\dotnet\sdk\9.0.313\NuGet.targets" from project "C:\Projects\QuickStockApi\QuickStock\QuickStock.csproj" (target "_GetRestoreSettingsCurrentProject" depends on it):
   2:4>Done building target "_GetRestoreSettingsPerFramework" in project "QuickStock.csproj".
   2:4>Target "_GetRestoreSettingsCurrentProject" in file "C:\Program Files\dotnet\sdk\9.0.313\NuGet.targets" from project "C:\Projects\QuickStockApi\QuickStock\QuickStock.csproj" (target "_GetRestoreSettings" depends on it):
   2:4>Done building target "_GetRestoreSettingsCurrentProject" in project "QuickStock.csproj".
       Target "_GetRestoreSettingsAllFrameworks" skipped, due to false condition; ( '$(TargetFrameworks)' != '' AND '$(PackageReferenceCompatibleProjectStyle)' == 'true' ) was evaluated as ( '' != '' AND 'True' == 'true' ).
   2:4>Target "_GetRestoreSettings" in file "C:\Program Files\dotnet\sdk\9.0.313\NuGet.targets" from project "C:\Projects\QuickStockApi\QuickStock\QuickStock.csproj" (target "_GenerateDotnetCliToolReferenceSpecs" depends on it):
       Using "GetRestoreSettingsTask" task from assembly "C:\Program Files\dotnet\sdk\9.0.313\NuGet.Build.Tasks.dll".
       Task "GetRestoreSettingsTask"
         Assembly loaded during TaskRun (NuGet.Build.Tasks.GetRestoreSettingsTask): NuGet.Configuration, Version=6.14.3.1, Culture=neutral, PublicKeyToken=31bf3856ad364e35 (location: C:\Program Files\dotnet\sdk\9.0.313\NuGet.Configuration.dll, MVID: 8f104025-ecfc-41d8-ae16-c966d34ae534, AssemblyLoadContext: MSBuild plugin C:\Program Files\dotnet\sdk\9.0.313\NuGet.Build.Tasks.dll)
       Done executing task "GetRestoreSettingsTask".
   2:4>Done building target "_GetRestoreSettings" in project "QuickStock.csproj".
   2:4>Target "_GenerateDotnetCliToolReferenceSpecs" in file "C:\Program Files\dotnet\sdk\9.0.313\NuGet.targets" from project "C:\Projects\QuickStockApi\QuickStock\QuickStock.csproj" (target "_GenerateRestoreGraphProjectEntry" depends on it):
       Using "GetRestoreDotnetCliToolsTask" task from assembly "C:\Program Files\dotnet\sdk\9.0.313\NuGet.Build.Tasks.dll".
       Task "GetRestoreDotnetCliToolsTask"
       Done executing task "GetRestoreDotnetCliToolsTask".
   2:4>Done building target "_GenerateDotnetCliToolReferenceSpecs" in project "QuickStock.csproj".
   2:4>Target "_GenerateRestoreGraphProjectEntry" in file "C:\Program Files\dotnet\sdk\9.0.313\NuGet.targets" from project "C:\Projects\QuickStockApi\QuickStock\QuickStock.csproj" (entry point):
   2:4>Done building target "_GenerateRestoreGraphProjectEntry" in project "QuickStock.csproj".
   2:4>Done Building Project "C:\Projects\QuickStockApi\QuickStock\QuickStock.csproj" (_GenerateRestoreGraphProjectEntry target(s)).
     1>Done executing task "MSBuild".
       Task "MSBuild"
         Global Properties:
           ExcludeRestorePackageImports=true
           _RestoreSolutionFileUsed=true
           SolutionDir=C:\Projects\QuickStockApi\
           SolutionName=QuickStock
           SolutionFileName=QuickStock.sln
           SolutionPath=C:\Projects\QuickStockApi\QuickStock.sln
           SolutionExt=.sln
         Additional Properties for project "C:\Projects\QuickStockApi\QuickStock\QuickStock.csproj":
           Configuration=Debug
           Platform=AnyCPU
     1>Project "C:\Projects\QuickStockApi\QuickStock.sln" (1) is building "C:\Projects\QuickStockApi\QuickStock\QuickStock.csproj" (2:5) on node 1 (_GenerateProjectRestoreGraph target(s)).
   2:5>Target "_GetRestoreProjectStyle" skipped. Previously built successfully.
       Target "_GetRestoreProjectStyle" skipped. Previously built successfully.
       Target "_GetRestoreProjectStyle" skipped. Previously built successfully.
   2:5>Target "_GetRestoreTargetFrameworkOverride" in file "C:\Program Files\dotnet\sdk\9.0.313\NuGet.targets" from project "C:\Projects\QuickStockApi\QuickStock\QuickStock.csproj" (target "_GetRestoreTargetFrameworksOutput" depends on it):
       Task "GetGlobalPropertyValueTask" skipped, due to false condition; ( '$(TargetFrameworks)' != '' ) was evaluated as ( '' != '' ).
   2:5>Done building target "_GetRestoreTargetFrameworkOverride" in project "QuickStock.csproj".
   2:5>Target "_GetRestoreTargetFrameworksOutput" in file "C:\Program Files\dotnet\sdk\9.0.313\NuGet.targets" from project "C:\Projects\QuickStockApi\QuickStock\QuickStock.csproj" (target "_GenerateRestoreProjectSpec" depends on it):
       Using "GetProjectTargetFrameworksTask" task from assembly "C:\Program Files\dotnet\sdk\9.0.313\NuGet.Build.Tasks.dll".
       Task "GetProjectTargetFrameworksTask"
       Done executing task "GetProjectTargetFrameworksTask".
   2:5>Done building target "_GetRestoreTargetFrameworksOutput" in project "QuickStock.csproj".
       Target "_GetRestoreSettings" skipped. Previously built successfully.
   2:5>Target "_GenerateRestoreProjectSpec" in file "C:\Program Files\dotnet\sdk\9.0.313\NuGet.targets" from project "C:\Projects\QuickStockApi\QuickStock\QuickStock.csproj" (target "_GenerateProjectRestoreGraph" depends on it):
       Task "ConvertToAbsolutePath"
       Done executing task "ConvertToAbsolutePath".
   2:5>Done building target "_GenerateRestoreProjectSpec" in project "QuickStock.csproj".
       Target "_GenerateProjectRestoreGraphAllFrameworks" skipped, due to false condition; ( '$(TargetFrameworks)' != '' ) was evaluated as ( '' != '' ).
       Target "_GetRestoreProjectStyle" skipped. Previously built successfully.
       Target "CollectPackageReferences" skipped. Previously built successfully.
   2:5>Target "CollectPackageDownloads" in file "C:\Program Files\dotnet\sdk\9.0.313\NuGet.targets" from project "C:\Projects\QuickStockApi\QuickStock\QuickStock.csproj" (target "_CollectRestoreInputs" depends on it):
       Task "CheckForDuplicateNuGetItemsTask"
       Done executing task "CheckForDuplicateNuGetItemsTask".
   2:5>Done building target "CollectPackageDownloads" in project "QuickStock.csproj".
   2:5>Target "CollectFrameworkReferences" in file "C:\Program Files\dotnet\sdk\9.0.313\NuGet.targets" from project "C:\Projects\QuickStockApi\QuickStock\QuickStock.csproj" (target "_CollectRestoreInputs" depends on it):
   2:5>Done building target "CollectFrameworkReferences" in project "QuickStock.csproj".
   2:5>Target "CollectCentralPackageVersions" in file "C:\Program Files\dotnet\sdk\9.0.313\NuGet.targets" from project "C:\Projects\QuickStockApi\QuickStock\QuickStock.csproj" (target "_CollectRestoreInputs" depends on it):
       Task "CheckForDuplicateNuGetItemsTask"
       Done executing task "CheckForDuplicateNuGetItemsTask".
   2:5>Done building target "CollectCentralPackageVersions" in project "QuickStock.csproj".
   2:5>Target "CollectNuGetAuditSuppressions" in file "C:\Program Files\dotnet\sdk\9.0.313\NuGet.targets" from project "C:\Projects\QuickStockApi\QuickStock\QuickStock.csproj" (target "_CollectRestoreInputs" depends on it):
       Task "CheckForDuplicateNuGetItemsTask"
       Done executing task "CheckForDuplicateNuGetItemsTask".
   2:5>Done building target "CollectNuGetAuditSuppressions" in project "QuickStock.csproj".
       Target "AddPrunePackageReferences" skipped, due to false condition; ('$(RestoreEnablePackagePruning)' == 'true') was evaluated as ('false' == 'true').
   2:5>Target "CollectPrunePackageReferences" in file "C:\Program Files\dotnet\sdk\9.0.313\NuGet.targets" from project "C:\Projects\QuickStockApi\QuickStock\QuickStock.csproj" (target "_CollectRestoreInputs" depends on it):
       Task "CheckForDuplicateNuGetItemsTask"
       Done executing task "CheckForDuplicateNuGetItemsTask".
   2:5>Done building target "CollectPrunePackageReferences" in project "QuickStock.csproj".
   2:5>Target "_CollectRestoreInputs" in file "C:\Program Files\dotnet\sdk\9.0.313\NuGet.targets" from project "C:\Projects\QuickStockApi\QuickStock\QuickStock.csproj" (target "_GenerateProjectRestoreGraphPerFramework" depends on it):
   2:5>Done building target "_CollectRestoreInputs" in project "QuickStock.csproj".
       Target "PrepRestoreForStoreProjects" skipped, due to false condition; ('$(StorePackageName)' != '') was evaluated as ('' != '').
   2:5>Target "_GenerateProjectRestoreGraphPerFramework" in file "C:\Program Files\dotnet\sdk\9.0.313\NuGet.targets" from project "C:\Projects\QuickStockApi\QuickStock\QuickStock.csproj" (target "_GenerateProjectRestoreGraphCurrentProject" depends on it):
       Using "GetRestoreProjectReferencesTask" task from assembly "C:\Program Files\dotnet\sdk\9.0.313\NuGet.Build.Tasks.dll".
       Task "GetRestoreProjectReferencesTask"
       Done executing task "GetRestoreProjectReferencesTask".
       Using "GetRestorePackageReferencesTask" task from assembly "C:\Program Files\dotnet\sdk\9.0.313\NuGet.Build.Tasks.dll".
       Task "GetRestorePackageReferencesTask"
       Done executing task "GetRestorePackageReferencesTask".
       Task "GetCentralPackageVersionsTask" skipped, due to false condition; ( '$(PackageReferenceCompatibleProjectStyle)' == 'true' AND '$(_CentralPackageVersionsEnabled)' == 'true' ) was evaluated as ( 'True' == 'true' AND '' == 'true' ).
       Using "GetRestorePackageDownloadsTask" task from assembly "C:\Program Files\dotnet\sdk\9.0.313\NuGet.Build.Tasks.dll".
       Task "GetRestorePackageDownloadsTask"
       Done executing task "GetRestorePackageDownloadsTask".
       Using "GetRestoreFrameworkReferencesTask" task from assembly "C:\Program Files\dotnet\sdk\9.0.313\NuGet.Build.Tasks.dll".
       Task "GetRestoreFrameworkReferencesTask"
       Done executing task "GetRestoreFrameworkReferencesTask".
       Using "GetRestoreNuGetAuditSuppressionsTask" task from assembly "C:\Program Files\dotnet\sdk\9.0.313\NuGet.Build.Tasks.dll".
       Task "GetRestoreNuGetAuditSuppressionsTask"
       Done executing task "GetRestoreNuGetAuditSuppressionsTask".
       Using "GetRestorePrunePackageReferencesTask" task from assembly "C:\Program Files\dotnet\sdk\9.0.313\NuGet.Build.Tasks.dll".
       Task "GetRestorePrunePackageReferencesTask"
       Done executing task "GetRestorePrunePackageReferencesTask".
   2:5>Done building target "_GenerateProjectRestoreGraphPerFramework" in project "QuickStock.csproj".
   2:5>Target "_GenerateProjectRestoreGraphCurrentProject" in file "C:\Program Files\dotnet\sdk\9.0.313\NuGet.targets" from project "C:\Projects\QuickStockApi\QuickStock\QuickStock.csproj" (target "_GenerateRestoreDependencies" depends on it):
   2:5>Done building target "_GenerateProjectRestoreGraphCurrentProject" in project "QuickStock.csproj".
   2:5>Target "_GenerateRestoreDependencies" in file "C:\Program Files\dotnet\sdk\9.0.313\NuGet.targets" from project "C:\Projects\QuickStockApi\QuickStock\QuickStock.csproj" (target "_GenerateProjectRestoreGraph" depends on it):
   2:5>Done building target "_GenerateRestoreDependencies" in project "QuickStock.csproj".
   2:5>Target "_GenerateProjectRestoreGraph" in file "C:\Program Files\dotnet\sdk\9.0.313\NuGet.targets" from project "C:\Projects\QuickStockApi\QuickStock\QuickStock.csproj" (entry point):
   2:5>Done building target "_GenerateProjectRestoreGraph" in project "QuickStock.csproj".
   2:5>Done Building Project "C:\Projects\QuickStockApi\QuickStock\QuickStock.csproj" (_GenerateProjectRestoreGraph target(s)).
     1>Done executing task "MSBuild".
     1>Done building target "_GenerateRestoreGraph" in project "QuickStock.sln".
     1>Target "Restore" in file "C:\Program Files\dotnet\sdk\9.0.313\NuGet.targets" from project "C:\Projects\QuickStockApi\QuickStock.sln" (entry point):
       Task "RemoveDuplicates"
       Done executing task "RemoveDuplicates".
       Using "RestoreTask" task from assembly "C:\Program Files\dotnet\sdk\9.0.313\NuGet.Build.Tasks.dll".
       Task "RestoreTask"
         Assembly loaded during TaskRun (NuGet.Build.Tasks.RestoreTask): NuGet.Packaging, Version=6.14.3.1, Culture=neutral, PublicKeyToken=31bf3856ad364e35 (location: C:\Program Files\dotnet\sdk\9.0.313\NuGet.Packaging.dll, MVID: 87f849aa-5568-49ed-9445-883c1a58ed0c, AssemblyLoadContext: MSBuild plugin C:\Program Files\dotnet\sdk\9.0.313\NuGet.Build.Tasks.dll)
         Assembly loaded during TaskRun (NuGet.Build.Tasks.RestoreTask): NuGet.LibraryModel, Version=6.14.3.1, Culture=neutral, PublicKeyToken=31bf3856ad364e35 (location: C:\Program Files\dotnet\sdk\9.0.313\NuGet.LibraryModel.dll, MVID: 683bbc58-654f-47b1-ab25-b8a6a1a262b5, AssemblyLoadContext: MSBuild plugin C:\Program Files\dotnet\sdk\9.0.313\NuGet.Build.Tasks.dll)
         Assembly loaded during TaskRun (NuGet.Build.Tasks.RestoreTask): NuGet.Versioning, Version=6.14.3.1, Culture=neutral, PublicKeyToken=31bf3856ad364e35 (location: C:\Program Files\dotnet\sdk\9.0.313\NuGet.Versioning.dll, MVID: 8df20404-42bc-4315-9649-afb41631a81e, AssemblyLoadContext: MSBuild plugin C:\Program Files\dotnet\sdk\9.0.313\NuGet.Build.Tasks.dll)
         Assembly loaded during TaskRun (NuGet.Build.Tasks.RestoreTask): NuGet.Frameworks, Version=6.14.3.1, Culture=neutral, PublicKeyToken=31bf3856ad364e35 (location: C:\Program Files\dotnet\sdk\9.0.313\NuGet.Frameworks.dll, MVID: 15e2249a-d3f3-4564-8ce4-5816fc473ee1, AssemblyLoadContext: MSBuild plugin C:\Program Files\dotnet\sdk\9.0.313\NuGet.Build.Tasks.dll)
         Assembly loaded during TaskRun (NuGet.Build.Tasks.RestoreTask): System.Buffers, Version=9.0.0.0, Culture=neutral, PublicKeyToken=cc7b13ffcd2ddd51 (location: C:\Program Files\dotnet\shared\Microsoft.NETCore.App\9.0.15\System.Buffers.dll, MVID: d05026b8-7c9b-4f36-a8f3-98471f35fec4, AssemblyLoadContext: Default)
         Assembly loaded during TaskRun (NuGet.Build.Tasks.RestoreTask): NuGet.Protocol, Version=6.14.3.1, Culture=neutral, PublicKeyToken=31bf3856ad364e35 (location: C:\Program Files\dotnet\sdk\9.0.313\NuGet.Protocol.dll, MVID: e9258e6a-4d73-492f-a22d-59392a9cc588, AssemblyLoadContext: MSBuild plugin C:\Program Files\dotnet\sdk\9.0.313\NuGet.Build.Tasks.dll)
         Assembly loaded during TaskRun (NuGet.Build.Tasks.RestoreTask): NuGet.Credentials, Version=6.14.3.1, Culture=neutral, PublicKeyToken=31bf3856ad364e35 (location: C:\Program Files\dotnet\sdk\9.0.313\NuGet.Credentials.dll, MVID: 6a82026e-f396-488b-beb5-fbde6e209d9e, AssemblyLoadContext: MSBuild plugin C:\Program Files\dotnet\sdk\9.0.313\NuGet.Build.Tasks.dll)
         X.509 certificate chain validation will use the default trust store selected by .NET for code signing.
         X.509 certificate chain validation will use the default trust store selected by .NET for timestamping.
         Assembly loaded during TaskRun (NuGet.Build.Tasks.RestoreTask): NuGet.DependencyResolver.Core, Version=6.14.3.1, Culture=neutral, PublicKeyToken=31bf3856ad364e35 (location: C:\Program Files\dotnet\sdk\9.0.313\NuGet.DependencyResolver.Core.dll, MVID: 915fa517-5248-46ff-9aa9-fad4cbf3d98b, AssemblyLoadContext: MSBuild plugin C:\Program Files\dotnet\sdk\9.0.313\NuGet.Build.Tasks.dll)
         Running restore with 12 concurrent jobs.
         Reading project file C:\Projects\QuickStockApi\QuickStock\QuickStock.csproj.
         Assembly loaded during TaskRun (NuGet.Build.Tasks.RestoreTask): Newtonsoft.Json, Version=13.0.0.0, Culture=neutral, PublicKeyToken=30ad4fe6b2a6aeed (location: C:\Program Files\dotnet\sdk\9.0.313\Newtonsoft.Json.dll, MVID: 7e62198b-eab2-4380-bbac-29171862d1d8, AssemblyLoadContext: MSBuild plugin C:\Program Files\dotnet\sdk\9.0.313\NuGet.Build.Tasks.dll)
         Assembly loaded during TaskRun (NuGet.Build.Tasks.RestoreTask): System.Runtime.Serialization.Primitives, Version=9.0.0.0, Culture=neutral, PublicKeyToken=b03f5f7f11d50a3a (location: C:\Program Files\dotnet\shared\Microsoft.NETCore.App\9.0.15\System.Runtime.Serialization.Primitives.dll, MVID: 57a26706-8d5c-4307-8eed-574540091b0a, AssemblyLoadContext: Default)
         Assembly loaded during TaskRun (NuGet.Build.Tasks.RestoreTask): System.Runtime.Numerics, Version=9.0.0.0, Culture=neutral, PublicKeyToken=b03f5f7f11d50a3a (location: C:\Program Files\dotnet\shared\Microsoft.NETCore.App\9.0.15\System.Runtime.Numerics.dll, MVID: a2f69543-bbd1-4c00-b463-5c2ecb79949d, AssemblyLoadContext: Default)
         Assembly loaded during TaskRun (NuGet.Build.Tasks.RestoreTask): System.Text.Encodings.Web, Version=9.0.0.0, Culture=neutral, PublicKeyToken=cc7b13ffcd2ddd51 (location: C:\Program Files\dotnet\shared\Microsoft.NETCore.App\9.0.15\System.Text.Encodings.Web.dll, MVID: 9e692906-db27-4c00-bc54-8bbeb43d89bb, AssemblyLoadContext: Default)
         The restore inputs for 'QuickStock' have not changed. No further actions are required to complete the restore.
         Committing restore...
         Assets file has not changed. Skipping assets file writing. Path: C:\Projects\QuickStockApi\QuickStock\obj\project.assets.json
         No-Op restore. The cache will not be updated. Path: C:\Projects\QuickStockApi\QuickStock\obj\project.nuget.cache
         Restored C:\Projects\QuickStockApi\QuickStock\QuickStock.csproj (in 52 ms).
         
         NuGet Config files used:
             C:\Users\Unknown\AppData\Roaming\NuGet\NuGet.Config
             C:\Program Files (x86)\NuGet\Config\Microsoft.VisualStudio.FallbackLocation.config
             C:\Program Files (x86)\NuGet\Config\Microsoft.VisualStudio.Offline.config
         
         Feeds used:
             https://api.nuget.org/v3/index.json
             C:\Program Files (x86)\Microsoft SDKs\NuGetPackages\
             C:\Program Files\dotnet\library-packs
         All projects are up-to-date for restore.
       Done executing task "RestoreTask".
     1>Done building target "Restore" in project "QuickStock.sln".
     1>Done Building Project "C:\Projects\QuickStockApi\QuickStock.sln" (Restore target(s)).
     0>C:\Projects\QuickStockApi\QuickStock.sln.metaproj : message : Property 'MSBuildExtensionsPath' with value 'C:\Program Files\dotnet\sdk\9.0.313\' expanded from the environment.
       C:\Program Files\dotnet\sdk\9.0.313\NuGet.targets(104,5): message : Property reassignment: $(_GenerateRestoreGraphProjectEntryInputProperties)="
       C:\Program Files\dotnet\sdk\9.0.313\NuGet.targets(104,5): message :       ExcludeRestorePackageImports=true;
       C:\Program Files\dotnet\sdk\9.0.313\NuGet.targets(104,5): message :       _RestoreSolutionFileUsed=true;
       C:\Program Files\dotnet\sdk\9.0.313\NuGet.targets(104,5): message :       SolutionDir=C:\Projects\QuickStockApi\;
       C:\Program Files\dotnet\sdk\9.0.313\NuGet.targets(104,5): message :       SolutionName=QuickStock;
       C:\Program Files\dotnet\sdk\9.0.313\NuGet.targets(104,5): message :       SolutionFileName=QuickStock.sln;
       C:\Program Files\dotnet\sdk\9.0.313\NuGet.targets(104,5): message :       SolutionPath=C:\Projects\QuickStockApi\QuickStock.sln;
       C:\Program Files\dotnet\sdk\9.0.313\NuGet.targets(104,5): message :       SolutionExt=.sln;
       C:\Program Files\dotnet\sdk\9.0.313\NuGet.targets(104,5): message :     " (previous value: "ExcludeRestorePackageImports=true") at C:\Program Files\dotnet\sdk\9.0.313\NuGet.targets (104,5)
       The target "Store" listed in a BeforeTargets attribute at "C:\Program Files\dotnet\sdk\9.0.313\Current\SolutionFile\ImportAfter\Microsoft.NET.Sdk.Solution.targets (33,11)" does not exist in the project, and will be ignored.
       The target "VSTest" listed in a BeforeTargets attribute at "C:\Program Files\dotnet\sdk\9.0.313\Current\SolutionFile\ImportAfter\Microsoft.NET.Sdk.Solution.targets (33,11)" does not exist in the project, and will be ignored.
       The target "_CheckForInvalidConfigurationAndPlatform" listed in a BeforeTargets attribute at "C:\Program Files\dotnet\sdk\9.0.313\NuGet.targets (703,11)" does not exist in the project, and will be ignored.
   1:2>Project "C:\Projects\QuickStockApi\QuickStock.sln" on node 1 (default targets).
   1:2>Target "ValidateSolutionConfiguration" in file "C:\Projects\QuickStockApi\QuickStock.sln.metaproj" from project "C:\Projects\QuickStockApi\QuickStock.sln" (entry point):
   1:2>Task "Error" skipped, due to false condition; (('$(CurrentSolutionConfigurationContents)' == '') and ('$(SkipInvalidConfigurations)' != 'true')) was evaluated as (('<SolutionConfiguration>
  <ProjectConfiguration Project="{5EE91158-8E4E-4887-8DFC-A25B965256BD}" AbsolutePath="C:\Projects\QuickStockApi\QuickStock\QuickStock.csproj" BuildProjectInSolution="True">Debug|AnyCPU</ProjectConfiguration>
</SolutionConfiguration>' == '') and ('' != 'true')).
       Task "Warning" skipped, due to false condition; (('$(CurrentSolutionConfigurationContents)' == '') and ('$(SkipInvalidConfigurations)' == 'true')) was evaluated as (('<SolutionConfiguration>
         <ProjectConfiguration Project="{5EE91158-8E4E-4887-8DFC-A25B965256BD}" AbsolutePath="C:\Projects\QuickStockApi\QuickStock\QuickStock.csproj" BuildProjectInSolution="True">Debug|AnyCPU</ProjectConfiguration>
       </SolutionConfiguration>' == '') and ('' == 'true')).
       Using "Message" task from assembly "Microsoft.Build.Tasks.Core, Version=15.1.0.0, Culture=neutral, PublicKeyToken=b03f5f7f11d50a3a".
       Task "Message"
         Building solution configuration "Debug|Any CPU".
       Done executing task "Message".
   1:2>Done building target "ValidateSolutionConfiguration" in project "QuickStock.sln".
   1:2>Target "ValidateToolsVersions" in file "C:\Projects\QuickStockApi\QuickStock.sln.metaproj" from project "C:\Projects\QuickStockApi\QuickStock.sln" (entry point):
       Task "Error" skipped, due to false condition; ('$(MSBuildToolsVersion)' == '2.0' and ('$(ProjectToolsVersion)' != '2.0' and '$(ProjectToolsVersion)' != '')) was evaluated as ('Current' == '2.0' and ('' != '2.0' and '' != '')).
   1:2>Done building target "ValidateToolsVersions" in project "QuickStock.sln".
   1:2>Target "ValidateProjects" in file "C:\Projects\QuickStockApi\QuickStock.sln.metaproj" from project "C:\Projects\QuickStockApi\QuickStock.sln" (entry point):
   1:2>Done building target "ValidateProjects" in project "QuickStock.sln".
       Target "_CheckForSolutionLevelRuntimeIdentifier" skipped, due to false condition; ('$(RuntimeIdentifier)' != '') was evaluated as ('' != '').
       Target "_CheckForSolutionLevelOutputPath" skipped, due to false condition; ('$(_CommandLineDefinedOutputPath)' == 'true') was evaluated as ('' == 'true').
   1:2>Target "Build" in file "C:\Projects\QuickStockApi\QuickStock.sln.metaproj" from project "C:\Projects\QuickStockApi\QuickStock.sln" (entry point):
       Using "MSBuild" task from assembly "Microsoft.Build.Tasks.Core, Version=15.1.0.0, Culture=neutral, PublicKeyToken=b03f5f7f11d50a3a".
       Task "MSBuild"
         Global Properties:
           BuildingSolutionFile=true
           CurrentSolutionConfigurationContents=<SolutionConfiguration>
           <ProjectConfiguration Project="{5EE91158-8E4E-4887-8DFC-A25B965256BD}" AbsolutePath="C:\Projects\QuickStockApi\QuickStock\QuickStock.csproj" BuildProjectInSolution="True">Debug|AnyCPU</ProjectConfiguration>
         </SolutionConfiguration>
           SolutionDir=C:\Projects\QuickStockApi\
           SolutionExt=.sln
           SolutionFileName=QuickStock.sln
           SolutionName=QuickStock
           SolutionPath=C:\Projects\QuickStockApi\QuickStock.sln
         Additional Properties for project "C:\Projects\QuickStockApi\QuickStock\QuickStock.csproj":
           Configuration=Debug
           Platform=AnyCPU
     0>The SDK "Microsoft.NET.Sdk.Web" was successfully resolved by the "DefaultSdkResolver" resolver to location "C:\Program Files\dotnet\sdk\9.0.313\Sdks\Microsoft.NET.Sdk.Web\Sdk" and version "".
       The SDK "Microsoft.NET.Sdk" was successfully resolved by the "DefaultSdkResolver" resolver to location "C:\Program Files\dotnet\sdk\9.0.313\Sdks\Microsoft.NET.Sdk\Sdk" and version "".
       C:\Program Files\dotnet\sdk\9.0.313\Sdks\Microsoft.NET.Sdk\Sdk\Sdk.props(49,11): message : Property 'MSBuildExtensionsPath' with value 'C:\Program Files\dotnet\sdk\9.0.313\' expanded from the environment.
       C:\Program Files\dotnet\sdk\9.0.313\Current\Microsoft.Common.props(60,5): message : Property reassignment: $(MSBuildProjectExtensionsPath)="C:\Projects\QuickStockApi\QuickStock\obj\" (previous value: "obj\") at C:\Program Files\dotnet\sdk\9.0.313\Current\Microsoft.Common.props (60,5)
       C:\Projects\QuickStockApi\QuickStock\obj\QuickStock.csproj.nuget.g.props(7,5): message : Property 'USERPROFILE' with value 'C:\Users\Unknown' expanded from the environment.
       C:\Users\Unknown\.nuget\packages\swashbuckle.aspnetcore\6.6.2\build\Swashbuckle.AspNetCore.props(3,5): message : Property reassignment: $(OpenApiGenerateDocumentsOnBuild)="false" (previous value: "") at C:\Users\Unknown\.nuget\packages\swashbuckle.aspnetcore\6.6.2\build\Swashbuckle.AspNetCore.props (3,5)
       C:\Program Files\dotnet\sdk\9.0.313\Current\Microsoft.Common.props(84,119): message : Property 'MSBuildUserExtensionsPath' with value 'C:\Users\Unknown\AppData\Local\Microsoft\MSBuild' expanded from the environment.
       The "Configuration" property is a global property, and cannot be modified.
       The "Platform" property is a global property, and cannot be modified.
       The "Configuration" property is a global property, and cannot be modified.
       The "Platform" property is a global property, and cannot be modified.
       C:\Program Files\dotnet\sdk\9.0.313\Sdks\Microsoft.NET.Sdk\targets\Microsoft.NET.Sdk.props(90,5): message : Property reassignment: $(AssemblySearchPaths)="{CandidateAssemblyFiles};{HintPathFromItem}" (previous value: "{CandidateAssemblyFiles}") at C:\Program Files\dotnet\sdk\9.0.313\Sdks\Microsoft.NET.Sdk\targets\Microsoft.NET.Sdk.props (90,5)
       C:\Program Files\dotnet\sdk\9.0.313\Sdks\Microsoft.NET.Sdk\targets\Microsoft.NET.Sdk.props(91,5): message : Property reassignment: $(AssemblySearchPaths)="{CandidateAssemblyFiles};{HintPathFromItem};{TargetFrameworkDirectory}" (previous value: "{CandidateAssemblyFiles};{HintPathFromItem}") at C:\Program Files\dotnet\sdk\9.0.313\Sdks\Microsoft.NET.Sdk\targets\Microsoft.NET.Sdk.props (91,5)
       C:\Program Files\dotnet\sdk\9.0.313\Sdks\Microsoft.NET.Sdk\targets\Microsoft.NET.Sdk.props(92,5): message : Property reassignment: $(AssemblySearchPaths)="{CandidateAssemblyFiles};{HintPathFromItem};{TargetFrameworkDirectory};{RawFileName}" (previous value: "{CandidateAssemblyFiles};{HintPathFromItem};{TargetFrameworkDirectory}") at C:\Program Files\dotnet\sdk\9.0.313\Sdks\Microsoft.NET.Sdk\targets\Microsoft.NET.Sdk.props (92,5)
       The "DefaultSdkResolver" resolver attempted to resolve the SDK "Microsoft.NET.SDK.WorkloadAutoImportPropsLocator".
       Warnings: null
       Errors: MSB4276: The default SDK resolver failed to resolve SDK "Microsoft.NET.SDK.WorkloadAutoImportPropsLocator" because directory "C:\Program Files\dotnet\sdk\9.0.313\Sdks\Microsoft.NET.SDK.WorkloadAutoImportPropsLocator\Sdk" did not exist.
       The SDK "Microsoft.NET.SDK.WorkloadAutoImportPropsLocator" was successfully resolved by the "Microsoft.DotNet.MSBuildWorkloadSdkResolver" resolver to location "C:\Program Files\dotnet\packs\Microsoft.Android.Sdk.Windows\35.0.78\Sdk" and version "null".
       C:\Program Files\dotnet\sdk\9.0.313\Sdks\Microsoft.NET.Sdk\targets\Microsoft.NET.PackProjectTool.props(15,5): message : Property reassignment: $(TargetsForTfmSpecificContentInPackage)=";PackTool;_PackProjectToolValidation" (previous value: ";PackTool") at C:\Program Files\dotnet\sdk\9.0.313\Sdks\Microsoft.NET.Sdk\targets\Microsoft.NET.PackProjectTool.props (15,5)
       The SDK "Microsoft.NET.Sdk.Razor" was successfully resolved by the "DefaultSdkResolver" resolver to location "C:\Program Files\dotnet\sdk\9.0.313\Sdks\Microsoft.NET.Sdk.Razor\Sdk" and version "".
       The SDK "Microsoft.NET.Sdk.StaticWebAssets" was successfully resolved by the "DefaultSdkResolver" resolver to location "C:\Program Files\dotnet\sdk\9.0.313\Sdks\Microsoft.NET.Sdk.StaticWebAssets\Sdk" and version "".
       C:\Program Files\dotnet\sdk\9.0.313\Sdks\Microsoft.NET.Sdk.StaticWebAssets\Sdk\Sdk.StaticWebAssets.StaticAssets.ProjectSystem.props(23,5): message : Property reassignment: $(DefaultItemExcludes)=";**\node_modules\**;node_modules\**;**\jspm_packages\**;jspm_packages\**" (previous value: ";**\node_modules\**;node_modules\**") at C:\Program Files\dotnet\sdk\9.0.313\Sdks\Microsoft.NET.Sdk.StaticWebAssets\Sdk\Sdk.StaticWebAssets.StaticAssets.ProjectSystem.props (23,5)
       C:\Program Files\dotnet\sdk\9.0.313\Sdks\Microsoft.NET.Sdk.StaticWebAssets\Sdk\Sdk.StaticWebAssets.StaticAssets.ProjectSystem.props(24,5): message : Property reassignment: $(DefaultItemExcludes)=";**\node_modules\**;node_modules\**;**\jspm_packages\**;jspm_packages\**;**\bower_components\**;bower_components\**" (previous value: ";**\node_modules\**;node_modules\**;**\jspm_packages\**;jspm_packages\**") at C:\Program Files\dotnet\sdk\9.0.313\Sdks\Microsoft.NET.Sdk.StaticWebAssets\Sdk\Sdk.StaticWebAssets.StaticAssets.ProjectSystem.props (24,5)
       C:\Program Files\dotnet\sdk\9.0.313\Sdks\Microsoft.NET.Sdk.StaticWebAssets\Sdk\Sdk.StaticWebAssets.StaticAssets.ProjectSystem.props(25,5): message : Property reassignment: $(DefaultItemExcludes)=";**\node_modules\**;node_modules\**;**\jspm_packages\**;jspm_packages\**;**\bower_components\**;bower_components\**;**\packages.lock.json" (previous value: ";**\node_modules\**;node_modules\**;**\jspm_packages\**;jspm_packages\**;**\bower_components\**;bower_components\**") at C:\Program Files\dotnet\sdk\9.0.313\Sdks\Microsoft.NET.Sdk.StaticWebAssets\Sdk\Sdk.StaticWebAssets.StaticAssets.ProjectSystem.props (25,5)
       The SDK "Microsoft.NET.Sdk.Web.ProjectSystem" was successfully resolved by the "DefaultSdkResolver" resolver to location "C:\Program Files\dotnet\sdk\9.0.313\Sdks\Microsoft.NET.Sdk.Web.ProjectSystem\Sdk" and version "".
       C:\Program Files\dotnet\sdk\9.0.313\Sdks\Microsoft.NET.Sdk.Web.ProjectSystem\targets\Microsoft.NET.Sdk.Web.ProjectSystem.props(16,5): message : Property reassignment: $(OutputType)="Exe" (previous value: "Library") at C:\Program Files\dotnet\sdk\9.0.313\Sdks\Microsoft.NET.Sdk.Web.ProjectSystem\targets\Microsoft.NET.Sdk.Web.ProjectSystem.props (16,5)
       The SDK "Microsoft.NET.Sdk.Publish" was successfully resolved by the "DefaultSdkResolver" resolver to location "C:\Program Files\dotnet\sdk\9.0.313\Sdks\Microsoft.NET.Sdk.Publish\Sdk" and version "".
       The "Configuration" property is a global property, and cannot be modified.
       The "Platform" property is a global property, and cannot be modified.
       C:\Program Files\dotnet\sdk\9.0.313\Sdks\Microsoft.NET.Sdk\targets\Microsoft.NET.Sdk.ImportPublishProfile.targets(28,5): message : Property reassignment: $(PublishProfileImported)="false" (previous value: "true") at C:\Program Files\dotnet\sdk\9.0.313\Sdks\Microsoft.NET.Sdk\targets\Microsoft.NET.Sdk.ImportPublishProfile.targets (28,5)
       C:\Program Files\dotnet\sdk\9.0.313\Sdks\Microsoft.NET.Sdk\targets\Microsoft.NET.TargetFrameworkInference.targets(69,5): message : Property reassignment: $(TargetPlatformVersion)="" (previous value: "0.0") at C:\Program Files\dotnet\sdk\9.0.313\Sdks\Microsoft.NET.Sdk\targets\Microsoft.NET.TargetFrameworkInference.targets (69,5)
       C:\Program Files\dotnet\sdk\9.0.313\Sdks\Microsoft.NET.Sdk\targets\Microsoft.NET.DefaultOutputPaths.targets(121,5): message : Property reassignment: $(DefaultItemExcludes)=";**\node_modules\**;node_modules\**;**\jspm_packages\**;jspm_packages\**;**\bower_components\**;bower_components\**;**\packages.lock.json;bin\Debug\/**" (previous value: ";**\node_modules\**;node_modules\**;**\jspm_packages\**;jspm_packages\**;**\bower_components\**;bower_components\**;**\packages.lock.json") at C:\Program Files\dotnet\sdk\9.0.313\Sdks\Microsoft.NET.Sdk\targets\Microsoft.NET.DefaultOutputPaths.targets (121,5)
       C:\Program Files\dotnet\sdk\9.0.313\Sdks\Microsoft.NET.Sdk\targets\Microsoft.NET.DefaultOutputPaths.targets(122,5): message : Property reassignment: $(DefaultItemExcludes)=";**\node_modules\**;node_modules\**;**\jspm_packages\**;jspm_packages\**;**\bower_components\**;bower_components\**;**\packages.lock.json;bin\Debug\/**;obj\Debug\/**" (previous value: ";**\node_modules\**;node_modules\**;**\jspm_packages\**;jspm_packages\**;**\bower_components\**;bower_components\**;**\packages.lock.json;bin\Debug\/**") at C:\Program Files\dotnet\sdk\9.0.313\Sdks\Microsoft.NET.Sdk\targets\Microsoft.NET.DefaultOutputPaths.targets (122,5)
       C:\Program Files\dotnet\sdk\9.0.313\Sdks\Microsoft.NET.Sdk\targets\Microsoft.NET.DefaultOutputPaths.targets(137,5): message : Property reassignment: $(OutputPath)="bin\Debug\net8.0\" (previous value: "bin\Debug\") at C:\Program Files\dotnet\sdk\9.0.313\Sdks\Microsoft.NET.Sdk\targets\Microsoft.NET.DefaultOutputPaths.targets (137,5)
       C:\Program Files\dotnet\sdk\9.0.313\Sdks\Microsoft.NET.Sdk\targets\Microsoft.NET.DefaultOutputPaths.targets(142,5): message : Property reassignment: $(IntermediateOutputPath)="obj\Debug\net8.0\" (previous value: "obj\Debug\") at C:\Program Files\dotnet\sdk\9.0.313\Sdks\Microsoft.NET.Sdk\targets\Microsoft.NET.DefaultOutputPaths.targets (142,5)
       The "DefaultSdkResolver" resolver attempted to resolve the SDK "Microsoft.NET.SDK.WorkloadManifestTargetsLocator".
       Warnings: null
       Errors: MSB4276: The default SDK resolver failed to resolve SDK "Microsoft.NET.SDK.WorkloadManifestTargetsLocator" because directory "C:\Program Files\dotnet\sdk\9.0.313\Sdks\Microsoft.NET.SDK.WorkloadManifestTargetsLocator\Sdk" did not exist.
       The SDK "Microsoft.NET.SDK.WorkloadManifestTargetsLocator" was successfully resolved by the "Microsoft.DotNet.MSBuildWorkloadSdkResolver" resolver to location "C:\Program Files\dotnet\sdk-manifests\9.0.100\microsoft.net.sdk.android\35.0.78" and version "null".
       C:\Program Files\dotnet\sdk\9.0.313\Sdks\Microsoft.NET.Sdk\targets\Microsoft.NET.Sdk.BeforeCommon.targets(187,5): message : Property reassignment: $(_FrameworkIdentifierForImplicitDefine)="NET" (previous value: "NETCOREAPP") at C:\Program Files\dotnet\sdk\9.0.313\Sdks\Microsoft.NET.Sdk\targets\Microsoft.NET.Sdk.BeforeCommon.targets (187,5)
       C:\Program Files\dotnet\sdk\9.0.313\Sdks\Microsoft.NET.Sdk\targets\Microsoft.NET.Sdk.BeforeCommon.targets(192,5): message : Property reassignment: $(_FrameworkVersionForImplicitDefine)="8_0" (previous value: "8.0") at C:\Program Files\dotnet\sdk\9.0.313\Sdks\Microsoft.NET.Sdk\targets\Microsoft.NET.Sdk.BeforeCommon.targets (192,5)
       C:\Program Files\dotnet\sdk\9.0.313\Roslyn\Microsoft.CSharp.Core.targets(200,5): message : Property reassignment: $(CommandLineArgsForDesignTimeEvaluation)="-langversion:12.0 -define:TRACE" (previous value: "-langversion:12.0") at C:\Program Files\dotnet\sdk\9.0.313\Roslyn\Microsoft.CSharp.Core.targets (200,5)
       The "Platform" property is a global property, and cannot be modified.
       The "Configuration" property is a global property, and cannot be modified.
       C:\Program Files\dotnet\sdk\9.0.313\Microsoft.Common.CurrentVersion.targets(175,5): message : Property reassignment: $(_DebugSymbolsProduced)="true" (previous value: "false") at C:\Program Files\dotnet\sdk\9.0.313\Microsoft.Common.CurrentVersion.targets (175,5)
       C:\Program Files\dotnet\sdk\9.0.313\Microsoft.Common.CurrentVersion.targets(185,5): message : Property reassignment: $(_DocumentationFileProduced)="false" (previous value: "true") at C:\Program Files\dotnet\sdk\9.0.313\Microsoft.Common.CurrentVersion.targets (185,5)
       The "SolutionName" property is a global property, and cannot be modified.
       The "SolutionFileName" property is a global property, and cannot be modified.
       The "SolutionPath" property is a global property, and cannot be modified.
       The "SolutionDir" property is a global property, and cannot be modified.
       The "SolutionExt" property is a global property, and cannot be modified.
       C:\Program Files\dotnet\sdk\9.0.313\Microsoft.Common.CurrentVersion.targets(393,5): message : Property reassignment: $(MSBuildCopyMarkerName)="QuickStock.csproj.Up2Date" (previous value: "QuickStock.csproj") at C:\Program Files\dotnet\sdk\9.0.313\Microsoft.Common.CurrentVersion.targets (393,5)
       C:\Program Files\dotnet\sdk\9.0.313\Microsoft.Common.CurrentVersion.targets(541,5): message : Property reassignment: $(ProcessorArchitecture)="msil" (previous value: "") at C:\Program Files\dotnet\sdk\9.0.313\Microsoft.Common.CurrentVersion.targets (541,5)
       C:\Program Files\dotnet\sdk\9.0.313\Microsoft.Common.CurrentVersion.targets(580,5): message : Property reassignment: $(DelaySign)="" (previous value: "false") at C:\Program Files\dotnet\sdk\9.0.313\Microsoft.Common.CurrentVersion.targets (580,5)
       C:\Program Files\dotnet\sdk\9.0.313\Microsoft.Common.CurrentVersion.targets(2619,5): message : Property 'LOCALAPPDATA' with value 'C:\Users\Unknown\AppData\Local' expanded from the environment.
       C:\Program Files\dotnet\sdk\9.0.313\Microsoft.Common.CurrentVersion.targets(3947,5): message : Property reassignment: $(_SGenGenerateSerializationAssembliesConfig)="Auto" (previous value: "") at C:\Program Files\dotnet\sdk\9.0.313\Microsoft.Common.CurrentVersion.targets (3947,5)
       C:\Program Files\dotnet\sdk\9.0.313\Microsoft.Common.CurrentVersion.targets(3948,5): message : Property reassignment: $(_SGenGenerateSerializationAssembliesConfig)="Off" (previous value: "Auto") at C:\Program Files\dotnet\sdk\9.0.313\Microsoft.Common.CurrentVersion.targets (3948,5)
       C:\Program Files\dotnet\sdk\9.0.313\Microsoft.Common.CurrentVersion.targets(5159,5): message : Property reassignment: $(_TargetsThatPrepareProjectReferences)="
       C:\Program Files\dotnet\sdk\9.0.313\Microsoft.Common.CurrentVersion.targets(5159,5): message :       AssignProjectConfiguration;
       C:\Program Files\dotnet\sdk\9.0.313\Microsoft.Common.CurrentVersion.targets(5159,5): message :       _SplitProjectReferencesByFileExistence
       C:\Program Files\dotnet\sdk\9.0.313\Microsoft.Common.CurrentVersion.targets(5159,5): message :     " (previous value: "_SplitProjectReferencesByFileExistence") at C:\Program Files\dotnet\sdk\9.0.313\Microsoft.Common.CurrentVersion.targets (5159,5)
       C:\Program Files\dotnet\sdk\9.0.313\Microsoft.Common.CurrentVersion.targets(6954,5): message : Property 'MSBuildExtensionsPath32' with value 'C:\Program Files\dotnet\sdk\9.0.313' expanded from the environment.
       C:\Users\Unknown\.nuget\packages\microsoft.extensions.apidescription.server\6.0.5\build\Microsoft.Extensions.ApiDescription.Server.targets(9,5): message : Property reassignment: $(OpenApiGenerateDocuments)="true" (previous value: "") at C:\Users\Unknown\.nuget\packages\microsoft.extensions.apidescription.server\6.0.5\build\Microsoft.Extensions.ApiDescription.Server.targets (9,5)
       C:\Program Files\dotnet\sdk\9.0.313\Sdks\Microsoft.NET.Sdk\targets\Microsoft.PackageDependencyResolution.targets(29,5): message : Property reassignment: $(ProjectAssetsCacheFile)="C:\Projects\QuickStockApi\QuickStock\obj\Debug\net8.0\QuickStock.assets.cache" (previous value: "obj\Debug\net8.0\QuickStock.assets.cache") at C:\Program Files\dotnet\sdk\9.0.313\Sdks\Microsoft.NET.Sdk\targets\Microsoft.PackageDependencyResolution.targets (29,5)
       C:\Program Files\dotnet\sdk\9.0.313\Sdks\Microsoft.NET.Sdk\targets\Microsoft.PackageDependencyResolution.targets(80,5): message : Property reassignment: $(ResolveAssemblyReferencesDependsOn)="
       C:\Program Files\dotnet\sdk\9.0.313\Sdks\Microsoft.NET.Sdk\targets\Microsoft.PackageDependencyResolution.targets(80,5): message :       
       C:\Program Files\dotnet\sdk\9.0.313\Sdks\Microsoft.NET.Sdk\targets\Microsoft.PackageDependencyResolution.targets(80,5): message :       ResolveProjectReferences;
       C:\Program Files\dotnet\sdk\9.0.313\Sdks\Microsoft.NET.Sdk\targets\Microsoft.PackageDependencyResolution.targets(80,5): message :       FindInvalidProjectReferences;
       C:\Program Files\dotnet\sdk\9.0.313\Sdks\Microsoft.NET.Sdk\targets\Microsoft.PackageDependencyResolution.targets(80,5): message :       GetFrameworkPaths;
       C:\Program Files\dotnet\sdk\9.0.313\Sdks\Microsoft.NET.Sdk\targets\Microsoft.PackageDependencyResolution.targets(80,5): message :       GetReferenceAssemblyPaths;
       C:\Program Files\dotnet\sdk\9.0.313\Sdks\Microsoft.NET.Sdk\targets\Microsoft.PackageDependencyResolution.targets(80,5): message :       PrepareForBuild;
       C:\Program Files\dotnet\sdk\9.0.313\Sdks\Microsoft.NET.Sdk\targets\Microsoft.PackageDependencyResolution.targets(80,5): message :       ResolveSDKReferences;
       C:\Program Files\dotnet\sdk\9.0.313\Sdks\Microsoft.NET.Sdk\targets\Microsoft.PackageDependencyResolution.targets(80,5): message :       ExpandSDKReferences;
       C:\Program Files\dotnet\sdk\9.0.313\Sdks\Microsoft.NET.Sdk\targets\Microsoft.PackageDependencyResolution.targets(80,5): message :     ;
       C:\Program Files\dotnet\sdk\9.0.313\Sdks\Microsoft.NET.Sdk\targets\Microsoft.PackageDependencyResolution.targets(80,5): message :       ResolvePackageDependenciesForBuild;
       C:\Program Files\dotnet\sdk\9.0.313\Sdks\Microsoft.NET.Sdk\targets\Microsoft.PackageDependencyResolution.targets(80,5): message :       _HandlePackageFileConflicts;
       C:\Program Files\dotnet\sdk\9.0.313\Sdks\Microsoft.NET.Sdk\targets\Microsoft.PackageDependencyResolution.targets(80,5): message :     " (previous value: "
       C:\Program Files\dotnet\sdk\9.0.313\Sdks\Microsoft.NET.Sdk\targets\Microsoft.PackageDependencyResolution.targets(80,5): message :       ResolveProjectReferences;
       C:\Program Files\dotnet\sdk\9.0.313\Sdks\Microsoft.NET.Sdk\targets\Microsoft.PackageDependencyResolution.targets(80,5): message :       FindInvalidProjectReferences;
       C:\Program Files\dotnet\sdk\9.0.313\Sdks\Microsoft.NET.Sdk\targets\Microsoft.PackageDependencyResolution.targets(80,5): message :       GetFrameworkPaths;
       C:\Program Files\dotnet\sdk\9.0.313\Sdks\Microsoft.NET.Sdk\targets\Microsoft.PackageDependencyResolution.targets(80,5): message :       GetReferenceAssemblyPaths;
       C:\Program Files\dotnet\sdk\9.0.313\Sdks\Microsoft.NET.Sdk\targets\Microsoft.PackageDependencyResolution.targets(80,5): message :       PrepareForBuild;
       C:\Program Files\dotnet\sdk\9.0.313\Sdks\Microsoft.NET.Sdk\targets\Microsoft.PackageDependencyResolution.targets(80,5): message :       ResolveSDKReferences;
       C:\Program Files\dotnet\sdk\9.0.313\Sdks\Microsoft.NET.Sdk\targets\Microsoft.PackageDependencyResolution.targets(80,5): message :       ExpandSDKReferences;
       C:\Program Files\dotnet\sdk\9.0.313\Sdks\Microsoft.NET.Sdk\targets\Microsoft.PackageDependencyResolution.targets(80,5): message :     ") at C:\Program Files\dotnet\sdk\9.0.313\Sdks\Microsoft.NET.Sdk\targets\Microsoft.PackageDependencyResolution.targets (80,5)
       C:\Program Files\dotnet\sdk\9.0.313\Sdks\Microsoft.NET.Sdk\targets\Microsoft.PackageDependencyResolution.targets(86,5): message : Property reassignment: $(PrepareResourcesDependsOn)="
       C:\Program Files\dotnet\sdk\9.0.313\Sdks\Microsoft.NET.Sdk\targets\Microsoft.PackageDependencyResolution.targets(86,5): message :       ResolvePackageDependenciesForBuild;
       C:\Program Files\dotnet\sdk\9.0.313\Sdks\Microsoft.NET.Sdk\targets\Microsoft.PackageDependencyResolution.targets(86,5): message :       _HandlePackageFileConflicts;
       C:\Program Files\dotnet\sdk\9.0.313\Sdks\Microsoft.NET.Sdk\targets\Microsoft.PackageDependencyResolution.targets(86,5): message :       
       C:\Program Files\dotnet\sdk\9.0.313\Sdks\Microsoft.NET.Sdk\targets\Microsoft.PackageDependencyResolution.targets(86,5): message :       ;
       C:\Program Files\dotnet\sdk\9.0.313\Sdks\Microsoft.NET.Sdk\targets\Microsoft.PackageDependencyResolution.targets(86,5): message :       PrepareResourceNames;
       C:\Program Files\dotnet\sdk\9.0.313\Sdks\Microsoft.NET.Sdk\targets\Microsoft.PackageDependencyResolution.targets(86,5): message :       ResGen;
       C:\Program Files\dotnet\sdk\9.0.313\Sdks\Microsoft.NET.Sdk\targets\Microsoft.PackageDependencyResolution.targets(86,5): message :       CompileLicxFiles
       C:\Program Files\dotnet\sdk\9.0.313\Sdks\Microsoft.NET.Sdk\targets\Microsoft.PackageDependencyResolution.targets(86,5): message :     
       C:\Program Files\dotnet\sdk\9.0.313\Sdks\Microsoft.NET.Sdk\targets\Microsoft.PackageDependencyResolution.targets(86,5): message :     " (previous value: "
       C:\Program Files\dotnet\sdk\9.0.313\Sdks\Microsoft.NET.Sdk\targets\Microsoft.PackageDependencyResolution.targets(86,5): message :       ;
       C:\Program Files\dotnet\sdk\9.0.313\Sdks\Microsoft.NET.Sdk\targets\Microsoft.PackageDependencyResolution.targets(86,5): message :       PrepareResourceNames;
       C:\Program Files\dotnet\sdk\9.0.313\Sdks\Microsoft.NET.Sdk\targets\Microsoft.PackageDependencyResolution.targets(86,5): message :       ResGen;
       C:\Program Files\dotnet\sdk\9.0.313\Sdks\Microsoft.NET.Sdk\targets\Microsoft.PackageDependencyResolution.targets(86,5): message :       CompileLicxFiles
       C:\Program Files\dotnet\sdk\9.0.313\Sdks\Microsoft.NET.Sdk\targets\Microsoft.PackageDependencyResolution.targets(86,5): message :     ") at C:\Program Files\dotnet\sdk\9.0.313\Sdks\Microsoft.NET.Sdk\targets\Microsoft.PackageDependencyResolution.targets (86,5)
       C:\Program Files\dotnet\sdk\9.0.313\Sdks\Microsoft.NET.Sdk\targets\Microsoft.NET.Sdk.DefaultItems.targets(27,5): message : Property reassignment: $(DefaultItemExcludes)=";**\node_modules\**;node_modules\**;**\jspm_packages\**;jspm_packages\**;**\bower_components\**;bower_components\**;**\packages.lock.json;bin\Debug\/**;obj\Debug\/**;bin\/**" (previous value: ";**\node_modules\**;node_modules\**;**\jspm_packages\**;jspm_packages\**;**\bower_components\**;bower_components\**;**\packages.lock.json;bin\Debug\/**;obj\Debug\/**") at C:\Program Files\dotnet\sdk\9.0.313\Sdks\Microsoft.NET.Sdk\targets\Microsoft.NET.Sdk.DefaultItems.targets (27,5)
       C:\Program Files\dotnet\sdk\9.0.313\Sdks\Microsoft.NET.Sdk\targets\Microsoft.NET.Sdk.DefaultItems.targets(29,5): message : Property reassignment: $(DefaultItemExcludes)=";**\node_modules\**;node_modules\**;**\jspm_packages\**;jspm_packages\**;**\bower_components\**;bower_components\**;**\packages.lock.json;bin\Debug\/**;obj\Debug\/**;bin\/**;obj\/**" (previous value: ";**\node_modules\**;node_modules\**;**\jspm_packages\**;jspm_packages\**;**\bower_components\**;bower_components\**;**\packages.lock.json;bin\Debug\/**;obj\Debug\/**;bin\/**") at C:\Program Files\dotnet\sdk\9.0.313\Sdks\Microsoft.NET.Sdk\targets\Microsoft.NET.Sdk.DefaultItems.targets (29,5)
       C:\Program Files\dotnet\sdk\9.0.313\Sdks\Microsoft.NET.Sdk\targets\Microsoft.NET.Sdk.DefaultItems.targets(32,5): message : Property reassignment: $(DefaultItemExcludes)=";**\node_modules\**;node_modules\**;**\jspm_packages\**;jspm_packages\**;**\bower_components\**;bower_components\**;**\packages.lock.json;bin\Debug\/**;obj\Debug\/**;bin\/**;obj\/**;**/*.user" (previous value: ";**\node_modules\**;node_modules\**;**\jspm_packages\**;jspm_packages\**;**\bower_components\**;bower_components\**;**\packages.lock.json;bin\Debug\/**;obj\Debug\/**;bin\/**;obj\/**") at C:\Program Files\dotnet\sdk\9.0.313\Sdks\Microsoft.NET.Sdk\targets\Microsoft.NET.Sdk.DefaultItems.targets (32,5)
       C:\Program Files\dotnet\sdk\9.0.313\Sdks\Microsoft.NET.Sdk\targets\Microsoft.NET.Sdk.DefaultItems.targets(33,5): message : Property reassignment: $(DefaultItemExcludes)=";**\node_modules\**;node_modules\**;**\jspm_packages\**;jspm_packages\**;**\bower_components\**;bower_components\**;**\packages.lock.json;bin\Debug\/**;obj\Debug\/**;bin\/**;obj\/**;**/*.user;**/*.*proj" (previous value: ";**\node_modules\**;node_modules\**;**\jspm_packages\**;jspm_packages\**;**\bower_components\**;bower_components\**;**\packages.lock.json;bin\Debug\/**;obj\Debug\/**;bin\/**;obj\/**;**/*.user") at C:\Program Files\dotnet\sdk\9.0.313\Sdks\Microsoft.NET.Sdk\targets\Microsoft.NET.Sdk.DefaultItems.targets (33,5)
       C:\Program Files\dotnet\sdk\9.0.313\Sdks\Microsoft.NET.Sdk\targets\Microsoft.NET.Sdk.DefaultItems.targets(34,5): message : Property reassignment: $(DefaultItemExcludes)=";**\node_modules\**;node_modules\**;**\jspm_packages\**;jspm_packages\**;**\bower_components\**;bower_components\**;**\packages.lock.json;bin\Debug\/**;obj\Debug\/**;bin\/**;obj\/**;**/*.user;**/*.*proj;**/*.sln" (previous value: ";**\node_modules\**;node_modules\**;**\jspm_packages\**;jspm_packages\**;**\bower_components\**;bower_components\**;**\packages.lock.json;bin\Debug\/**;obj\Debug\/**;bin\/**;obj\/**;**/*.user;**/*.*proj") at C:\Program Files\dotnet\sdk\9.0.313\Sdks\Microsoft.NET.Sdk\targets\Microsoft.NET.Sdk.DefaultItems.targets (34,5)
       C:\Program Files\dotnet\sdk\9.0.313\Sdks\Microsoft.NET.Sdk\targets\Microsoft.NET.Sdk.DefaultItems.targets(35,5): message : Property reassignment: $(DefaultItemExcludes)=";**\node_modules\**;node_modules\**;**\jspm_packages\**;jspm_packages\**;**\bower_components\**;bower_components\**;**\packages.lock.json;bin\Debug\/**;obj\Debug\/**;bin\/**;obj\/**;**/*.user;**/*.*proj;**/*.sln;**/*.slnx" (previous value: ";**\node_modules\**;node_modules\**;**\jspm_packages\**;jspm_packages\**;**\bower_components\**;bower_components\**;**\packages.lock.json;bin\Debug\/**;obj\Debug\/**;bin\/**;obj\/**;**/*.user;**/*.*proj;**/*.sln") at C:\Program Files\dotnet\sdk\9.0.313\Sdks\Microsoft.NET.Sdk\targets\Microsoft.NET.Sdk.DefaultItems.targets (35,5)
       C:\Program Files\dotnet\sdk\9.0.313\Sdks\Microsoft.NET.Sdk\targets\Microsoft.NET.Sdk.DefaultItems.targets(36,5): message : Property reassignment: $(DefaultItemExcludes)=";**\node_modules\**;node_modules\**;**\jspm_packages\**;jspm_packages\**;**\bower_components\**;bower_components\**;**\packages.lock.json;bin\Debug\/**;obj\Debug\/**;bin\/**;obj\/**;**/*.user;**/*.*proj;**/*.sln;**/*.slnx;**/*.vssscc" (previous value: ";**\node_modules\**;node_modules\**;**\jspm_packages\**;jspm_packages\**;**\bower_components\**;bower_components\**;**\packages.lock.json;bin\Debug\/**;obj\Debug\/**;bin\/**;obj\/**;**/*.user;**/*.*proj;**/*.sln;**/*.slnx") at C:\Program Files\dotnet\sdk\9.0.313\Sdks\Microsoft.NET.Sdk\targets\Microsoft.NET.Sdk.DefaultItems.targets (36,5)
       C:\Program Files\dotnet\sdk\9.0.313\Sdks\Microsoft.NET.Sdk\targets\Microsoft.NET.Sdk.DefaultItems.targets(37,5): message : Property reassignment: $(DefaultItemExcludes)=";**\node_modules\**;node_modules\**;**\jspm_packages\**;jspm_packages\**;**\bower_components\**;bower_components\**;**\packages.lock.json;bin\Debug\/**;obj\Debug\/**;bin\/**;obj\/**;**/*.user;**/*.*proj;**/*.sln;**/*.slnx;**/*.vssscc;**/.DS_Store" (previous value: ";**\node_modules\**;node_modules\**;**\jspm_packages\**;jspm_packages\**;**\bower_components\**;bower_components\**;**\packages.lock.json;bin\Debug\/**;obj\Debug\/**;bin\/**;obj\/**;**/*.user;**/*.*proj;**/*.sln;**/*.slnx;**/*.vssscc") at C:\Program Files\dotnet\sdk\9.0.313\Sdks\Microsoft.NET.Sdk\targets\Microsoft.NET.Sdk.DefaultItems.targets (37,5)
       C:\Program Files\dotnet\sdk\9.0.313\Sdks\Microsoft.NET.Sdk\targets\Microsoft.NET.Sdk.FrameworkReferenceResolution.targets(14,5): message : Property reassignment: $(ResolveAssemblyReferencesDependsOn)="
       C:\Program Files\dotnet\sdk\9.0.313\Sdks\Microsoft.NET.Sdk\targets\Microsoft.NET.Sdk.FrameworkReferenceResolution.targets(14,5): message :       
       C:\Program Files\dotnet\sdk\9.0.313\Sdks\Microsoft.NET.Sdk\targets\Microsoft.NET.Sdk.FrameworkReferenceResolution.targets(14,5): message :       
       C:\Program Files\dotnet\sdk\9.0.313\Sdks\Microsoft.NET.Sdk\targets\Microsoft.NET.Sdk.FrameworkReferenceResolution.targets(14,5): message :       ResolveProjectReferences;
       C:\Program Files\dotnet\sdk\9.0.313\Sdks\Microsoft.NET.Sdk\targets\Microsoft.NET.Sdk.FrameworkReferenceResolution.targets(14,5): message :       FindInvalidProjectReferences;
       C:\Program Files\dotnet\sdk\9.0.313\Sdks\Microsoft.NET.Sdk\targets\Microsoft.NET.Sdk.FrameworkReferenceResolution.targets(14,5): message :       GetFrameworkPaths;
       C:\Program Files\dotnet\sdk\9.0.313\Sdks\Microsoft.NET.Sdk\targets\Microsoft.NET.Sdk.FrameworkReferenceResolution.targets(14,5): message :       GetReferenceAssemblyPaths;
       C:\Program Files\dotnet\sdk\9.0.313\Sdks\Microsoft.NET.Sdk\targets\Microsoft.NET.Sdk.FrameworkReferenceResolution.targets(14,5): message :       PrepareForBuild;
       C:\Program Files\dotnet\sdk\9.0.313\Sdks\Microsoft.NET.Sdk\targets\Microsoft.NET.Sdk.FrameworkReferenceResolution.targets(14,5): message :       ResolveSDKReferences;
       C:\Program Files\dotnet\sdk\9.0.313\Sdks\Microsoft.NET.Sdk\targets\Microsoft.NET.Sdk.FrameworkReferenceResolution.targets(14,5): message :       ExpandSDKReferences;
       C:\Program Files\dotnet\sdk\9.0.313\Sdks\Microsoft.NET.Sdk\targets\Microsoft.NET.Sdk.FrameworkReferenceResolution.targets(14,5): message :     ;
       C:\Program Files\dotnet\sdk\9.0.313\Sdks\Microsoft.NET.Sdk\targets\Microsoft.NET.Sdk.FrameworkReferenceResolution.targets(14,5): message :       ResolvePackageDependenciesForBuild;
       C:\Program Files\dotnet\sdk\9.0.313\Sdks\Microsoft.NET.Sdk\targets\Microsoft.NET.Sdk.FrameworkReferenceResolution.targets(14,5): message :       _HandlePackageFileConflicts;
       C:\Program Files\dotnet\sdk\9.0.313\Sdks\Microsoft.NET.Sdk\targets\Microsoft.NET.Sdk.FrameworkReferenceResolution.targets(14,5): message :     ;
       C:\Program Files\dotnet\sdk\9.0.313\Sdks\Microsoft.NET.Sdk\targets\Microsoft.NET.Sdk.FrameworkReferenceResolution.targets(14,5): message :       ResolveTargetingPackAssets;
       C:\Program Files\dotnet\sdk\9.0.313\Sdks\Microsoft.NET.Sdk\targets\Microsoft.NET.Sdk.FrameworkReferenceResolution.targets(14,5): message :     " (previous value: "
       C:\Program Files\dotnet\sdk\9.0.313\Sdks\Microsoft.NET.Sdk\targets\Microsoft.NET.Sdk.FrameworkReferenceResolution.targets(14,5): message :       
       C:\Program Files\dotnet\sdk\9.0.313\Sdks\Microsoft.NET.Sdk\targets\Microsoft.NET.Sdk.FrameworkReferenceResolution.targets(14,5): message :       ResolveProjectReferences;
       C:\Program Files\dotnet\sdk\9.0.313\Sdks\Microsoft.NET.Sdk\targets\Microsoft.NET.Sdk.FrameworkReferenceResolution.targets(14,5): message :       FindInvalidProjectReferences;
       C:\Program Files\dotnet\sdk\9.0.313\Sdks\Microsoft.NET.Sdk\targets\Microsoft.NET.Sdk.FrameworkReferenceResolution.targets(14,5): message :       GetFrameworkPaths;
       C:\Program Files\dotnet\sdk\9.0.313\Sdks\Microsoft.NET.Sdk\targets\Microsoft.NET.Sdk.FrameworkReferenceResolution.targets(14,5): message :       GetReferenceAssemblyPaths;
       C:\Program Files\dotnet\sdk\9.0.313\Sdks\Microsoft.NET.Sdk\targets\Microsoft.NET.Sdk.FrameworkReferenceResolution.targets(14,5): message :       PrepareForBuild;
       C:\Program Files\dotnet\sdk\9.0.313\Sdks\Microsoft.NET.Sdk\targets\Microsoft.NET.Sdk.FrameworkReferenceResolution.targets(14,5): message :       ResolveSDKReferences;
       C:\Program Files\dotnet\sdk\9.0.313\Sdks\Microsoft.NET.Sdk\targets\Microsoft.NET.Sdk.FrameworkReferenceResolution.targets(14,5): message :       ExpandSDKReferences;
       C:\Program Files\dotnet\sdk\9.0.313\Sdks\Microsoft.NET.Sdk\targets\Microsoft.NET.Sdk.FrameworkReferenceResolution.targets(14,5): message :     ;
       C:\Program Files\dotnet\sdk\9.0.313\Sdks\Microsoft.NET.Sdk\targets\Microsoft.NET.Sdk.FrameworkReferenceResolution.targets(14,5): message :       ResolvePackageDependenciesForBuild;
       C:\Program Files\dotnet\sdk\9.0.313\Sdks\Microsoft.NET.Sdk\targets\Microsoft.NET.Sdk.FrameworkReferenceResolution.targets(14,5): message :       _HandlePackageFileConflicts;
       C:\Program Files\dotnet\sdk\9.0.313\Sdks\Microsoft.NET.Sdk\targets\Microsoft.NET.Sdk.FrameworkReferenceResolution.targets(14,5): message :     ") at C:\Program Files\dotnet\sdk\9.0.313\Sdks\Microsoft.NET.Sdk\targets\Microsoft.NET.Sdk.FrameworkReferenceResolution.targets (14,5)
       C:\Program Files\dotnet\sdk\9.0.313\Sdks\Microsoft.NET.Sdk\targets\Microsoft.NET.Sdk.targets(44,5): message : Property reassignment: $(_GenerateRuntimeConfigurationPropertyInputsCache)="C:\Projects\QuickStockApi\QuickStock\obj\Debug\net8.0\QuickStock.genruntimeconfig.cache" (previous value: "obj\Debug\net8.0\QuickStock.genruntimeconfig.cache") at C:\Program Files\dotnet\sdk\9.0.313\Sdks\Microsoft.NET.Sdk\targets\Microsoft.NET.Sdk.targets (44,5)
       C:\Program Files\dotnet\sdk\9.0.313\Sdks\Microsoft.NET.Sdk\targets\Microsoft.NET.Sdk.targets(46,5): message : Property reassignment: $(_GeneratePublishDependencyFilePropertyInputsCache)="C:\Projects\QuickStockApi\QuickStock\obj\Debug\net8.0\QuickStock.genpublishdeps.cache" (previous value: "obj\Debug\net8.0\QuickStock.genpublishdeps.cache") at C:\Program Files\dotnet\sdk\9.0.313\Sdks\Microsoft.NET.Sdk\targets\Microsoft.NET.Sdk.targets (46,5)
       C:\Program Files\dotnet\sdk\9.0.313\Sdks\Microsoft.NET.Sdk\targets\Microsoft.NET.Sdk.targets(48,5): message : Property reassignment: $(_GenerateSingleFileBundlePropertyInputsCache)="C:\Projects\QuickStockApi\QuickStock\obj\Debug\net8.0\QuickStock.genbundle.cache" (previous value: "obj\Debug\net8.0\QuickStock.genbundle.cache") at C:\Program Files\dotnet\sdk\9.0.313\Sdks\Microsoft.NET.Sdk\targets\Microsoft.NET.Sdk.targets (48,5)
       C:\Program Files\dotnet\sdk\9.0.313\Sdks\Microsoft.NET.Sdk\targets\Microsoft.NET.Sdk.targets(81,5): message : Property reassignment: $(GenerateRuntimeConfigDevFile)="false" (previous value: "true") at C:\Program Files\dotnet\sdk\9.0.313\Sdks\Microsoft.NET.Sdk\targets\Microsoft.NET.Sdk.targets (81,5)
       C:\Program Files\dotnet\sdk\9.0.313\Sdks\Microsoft.NET.Sdk\targets\Microsoft.NET.Sdk.targets(97,5): message : Property reassignment: $(_DefaultUserProfileRuntimeStorePath)="C:\Users\Unknown" (previous value: "") at C:\Program Files\dotnet\sdk\9.0.313\Sdks\Microsoft.NET.Sdk\targets\Microsoft.NET.Sdk.targets (97,5)
       C:\Program Files\dotnet\sdk\9.0.313\Sdks\Microsoft.NET.Sdk\targets\Microsoft.NET.Sdk.targets(98,5): message : Property reassignment: $(_DefaultUserProfileRuntimeStorePath)="C:\Users\Unknown\.dotnet\store" (previous value: "C:\Users\Unknown") at C:\Program Files\dotnet\sdk\9.0.313\Sdks\Microsoft.NET.Sdk\targets\Microsoft.NET.Sdk.targets (98,5)
       C:\Program Files\dotnet\sdk\9.0.313\Sdks\Microsoft.NET.Sdk\targets\Microsoft.NET.Sdk.targets(140,5): message : Property reassignment: $(AvailablePlatforms)="Any CPU,x86,x64,ARM32" (previous value: "Any CPU,x86,x64") at C:\Program Files\dotnet\sdk\9.0.313\Sdks\Microsoft.NET.Sdk\targets\Microsoft.NET.Sdk.targets (140,5)
       C:\Program Files\dotnet\sdk\9.0.313\Sdks\Microsoft.NET.Sdk\targets\Microsoft.NET.Sdk.targets(144,5): message : Property reassignment: $(AvailablePlatforms)="Any CPU,x86,x64,ARM32,ARM64" (previous value: "Any CPU,x86,x64,ARM32") at C:\Program Files\dotnet\sdk\9.0.313\Sdks\Microsoft.NET.Sdk\targets\Microsoft.NET.Sdk.targets (144,5)
       C:\Program Files\dotnet\sdk\9.0.313\Sdks\Microsoft.NET.Sdk\targets\Microsoft.NET.Sdk.targets(201,5): message : Property reassignment: $(CoreBuildDependsOn)="
       C:\Program Files\dotnet\sdk\9.0.313\Sdks\Microsoft.NET.Sdk\targets\Microsoft.NET.Sdk.targets(201,5): message :       _CheckForBuildWithNoBuild;
       C:\Program Files\dotnet\sdk\9.0.313\Sdks\Microsoft.NET.Sdk\targets\Microsoft.NET.Sdk.targets(201,5): message :       
       C:\Program Files\dotnet\sdk\9.0.313\Sdks\Microsoft.NET.Sdk\targets\Microsoft.NET.Sdk.targets(201,5): message :       BuildOnlySettings;
       C:\Program Files\dotnet\sdk\9.0.313\Sdks\Microsoft.NET.Sdk\targets\Microsoft.NET.Sdk.targets(201,5): message :       PrepareForBuild;
       C:\Program Files\dotnet\sdk\9.0.313\Sdks\Microsoft.NET.Sdk\targets\Microsoft.NET.Sdk.targets(201,5): message :       PreBuildEvent;
       C:\Program Files\dotnet\sdk\9.0.313\Sdks\Microsoft.NET.Sdk\targets\Microsoft.NET.Sdk.targets(201,5): message :       ResolveReferences;
       C:\Program Files\dotnet\sdk\9.0.313\Sdks\Microsoft.NET.Sdk\targets\Microsoft.NET.Sdk.targets(201,5): message :       PrepareResources;
       C:\Program Files\dotnet\sdk\9.0.313\Sdks\Microsoft.NET.Sdk\targets\Microsoft.NET.Sdk.targets(201,5): message :       ResolveKeySource;
       C:\Program Files\dotnet\sdk\9.0.313\Sdks\Microsoft.NET.Sdk\targets\Microsoft.NET.Sdk.targets(201,5): message :       Compile;
       C:\Program Files\dotnet\sdk\9.0.313\Sdks\Microsoft.NET.Sdk\targets\Microsoft.NET.Sdk.targets(201,5): message :       ExportWindowsMDFile;
       C:\Program Files\dotnet\sdk\9.0.313\Sdks\Microsoft.NET.Sdk\targets\Microsoft.NET.Sdk.targets(201,5): message :       UnmanagedUnregistration;
       C:\Program Files\dotnet\sdk\9.0.313\Sdks\Microsoft.NET.Sdk\targets\Microsoft.NET.Sdk.targets(201,5): message :       GenerateSerializationAssemblies;
       C:\Program Files\dotnet\sdk\9.0.313\Sdks\Microsoft.NET.Sdk\targets\Microsoft.NET.Sdk.targets(201,5): message :       CreateSatelliteAssemblies;
       C:\Program Files\dotnet\sdk\9.0.313\Sdks\Microsoft.NET.Sdk\targets\Microsoft.NET.Sdk.targets(201,5): message :       GenerateManifests;
       C:\Program Files\dotnet\sdk\9.0.313\Sdks\Microsoft.NET.Sdk\targets\Microsoft.NET.Sdk.targets(201,5): message :       GetTargetPath;
       C:\Program Files\dotnet\sdk\9.0.313\Sdks\Microsoft.NET.Sdk\targets\Microsoft.NET.Sdk.targets(201,5): message :       PrepareForRun;
       C:\Program Files\dotnet\sdk\9.0.313\Sdks\Microsoft.NET.Sdk\targets\Microsoft.NET.Sdk.targets(201,5): message :       UnmanagedRegistration;
       C:\Program Files\dotnet\sdk\9.0.313\Sdks\Microsoft.NET.Sdk\targets\Microsoft.NET.Sdk.targets(201,5): message :       IncrementalClean;
       C:\Program Files\dotnet\sdk\9.0.313\Sdks\Microsoft.NET.Sdk\targets\Microsoft.NET.Sdk.targets(201,5): message :       PostBuildEvent
       C:\Program Files\dotnet\sdk\9.0.313\Sdks\Microsoft.NET.Sdk\targets\Microsoft.NET.Sdk.targets(201,5): message :     ;
       C:\Program Files\dotnet\sdk\9.0.313\Sdks\Microsoft.NET.Sdk\targets\Microsoft.NET.Sdk.targets(201,5): message :       GenerateBuildDependencyFile;
       C:\Program Files\dotnet\sdk\9.0.313\Sdks\Microsoft.NET.Sdk\targets\Microsoft.NET.Sdk.targets(201,5): message :       GenerateBuildRuntimeConfigurationFiles
       C:\Program Files\dotnet\sdk\9.0.313\Sdks\Microsoft.NET.Sdk\targets\Microsoft.NET.Sdk.targets(201,5): message :     " (previous value: "
       C:\Program Files\dotnet\sdk\9.0.313\Sdks\Microsoft.NET.Sdk\targets\Microsoft.NET.Sdk.targets(201,5): message :       BuildOnlySettings;
       C:\Program Files\dotnet\sdk\9.0.313\Sdks\Microsoft.NET.Sdk\targets\Microsoft.NET.Sdk.targets(201,5): message :       PrepareForBuild;
       C:\Program Files\dotnet\sdk\9.0.313\Sdks\Microsoft.NET.Sdk\targets\Microsoft.NET.Sdk.targets(201,5): message :       PreBuildEvent;
       C:\Program Files\dotnet\sdk\9.0.313\Sdks\Microsoft.NET.Sdk\targets\Microsoft.NET.Sdk.targets(201,5): message :       ResolveReferences;
       C:\Program Files\dotnet\sdk\9.0.313\Sdks\Microsoft.NET.Sdk\targets\Microsoft.NET.Sdk.targets(201,5): message :       PrepareResources;
       C:\Program Files\dotnet\sdk\9.0.313\Sdks\Microsoft.NET.Sdk\targets\Microsoft.NET.Sdk.targets(201,5): message :       ResolveKeySource;
       C:\Program Files\dotnet\sdk\9.0.313\Sdks\Microsoft.NET.Sdk\targets\Microsoft.NET.Sdk.targets(201,5): message :       Compile;
       C:\Program Files\dotnet\sdk\9.0.313\Sdks\Microsoft.NET.Sdk\targets\Microsoft.NET.Sdk.targets(201,5): message :       ExportWindowsMDFile;
       C:\Program Files\dotnet\sdk\9.0.313\Sdks\Microsoft.NET.Sdk\targets\Microsoft.NET.Sdk.targets(201,5): message :       UnmanagedUnregistration;
       C:\Program Files\dotnet\sdk\9.0.313\Sdks\Microsoft.NET.Sdk\targets\Microsoft.NET.Sdk.targets(201,5): message :       GenerateSerializationAssemblies;
       C:\Program Files\dotnet\sdk\9.0.313\Sdks\Microsoft.NET.Sdk\targets\Microsoft.NET.Sdk.targets(201,5): message :       CreateSatelliteAssemblies;
       C:\Program Files\dotnet\sdk\9.0.313\Sdks\Microsoft.NET.Sdk\targets\Microsoft.NET.Sdk.targets(201,5): message :       GenerateManifests;
       C:\Program Files\dotnet\sdk\9.0.313\Sdks\Microsoft.NET.Sdk\targets\Microsoft.NET.Sdk.targets(201,5): message :       GetTargetPath;
       C:\Program Files\dotnet\sdk\9.0.313\Sdks\Microsoft.NET.Sdk\targets\Microsoft.NET.Sdk.targets(201,5): message :       PrepareForRun;
       C:\Program Files\dotnet\sdk\9.0.313\Sdks\Microsoft.NET.Sdk\targets\Microsoft.NET.Sdk.targets(201,5): message :       UnmanagedRegistration;
       C:\Program Files\dotnet\sdk\9.0.313\Sdks\Microsoft.NET.Sdk\targets\Microsoft.NET.Sdk.targets(201,5): message :       IncrementalClean;
       C:\Program Files\dotnet\sdk\9.0.313\Sdks\Microsoft.NET.Sdk\targets\Microsoft.NET.Sdk.targets(201,5): message :       PostBuildEvent
       C:\Program Files\dotnet\sdk\9.0.313\Sdks\Microsoft.NET.Sdk\targets\Microsoft.NET.Sdk.targets(201,5): message :     ") at C:\Program Files\dotnet\sdk\9.0.313\Sdks\Microsoft.NET.Sdk\targets\Microsoft.NET.Sdk.targets (201,5)
       C:\Program Files\dotnet\sdk\9.0.313\Sdks\Microsoft.NET.Sdk\targets\Microsoft.NET.Sdk.targets(210,5): message : Property reassignment: $(CoreCleanDependsOn)="
       C:\Program Files\dotnet\sdk\9.0.313\Sdks\Microsoft.NET.Sdk\targets\Microsoft.NET.Sdk.targets(210,5): message :       _SdkBeforeClean;
       C:\Program Files\dotnet\sdk\9.0.313\Sdks\Microsoft.NET.Sdk\targets\Microsoft.NET.Sdk.targets(210,5): message :       
       C:\Program Files\dotnet\sdk\9.0.313\Sdks\Microsoft.NET.Sdk\targets\Microsoft.NET.Sdk.targets(210,5): message :     " (previous value: "") at C:\Program Files\dotnet\sdk\9.0.313\Sdks\Microsoft.NET.Sdk\targets\Microsoft.NET.Sdk.targets (210,5)
       C:\Program Files\dotnet\sdk\9.0.313\Sdks\Microsoft.NET.Sdk\targets\Microsoft.NET.Sdk.targets(217,5): message : Property reassignment: $(RebuildDependsOn)="
       C:\Program Files\dotnet\sdk\9.0.313\Sdks\Microsoft.NET.Sdk\targets\Microsoft.NET.Sdk.targets(217,5): message :       _SdkBeforeRebuild;
       C:\Program Files\dotnet\sdk\9.0.313\Sdks\Microsoft.NET.Sdk\targets\Microsoft.NET.Sdk.targets(217,5): message :       
       C:\Program Files\dotnet\sdk\9.0.313\Sdks\Microsoft.NET.Sdk\targets\Microsoft.NET.Sdk.targets(217,5): message :       BeforeRebuild;
       C:\Program Files\dotnet\sdk\9.0.313\Sdks\Microsoft.NET.Sdk\targets\Microsoft.NET.Sdk.targets(217,5): message :       Clean;
       C:\Program Files\dotnet\sdk\9.0.313\Sdks\Microsoft.NET.Sdk\targets\Microsoft.NET.Sdk.targets(217,5): message :       Build;
       C:\Program Files\dotnet\sdk\9.0.313\Sdks\Microsoft.NET.Sdk\targets\Microsoft.NET.Sdk.targets(217,5): message :       AfterRebuild;
       C:\Program Files\dotnet\sdk\9.0.313\Sdks\Microsoft.NET.Sdk\targets\Microsoft.NET.Sdk.targets(217,5): message :     
       C:\Program Files\dotnet\sdk\9.0.313\Sdks\Microsoft.NET.Sdk\targets\Microsoft.NET.Sdk.targets(217,5): message :     " (previous value: "
       C:\Program Files\dotnet\sdk\9.0.313\Sdks\Microsoft.NET.Sdk\targets\Microsoft.NET.Sdk.targets(217,5): message :       BeforeRebuild;
       C:\Program Files\dotnet\sdk\9.0.313\Sdks\Microsoft.NET.Sdk\targets\Microsoft.NET.Sdk.targets(217,5): message :       Clean;
       C:\Program Files\dotnet\sdk\9.0.313\Sdks\Microsoft.NET.Sdk\targets\Microsoft.NET.Sdk.targets(217,5): message :       Build;
       C:\Program Files\dotnet\sdk\9.0.313\Sdks\Microsoft.NET.Sdk\targets\Microsoft.NET.Sdk.targets(217,5): message :       AfterRebuild;
       C:\Program Files\dotnet\sdk\9.0.313\Sdks\Microsoft.NET.Sdk\targets\Microsoft.NET.Sdk.targets(217,5): message :     ") at C:\Program Files\dotnet\sdk\9.0.313\Sdks\Microsoft.NET.Sdk\targets\Microsoft.NET.Sdk.targets (217,5)
       C:\Program Files\dotnet\sdk\9.0.313\Sdks\Microsoft.NET.Sdk\targets\Microsoft.NET.Sdk.targets(784,5): message : Property reassignment: $(CompileDependsOn)="
       C:\Program Files\dotnet\sdk\9.0.313\Sdks\Microsoft.NET.Sdk\targets\Microsoft.NET.Sdk.targets(784,5): message :       
       C:\Program Files\dotnet\sdk\9.0.313\Sdks\Microsoft.NET.Sdk\targets\Microsoft.NET.Sdk.targets(784,5): message :       ResolveReferences;
       C:\Program Files\dotnet\sdk\9.0.313\Sdks\Microsoft.NET.Sdk\targets\Microsoft.NET.Sdk.targets(784,5): message :       ResolveKeySource;
       C:\Program Files\dotnet\sdk\9.0.313\Sdks\Microsoft.NET.Sdk\targets\Microsoft.NET.Sdk.targets(784,5): message :       SetWin32ManifestProperties;
       C:\Program Files\dotnet\sdk\9.0.313\Sdks\Microsoft.NET.Sdk\targets\Microsoft.NET.Sdk.targets(784,5): message :       _SetPreferNativeArm64Win32ManifestProperties;
       C:\Program Files\dotnet\sdk\9.0.313\Sdks\Microsoft.NET.Sdk\targets\Microsoft.NET.Sdk.targets(784,5): message :       FindReferenceAssembliesForReferences;
       C:\Program Files\dotnet\sdk\9.0.313\Sdks\Microsoft.NET.Sdk\targets\Microsoft.NET.Sdk.targets(784,5): message :       _GenerateCompileInputs;
       C:\Program Files\dotnet\sdk\9.0.313\Sdks\Microsoft.NET.Sdk\targets\Microsoft.NET.Sdk.targets(784,5): message :       BeforeCompile;
       C:\Program Files\dotnet\sdk\9.0.313\Sdks\Microsoft.NET.Sdk\targets\Microsoft.NET.Sdk.targets(784,5): message :       _TimeStampBeforeCompile;
       C:\Program Files\dotnet\sdk\9.0.313\Sdks\Microsoft.NET.Sdk\targets\Microsoft.NET.Sdk.targets(784,5): message :       _GenerateCompileDependencyCache;
       C:\Program Files\dotnet\sdk\9.0.313\Sdks\Microsoft.NET.Sdk\targets\Microsoft.NET.Sdk.targets(784,5): message :       CoreCompile;
       C:\Program Files\dotnet\sdk\9.0.313\Sdks\Microsoft.NET.Sdk\targets\Microsoft.NET.Sdk.targets(784,5): message :       _TimeStampAfterCompile;
       C:\Program Files\dotnet\sdk\9.0.313\Sdks\Microsoft.NET.Sdk\targets\Microsoft.NET.Sdk.targets(784,5): message :       AfterCompile;
       C:\Program Files\dotnet\sdk\9.0.313\Sdks\Microsoft.NET.Sdk\targets\Microsoft.NET.Sdk.targets(784,5): message :     ;
       C:\Program Files\dotnet\sdk\9.0.313\Sdks\Microsoft.NET.Sdk\targets\Microsoft.NET.Sdk.targets(784,5): message :       _CreateAppHost;
       C:\Program Files\dotnet\sdk\9.0.313\Sdks\Microsoft.NET.Sdk\targets\Microsoft.NET.Sdk.targets(784,5): message :       _CreateComHost;
       C:\Program Files\dotnet\sdk\9.0.313\Sdks\Microsoft.NET.Sdk\targets\Microsoft.NET.Sdk.targets(784,5): message :       _GetIjwHostPaths;
       C:\Program Files\dotnet\sdk\9.0.313\Sdks\Microsoft.NET.Sdk\targets\Microsoft.NET.Sdk.targets(784,5): message :     " (previous value: "
       C:\Program Files\dotnet\sdk\9.0.313\Sdks\Microsoft.NET.Sdk\targets\Microsoft.NET.Sdk.targets(784,5): message :       ResolveReferences;
       C:\Program Files\dotnet\sdk\9.0.313\Sdks\Microsoft.NET.Sdk\targets\Microsoft.NET.Sdk.targets(784,5): message :       ResolveKeySource;
       C:\Program Files\dotnet\sdk\9.0.313\Sdks\Microsoft.NET.Sdk\targets\Microsoft.NET.Sdk.targets(784,5): message :       SetWin32ManifestProperties;
       C:\Program Files\dotnet\sdk\9.0.313\Sdks\Microsoft.NET.Sdk\targets\Microsoft.NET.Sdk.targets(784,5): message :       _SetPreferNativeArm64Win32ManifestProperties;
       C:\Program Files\dotnet\sdk\9.0.313\Sdks\Microsoft.NET.Sdk\targets\Microsoft.NET.Sdk.targets(784,5): message :       FindReferenceAssembliesForReferences;
       C:\Program Files\dotnet\sdk\9.0.313\Sdks\Microsoft.NET.Sdk\targets\Microsoft.NET.Sdk.targets(784,5): message :       _GenerateCompileInputs;
       C:\Program Files\dotnet\sdk\9.0.313\Sdks\Microsoft.NET.Sdk\targets\Microsoft.NET.Sdk.targets(784,5): message :       BeforeCompile;
       C:\Program Files\dotnet\sdk\9.0.313\Sdks\Microsoft.NET.Sdk\targets\Microsoft.NET.Sdk.targets(784,5): message :       _TimeStampBeforeCompile;
       C:\Program Files\dotnet\sdk\9.0.313\Sdks\Microsoft.NET.Sdk\targets\Microsoft.NET.Sdk.targets(784,5): message :       _GenerateCompileDependencyCache;
       C:\Program Files\dotnet\sdk\9.0.313\Sdks\Microsoft.NET.Sdk\targets\Microsoft.NET.Sdk.targets(784,5): message :       CoreCompile;
       C:\Program Files\dotnet\sdk\9.0.313\Sdks\Microsoft.NET.Sdk\targets\Microsoft.NET.Sdk.targets(784,5): message :       _TimeStampAfterCompile;
       C:\Program Files\dotnet\sdk\9.0.313\Sdks\Microsoft.NET.Sdk\targets\Microsoft.NET.Sdk.targets(784,5): message :       AfterCompile;
       C:\Program Files\dotnet\sdk\9.0.313\Sdks\Microsoft.NET.Sdk\targets\Microsoft.NET.Sdk.targets(784,5): message :     ") at C:\Program Files\dotnet\sdk\9.0.313\Sdks\Microsoft.NET.Sdk\targets\Microsoft.NET.Sdk.targets (784,5)
       C:\Program Files\dotnet\sdk\9.0.313\Sdks\Microsoft.NET.Sdk\targets\Microsoft.NET.Sdk.targets(1184,5): message : Property reassignment: $(CreateSatelliteAssembliesDependsOn)="
       C:\Program Files\dotnet\sdk\9.0.313\Sdks\Microsoft.NET.Sdk\targets\Microsoft.NET.Sdk.targets(1184,5): message :       
       C:\Program Files\dotnet\sdk\9.0.313\Sdks\Microsoft.NET.Sdk\targets\Microsoft.NET.Sdk.targets(1184,5): message :       ;
       C:\Program Files\dotnet\sdk\9.0.313\Sdks\Microsoft.NET.Sdk\targets\Microsoft.NET.Sdk.targets(1184,5): message :       _GenerateSatelliteAssemblyInputs;
       C:\Program Files\dotnet\sdk\9.0.313\Sdks\Microsoft.NET.Sdk\targets\Microsoft.NET.Sdk.targets(1184,5): message :       ComputeIntermediateSatelliteAssemblies;
       C:\Program Files\dotnet\sdk\9.0.313\Sdks\Microsoft.NET.Sdk\targets\Microsoft.NET.Sdk.targets(1184,5): message :       GenerateSatelliteAssemblies
       C:\Program Files\dotnet\sdk\9.0.313\Sdks\Microsoft.NET.Sdk\targets\Microsoft.NET.Sdk.targets(1184,5): message :     ;
       C:\Program Files\dotnet\sdk\9.0.313\Sdks\Microsoft.NET.Sdk\targets\Microsoft.NET.Sdk.targets(1184,5): message :       CoreGenerateSatelliteAssemblies
       C:\Program Files\dotnet\sdk\9.0.313\Sdks\Microsoft.NET.Sdk\targets\Microsoft.NET.Sdk.targets(1184,5): message :     " (previous value: "
       C:\Program Files\dotnet\sdk\9.0.313\Sdks\Microsoft.NET.Sdk\targets\Microsoft.NET.Sdk.targets(1184,5): message :       ;
       C:\Program Files\dotnet\sdk\9.0.313\Sdks\Microsoft.NET.Sdk\targets\Microsoft.NET.Sdk.targets(1184,5): message :       _GenerateSatelliteAssemblyInputs;
       C:\Program Files\dotnet\sdk\9.0.313\Sdks\Microsoft.NET.Sdk\targets\Microsoft.NET.Sdk.targets(1184,5): message :       ComputeIntermediateSatelliteAssemblies;
       C:\Program Files\dotnet\sdk\9.0.313\Sdks\Microsoft.NET.Sdk\targets\Microsoft.NET.Sdk.targets(1184,5): message :       GenerateSatelliteAssemblies
       C:\Program Files\dotnet\sdk\9.0.313\Sdks\Microsoft.NET.Sdk\targets\Microsoft.NET.Sdk.targets(1184,5): message :     ") at C:\Program Files\dotnet\sdk\9.0.313\Sdks\Microsoft.NET.Sdk\targets\Microsoft.NET.Sdk.targets (1184,5)
       C:\Program Files\dotnet\sdk\9.0.313\Sdks\Microsoft.SourceLink.GitLab\build\Microsoft.SourceLink.GitLab.targets(12,5): message : Property reassignment: $(SourceLinkUrlInitializerTargets)=";_InitializeGitHubSourceLinkUrl;_InitializeGitLabSourceLinkUrl" (previous value: ";_InitializeGitHubSourceLinkUrl") at C:\Program Files\dotnet\sdk\9.0.313\Sdks\Microsoft.SourceLink.GitLab\build\Microsoft.SourceLink.GitLab.targets (12,5)
       C:\Program Files\dotnet\sdk\9.0.313\Sdks\Microsoft.SourceLink.GitLab\build\Microsoft.SourceLink.GitLab.targets(13,5): message : Property reassignment: $(SourceControlManagerUrlTranslationTargets)=";TranslateGitHubUrlsInSourceControlInformation;TranslateGitLabUrlsInSourceControlInformation" (previous value: ";TranslateGitHubUrlsInSourceControlInformation") at C:\Program Files\dotnet\sdk\9.0.313\Sdks\Microsoft.SourceLink.GitLab\build\Microsoft.SourceLink.GitLab.targets (13,5)
       C:\Program Files\dotnet\sdk\9.0.313\Sdks\Microsoft.SourceLink.AzureRepos.Git\build\Microsoft.SourceLink.AzureRepos.Git.targets(12,5): message : Property reassignment: $(SourceLinkUrlInitializerTargets)=";_InitializeGitHubSourceLinkUrl;_InitializeGitLabSourceLinkUrl;_InitializeAzureReposGitSourceLinkUrl" (previous value: ";_InitializeGitHubSourceLinkUrl;_InitializeGitLabSourceLinkUrl") at C:\Program Files\dotnet\sdk\9.0.313\Sdks\Microsoft.SourceLink.AzureRepos.Git\build\Microsoft.SourceLink.AzureRepos.Git.targets (12,5)
       C:\Program Files\dotnet\sdk\9.0.313\Sdks\Microsoft.SourceLink.AzureRepos.Git\build\Microsoft.SourceLink.AzureRepos.Git.targets(13,5): message : Property reassignment: $(SourceControlManagerUrlTranslationTargets)=";TranslateGitHubUrlsInSourceControlInformation;TranslateGitLabUrlsInSourceControlInformation;TranslateAzureReposGitUrlsInSourceControlInformation" (previous value: ";TranslateGitHubUrlsInSourceControlInformation;TranslateGitLabUrlsInSourceControlInformation") at C:\Program Files\dotnet\sdk\9.0.313\Sdks\Microsoft.SourceLink.AzureRepos.Git\build\Microsoft.SourceLink.AzureRepos.Git.targets (13,5)
       C:\Program Files\dotnet\sdk\9.0.313\Sdks\Microsoft.SourceLink.Bitbucket.Git\build\Microsoft.SourceLink.Bitbucket.Git.targets(12,5): message : Property reassignment: $(SourceLinkUrlInitializerTargets)=";_InitializeGitHubSourceLinkUrl;_InitializeGitLabSourceLinkUrl;_InitializeAzureReposGitSourceLinkUrl;_InitializeBitbucketGitSourceLinkUrl" (previous value: ";_InitializeGitHubSourceLinkUrl;_InitializeGitLabSourceLinkUrl;_InitializeAzureReposGitSourceLinkUrl") at C:\Program Files\dotnet\sdk\9.0.313\Sdks\Microsoft.SourceLink.Bitbucket.Git\build\Microsoft.SourceLink.Bitbucket.Git.targets (12,5)
       C:\Program Files\dotnet\sdk\9.0.313\Sdks\Microsoft.SourceLink.Bitbucket.Git\build\Microsoft.SourceLink.Bitbucket.Git.targets(13,5): message : Property reassignment: $(SourceControlManagerUrlTranslationTargets)=";TranslateGitHubUrlsInSourceControlInformation;TranslateGitLabUrlsInSourceControlInformation;TranslateAzureReposGitUrlsInSourceControlInformation;TranslateBitbucketGitUrlsInSourceControlInformation" (previous value: ";TranslateGitHubUrlsInSourceControlInformation;TranslateGitLabUrlsInSourceControlInformation;TranslateAzureReposGitUrlsInSourceControlInformation") at C:\Program Files\dotnet\sdk\9.0.313\Sdks\Microsoft.SourceLink.Bitbucket.Git\build\Microsoft.SourceLink.Bitbucket.Git.targets (13,5)
       C:\Program Files\dotnet\sdk\9.0.313\Sdks\Microsoft.NET.Sdk\targets\Microsoft.NET.DesignerSupport.targets(21,5): message : Property reassignment: $(DesignerRuntimeImplementationProjectOutputGroupDependsOn)="
       C:\Program Files\dotnet\sdk\9.0.313\Sdks\Microsoft.NET.Sdk\targets\Microsoft.NET.DesignerSupport.targets(21,5): message :       
       C:\Program Files\dotnet\sdk\9.0.313\Sdks\Microsoft.NET.Sdk\targets\Microsoft.NET.DesignerSupport.targets(21,5): message :       ;
       C:\Program Files\dotnet\sdk\9.0.313\Sdks\Microsoft.NET.Sdk\targets\Microsoft.NET.DesignerSupport.targets(21,5): message :       
       C:\Program Files\dotnet\sdk\9.0.313\Sdks\Microsoft.NET.Sdk\targets\Microsoft.NET.DesignerSupport.targets(21,5): message :       ;
       C:\Program Files\dotnet\sdk\9.0.313\Sdks\Microsoft.NET.Sdk\targets\Microsoft.NET.DesignerSupport.targets(21,5): message :       BuildOnlySettings;
       C:\Program Files\dotnet\sdk\9.0.313\Sdks\Microsoft.NET.Sdk\targets\Microsoft.NET.DesignerSupport.targets(21,5): message :       PrepareForBuild;
       C:\Program Files\dotnet\sdk\9.0.313\Sdks\Microsoft.NET.Sdk\targets\Microsoft.NET.DesignerSupport.targets(21,5): message :       AssignTargetPaths;
       C:\Program Files\dotnet\sdk\9.0.313\Sdks\Microsoft.NET.Sdk\targets\Microsoft.NET.DesignerSupport.targets(21,5): message :       ResolveReferences
       C:\Program Files\dotnet\sdk\9.0.313\Sdks\Microsoft.NET.Sdk\targets\Microsoft.NET.DesignerSupport.targets(21,5): message :     
       C:\Program Files\dotnet\sdk\9.0.313\Sdks\Microsoft.NET.Sdk\targets\Microsoft.NET.DesignerSupport.targets(21,5): message :     ;
       C:\Program Files\dotnet\sdk\9.0.313\Sdks\Microsoft.NET.Sdk\targets\Microsoft.NET.DesignerSupport.targets(21,5): message :       _GenerateDesignerDepsFile;
       C:\Program Files\dotnet\sdk\9.0.313\Sdks\Microsoft.NET.Sdk\targets\Microsoft.NET.DesignerSupport.targets(21,5): message :       _GenerateDesignerRuntimeConfigFile;
       C:\Program Files\dotnet\sdk\9.0.313\Sdks\Microsoft.NET.Sdk\targets\Microsoft.NET.DesignerSupport.targets(21,5): message :       GetCopyToOutputDirectoryItems;
       C:\Program Files\dotnet\sdk\9.0.313\Sdks\Microsoft.NET.Sdk\targets\Microsoft.NET.DesignerSupport.targets(21,5): message :       _GatherDesignerShadowCopyFiles;
       C:\Program Files\dotnet\sdk\9.0.313\Sdks\Microsoft.NET.Sdk\targets\Microsoft.NET.DesignerSupport.targets(21,5): message :     " (previous value: "
       C:\Program Files\dotnet\sdk\9.0.313\Sdks\Microsoft.NET.Sdk\targets\Microsoft.NET.DesignerSupport.targets(21,5): message :       ;
       C:\Program Files\dotnet\sdk\9.0.313\Sdks\Microsoft.NET.Sdk\targets\Microsoft.NET.DesignerSupport.targets(21,5): message :       
       C:\Program Files\dotnet\sdk\9.0.313\Sdks\Microsoft.NET.Sdk\targets\Microsoft.NET.DesignerSupport.targets(21,5): message :       ;
       C:\Program Files\dotnet\sdk\9.0.313\Sdks\Microsoft.NET.Sdk\targets\Microsoft.NET.DesignerSupport.targets(21,5): message :       BuildOnlySettings;
       C:\Program Files\dotnet\sdk\9.0.313\Sdks\Microsoft.NET.Sdk\targets\Microsoft.NET.DesignerSupport.targets(21,5): message :       PrepareForBuild;
       C:\Program Files\dotnet\sdk\9.0.313\Sdks\Microsoft.NET.Sdk\targets\Microsoft.NET.DesignerSupport.targets(21,5): message :       AssignTargetPaths;
       C:\Program Files\dotnet\sdk\9.0.313\Sdks\Microsoft.NET.Sdk\targets\Microsoft.NET.DesignerSupport.targets(21,5): message :       ResolveReferences
       C:\Program Files\dotnet\sdk\9.0.313\Sdks\Microsoft.NET.Sdk\targets\Microsoft.NET.DesignerSupport.targets(21,5): message :     
       C:\Program Files\dotnet\sdk\9.0.313\Sdks\Microsoft.NET.Sdk\targets\Microsoft.NET.DesignerSupport.targets(21,5): message :     ") at C:\Program Files\dotnet\sdk\9.0.313\Sdks\Microsoft.NET.Sdk\targets\Microsoft.NET.DesignerSupport.targets (21,5)
       C:\Program Files\dotnet\sdk\9.0.313\Sdks\Microsoft.NET.Sdk\targets\Microsoft.NET.PackTool.targets(68,5): message : Property reassignment: $(_GenerateToolsSettingsFileCacheFile)="C:\Projects\QuickStockApi\QuickStock\obj\Debug\net8.0\QuickStock.toolssettingsinput.cache" (previous value: "obj\Debug\net8.0\QuickStock.toolssettingsinput.cache") at C:\Program Files\dotnet\sdk\9.0.313\Sdks\Microsoft.NET.Sdk\targets\Microsoft.NET.PackTool.targets (68,5)
       C:\Program Files\dotnet\sdk\9.0.313\Sdks\Microsoft.NET.Sdk\targets\Microsoft.NET.PackTool.targets(137,5): message : Property reassignment: $(_ShimInputCacheFile)="C:\Projects\QuickStockApi\QuickStock\obj\Debug\net8.0\QuickStock.shiminput.cache" (previous value: "obj\Debug\net8.0\QuickStock.shiminput.cache") at C:\Program Files\dotnet\sdk\9.0.313\Sdks\Microsoft.NET.Sdk\targets\Microsoft.NET.PackTool.targets (137,5)
       C:\Program Files\dotnet\sdk\9.0.313\Sdks\Microsoft.NET.Sdk\targets\Microsoft.NET.PackTool.targets(139,5): message : Property reassignment: $(_ShimCreatedSentinelFile)="C:\Projects\QuickStockApi\QuickStock\obj\Debug\net8.0\QuickStock.shimcreated.sentinel" (previous value: "obj\Debug\net8.0\QuickStock.shimcreated.sentinel") at C:\Program Files\dotnet\sdk\9.0.313\Sdks\Microsoft.NET.Sdk\targets\Microsoft.NET.PackTool.targets (139,5)
       C:\Program Files\dotnet\sdk\9.0.313\Sdks\Microsoft.NET.Sdk\targets\Microsoft.NET.Sdk.CSharp.targets(31,5): message : Property reassignment: $(DefineConstants)="TRACE;DEBUG" (previous value: "TRACE") at C:\Program Files\dotnet\sdk\9.0.313\Sdks\Microsoft.NET.Sdk\targets\Microsoft.NET.Sdk.CSharp.targets (31,5)
       C:\Program Files\dotnet\sdk\9.0.313\Sdks\Microsoft.NET.Sdk\targets\Microsoft.NET.Sdk.CSharp.targets(34,5): message : Property reassignment: $(DefineConstants)="TRACE;DEBUG;NET;NET8_0;NETCOREAPP" (previous value: "TRACE;DEBUG") at C:\Program Files\dotnet\sdk\9.0.313\Sdks\Microsoft.NET.Sdk\targets\Microsoft.NET.Sdk.CSharp.targets (34,5)
       C:\Program Files\dotnet\sdk\9.0.313\Sdks\Microsoft.NET.Sdk\targets\Microsoft.NET.Sdk.CSharp.targets(48,5): message : Property reassignment: $(WarningsAsErrors)=";NU1605;SYSLIB0011" (previous value: ";NU1605") at C:\Program Files\dotnet\sdk\9.0.313\Sdks\Microsoft.NET.Sdk\targets\Microsoft.NET.Sdk.CSharp.targets (48,5)
       C:\Program Files\dotnet\sdk\9.0.313\Sdks\NuGet.Build.Tasks.Pack\build\NuGet.Build.Tasks.Pack.targets(34,5): message : Property reassignment: $(PackageDescription)="Package Description" (previous value: "") at C:\Program Files\dotnet\sdk\9.0.313\Sdks\NuGet.Build.Tasks.Pack\build\NuGet.Build.Tasks.Pack.targets (34,5)
       C:\Program Files\dotnet\sdk\9.0.313\Sdks\NuGet.Build.Tasks.Pack\build\NuGet.Build.Tasks.Pack.targets(59,5): message : Property reassignment: $(GenerateNuspecDependsOn)="Build;_LoadPackInputItems; _GetTargetFrameworksOutput; _WalkEachTargetPerFramework; _GetPackageFiles; " (previous value: "_LoadPackInputItems; _GetTargetFrameworksOutput; _WalkEachTargetPerFramework; _GetPackageFiles; ") at C:\Program Files\dotnet\sdk\9.0.313\Sdks\NuGet.Build.Tasks.Pack\build\NuGet.Build.Tasks.Pack.targets (59,5)
       C:\Program Files\dotnet\sdk\9.0.313\Sdks\Microsoft.NET.Sdk\Sdk\Sdk.targets(60,5): message : Property reassignment: $(_IsNotSetContainersTargetsDir)="true" (previous value: "false") at C:\Program Files\dotnet\sdk\9.0.313\Sdks\Microsoft.NET.Sdk\Sdk\Sdk.targets (60,5)
       C:\Program Files\dotnet\sdk\9.0.313\Containers\build\Microsoft.NET.Build.Containers.targets(5,5): message : Property reassignment: $(_IsSDKContainerAllowedVersion)="true" (previous value: "false") at C:\Program Files\dotnet\sdk\9.0.313\Containers\build\Microsoft.NET.Build.Containers.targets (5,5)
       C:\Program Files\dotnet\sdk\9.0.313\Containers\build\Microsoft.NET.Build.Containers.targets(15,5): message : Property reassignment: $(_ContainerIsTargetingNet8TFM)="true" (previous value: "false") at C:\Program Files\dotnet\sdk\9.0.313\Containers\build\Microsoft.NET.Build.Containers.targets (15,5)
       C:\Program Files\dotnet\sdk\9.0.313\Sdks\Microsoft.NET.Sdk.StaticWebAssets\targets\Sdk.StaticWebAssets.CurrentVersion.targets(37,18): message : Property 'DOTNET_HOST_PATH' with value 'C:\Program Files\dotnet\dotnet.exe' expanded from the environment.
       C:\Program Files\dotnet\sdk\9.0.313\Sdks\Microsoft.NET.Sdk.StaticWebAssets\targets\Microsoft.NET.Sdk.StaticWebAssets.targets(286,5): message : Property reassignment: $(PrepareForRunDependsOn)="StaticWebAssetsPrepareForRun;
       C:\Program Files\dotnet\sdk\9.0.313\Sdks\Microsoft.NET.Sdk.StaticWebAssets\targets\Microsoft.NET.Sdk.StaticWebAssets.targets(286,5): message :       CopyFilesToOutputDirectory
       C:\Program Files\dotnet\sdk\9.0.313\Sdks\Microsoft.NET.Sdk.StaticWebAssets\targets\Microsoft.NET.Sdk.StaticWebAssets.targets(286,5): message :     " (previous value: "
       C:\Program Files\dotnet\sdk\9.0.313\Sdks\Microsoft.NET.Sdk.StaticWebAssets\targets\Microsoft.NET.Sdk.StaticWebAssets.targets(286,5): message :       CopyFilesToOutputDirectory
       C:\Program Files\dotnet\sdk\9.0.313\Sdks\Microsoft.NET.Sdk.StaticWebAssets\targets\Microsoft.NET.Sdk.StaticWebAssets.targets(286,5): message :     ") at C:\Program Files\dotnet\sdk\9.0.313\Sdks\Microsoft.NET.Sdk.StaticWebAssets\targets\Microsoft.NET.Sdk.StaticWebAssets.targets (286,5)
       C:\Program Files\dotnet\sdk\9.0.313\Sdks\Microsoft.NET.Sdk.StaticWebAssets\targets\Microsoft.NET.Sdk.StaticWebAssets.targets(323,5): message : Property reassignment: $(GetCopyToOutputDirectoryItemsDependsOn)="
       C:\Program Files\dotnet\sdk\9.0.313\Sdks\Microsoft.NET.Sdk.StaticWebAssets\targets\Microsoft.NET.Sdk.StaticWebAssets.targets(323,5): message :       AssignTargetPaths;
       C:\Program Files\dotnet\sdk\9.0.313\Sdks\Microsoft.NET.Sdk.StaticWebAssets\targets\Microsoft.NET.Sdk.StaticWebAssets.targets(323,5): message :       
       C:\Program Files\dotnet\sdk\9.0.313\Sdks\Microsoft.NET.Sdk.StaticWebAssets\targets\Microsoft.NET.Sdk.StaticWebAssets.targets(323,5): message :       AssignProjectConfiguration;
       C:\Program Files\dotnet\sdk\9.0.313\Sdks\Microsoft.NET.Sdk.StaticWebAssets\targets\Microsoft.NET.Sdk.StaticWebAssets.targets(323,5): message :       _SplitProjectReferencesByFileExistence
       C:\Program Files\dotnet\sdk\9.0.313\Sdks\Microsoft.NET.Sdk.StaticWebAssets\targets\Microsoft.NET.Sdk.StaticWebAssets.targets(323,5): message :     ;
       C:\Program Files\dotnet\sdk\9.0.313\Sdks\Microsoft.NET.Sdk.StaticWebAssets\targets\Microsoft.NET.Sdk.StaticWebAssets.targets(323,5): message :       _GetProjectReferenceTargetFrameworkProperties;
       C:\Program Files\dotnet\sdk\9.0.313\Sdks\Microsoft.NET.Sdk.StaticWebAssets\targets\Microsoft.NET.Sdk.StaticWebAssets.targets(323,5): message :       _PopulateCommonStateForGetCopyToOutputDirectoryItems
       C:\Program Files\dotnet\sdk\9.0.313\Sdks\Microsoft.NET.Sdk.StaticWebAssets\targets\Microsoft.NET.Sdk.StaticWebAssets.targets(323,5): message :     ;AddStaticWebAssetsManifest;AddStaticWebAssetEndpointsBuildManifest" (previous value: "
       C:\Program Files\dotnet\sdk\9.0.313\Sdks\Microsoft.NET.Sdk.StaticWebAssets\targets\Microsoft.NET.Sdk.StaticWebAssets.targets(323,5): message :       AssignTargetPaths;
       C:\Program Files\dotnet\sdk\9.0.313\Sdks\Microsoft.NET.Sdk.StaticWebAssets\targets\Microsoft.NET.Sdk.StaticWebAssets.targets(323,5): message :       
       C:\Program Files\dotnet\sdk\9.0.313\Sdks\Microsoft.NET.Sdk.StaticWebAssets\targets\Microsoft.NET.Sdk.StaticWebAssets.targets(323,5): message :       AssignProjectConfiguration;
       C:\Program Files\dotnet\sdk\9.0.313\Sdks\Microsoft.NET.Sdk.StaticWebAssets\targets\Microsoft.NET.Sdk.StaticWebAssets.targets(323,5): message :       _SplitProjectReferencesByFileExistence
       C:\Program Files\dotnet\sdk\9.0.313\Sdks\Microsoft.NET.Sdk.StaticWebAssets\targets\Microsoft.NET.Sdk.StaticWebAssets.targets(323,5): message :     ;
       C:\Program Files\dotnet\sdk\9.0.313\Sdks\Microsoft.NET.Sdk.StaticWebAssets\targets\Microsoft.NET.Sdk.StaticWebAssets.targets(323,5): message :       _GetProjectReferenceTargetFrameworkProperties;
       C:\Program Files\dotnet\sdk\9.0.313\Sdks\Microsoft.NET.Sdk.StaticWebAssets\targets\Microsoft.NET.Sdk.StaticWebAssets.targets(323,5): message :       _PopulateCommonStateForGetCopyToOutputDirectoryItems
       C:\Program Files\dotnet\sdk\9.0.313\Sdks\Microsoft.NET.Sdk.StaticWebAssets\targets\Microsoft.NET.Sdk.StaticWebAssets.targets(323,5): message :     ") at C:\Program Files\dotnet\sdk\9.0.313\Sdks\Microsoft.NET.Sdk.StaticWebAssets\targets\Microsoft.NET.Sdk.StaticWebAssets.targets (323,5)
       C:\Program Files\dotnet\sdk\9.0.313\Sdks\Microsoft.NET.Sdk.StaticWebAssets\targets\Microsoft.NET.Sdk.StaticWebAssets.Pack.targets(46,5): message : Property reassignment: $(GenerateNuspecDependsOn)="
       C:\Program Files\dotnet\sdk\9.0.313\Sdks\Microsoft.NET.Sdk.StaticWebAssets\targets\Microsoft.NET.Sdk.StaticWebAssets.Pack.targets(46,5): message :       IncludeStaticWebAssetsPackItems;
       C:\Program Files\dotnet\sdk\9.0.313\Sdks\Microsoft.NET.Sdk.StaticWebAssets\targets\Microsoft.NET.Sdk.StaticWebAssets.Pack.targets(46,5): message :       Build;_LoadPackInputItems; _GetTargetFrameworksOutput; _WalkEachTargetPerFramework; _GetPackageFiles; ;
       C:\Program Files\dotnet\sdk\9.0.313\Sdks\Microsoft.NET.Sdk.StaticWebAssets\targets\Microsoft.NET.Sdk.StaticWebAssets.Pack.targets(46,5): message :     " (previous value: "Build;_LoadPackInputItems; _GetTargetFrameworksOutput; _WalkEachTargetPerFramework; _GetPackageFiles; ") at C:\Program Files\dotnet\sdk\9.0.313\Sdks\Microsoft.NET.Sdk.StaticWebAssets\targets\Microsoft.NET.Sdk.StaticWebAssets.Pack.targets (46,5)
       C:\Program Files\dotnet\sdk\9.0.313\Sdks\Microsoft.NET.Sdk.StaticWebAssets\targets\Microsoft.NET.Sdk.StaticWebAssets.Pack.targets(55,5): message : Property reassignment: $(IncludeStaticWebAssetsPackItemsDependsOn)="
       C:\Program Files\dotnet\sdk\9.0.313\Sdks\Microsoft.NET.Sdk.StaticWebAssets\targets\Microsoft.NET.Sdk.StaticWebAssets.Pack.targets(55,5): message :       Build;
       C:\Program Files\dotnet\sdk\9.0.313\Sdks\Microsoft.NET.Sdk.StaticWebAssets\targets\Microsoft.NET.Sdk.StaticWebAssets.Pack.targets(55,5): message :       ResolveStaticWebAssetsConfiguration;LoadStaticWebAssetsBuildManifest
       C:\Program Files\dotnet\sdk\9.0.313\Sdks\Microsoft.NET.Sdk.StaticWebAssets\targets\Microsoft.NET.Sdk.StaticWebAssets.Pack.targets(55,5): message :     ;
       C:\Program Files\dotnet\sdk\9.0.313\Sdks\Microsoft.NET.Sdk.StaticWebAssets\targets\Microsoft.NET.Sdk.StaticWebAssets.Pack.targets(55,5): message :     " (previous value: "
       C:\Program Files\dotnet\sdk\9.0.313\Sdks\Microsoft.NET.Sdk.StaticWebAssets\targets\Microsoft.NET.Sdk.StaticWebAssets.Pack.targets(55,5): message :       ResolveStaticWebAssetsConfiguration;LoadStaticWebAssetsBuildManifest
       C:\Program Files\dotnet\sdk\9.0.313\Sdks\Microsoft.NET.Sdk.StaticWebAssets\targets\Microsoft.NET.Sdk.StaticWebAssets.Pack.targets(55,5): message :     ") at C:\Program Files\dotnet\sdk\9.0.313\Sdks\Microsoft.NET.Sdk.StaticWebAssets\targets\Microsoft.NET.Sdk.StaticWebAssets.Pack.targets (55,5)
       C:\Program Files\dotnet\sdk\9.0.313\Sdks\Microsoft.NET.Sdk.StaticWebAssets\targets\Microsoft.NET.Sdk.StaticWebAssets.ScopedCss.targets(55,3): message : Property reassignment: $(ResolveStaticWebAssetsInputsDependsOn)="
       C:\Program Files\dotnet\sdk\9.0.313\Sdks\Microsoft.NET.Sdk.StaticWebAssets\targets\Microsoft.NET.Sdk.StaticWebAssets.ScopedCss.targets(55,3): message :     
       C:\Program Files\dotnet\sdk\9.0.313\Sdks\Microsoft.NET.Sdk.StaticWebAssets\targets\Microsoft.NET.Sdk.StaticWebAssets.ScopedCss.targets(55,3): message :       ResolveCoreStaticWebAssets;
       C:\Program Files\dotnet\sdk\9.0.313\Sdks\Microsoft.NET.Sdk.StaticWebAssets\targets\Microsoft.NET.Sdk.StaticWebAssets.ScopedCss.targets(55,3): message :       GenerateComputedBuildStaticWebAssets;
       C:\Program Files\dotnet\sdk\9.0.313\Sdks\Microsoft.NET.Sdk.StaticWebAssets\targets\Microsoft.NET.Sdk.StaticWebAssets.ScopedCss.targets(55,3): message :       
       C:\Program Files\dotnet\sdk\9.0.313\Sdks\Microsoft.NET.Sdk.StaticWebAssets\targets\Microsoft.NET.Sdk.StaticWebAssets.ScopedCss.targets(55,3): message :     ;
       C:\Program Files\dotnet\sdk\9.0.313\Sdks\Microsoft.NET.Sdk.StaticWebAssets\targets\Microsoft.NET.Sdk.StaticWebAssets.ScopedCss.targets(55,3): message :     ResolveScopedCssAssets;
       C:\Program Files\dotnet\sdk\9.0.313\Sdks\Microsoft.NET.Sdk.StaticWebAssets\targets\Microsoft.NET.Sdk.StaticWebAssets.ScopedCss.targets(55,3): message :   " (previous value: "
       C:\Program Files\dotnet\sdk\9.0.313\Sdks\Microsoft.NET.Sdk.StaticWebAssets\targets\Microsoft.NET.Sdk.StaticWebAssets.ScopedCss.targets(55,3): message :       ResolveCoreStaticWebAssets;
       C:\Program Files\dotnet\sdk\9.0.313\Sdks\Microsoft.NET.Sdk.StaticWebAssets\targets\Microsoft.NET.Sdk.StaticWebAssets.ScopedCss.targets(55,3): message :       GenerateComputedBuildStaticWebAssets;
       C:\Program Files\dotnet\sdk\9.0.313\Sdks\Microsoft.NET.Sdk.StaticWebAssets\targets\Microsoft.NET.Sdk.StaticWebAssets.ScopedCss.targets(55,3): message :       
       C:\Program Files\dotnet\sdk\9.0.313\Sdks\Microsoft.NET.Sdk.StaticWebAssets\targets\Microsoft.NET.Sdk.StaticWebAssets.ScopedCss.targets(55,3): message :     ") at C:\Program Files\dotnet\sdk\9.0.313\Sdks\Microsoft.NET.Sdk.StaticWebAssets\targets\Microsoft.NET.Sdk.StaticWebAssets.ScopedCss.targets (55,3)
       C:\Program Files\dotnet\sdk\9.0.313\Sdks\Microsoft.NET.Sdk.StaticWebAssets\targets\Microsoft.NET.Sdk.StaticWebAssets.ScopedCss.targets(88,3): message : Property reassignment: $(GenerateComputedBuildStaticWebAssetsDependsOn)="
       C:\Program Files\dotnet\sdk\9.0.313\Sdks\Microsoft.NET.Sdk.StaticWebAssets\targets\Microsoft.NET.Sdk.StaticWebAssets.ScopedCss.targets(88,3): message :     ResolveCoreStaticWebAssets;;
       C:\Program Files\dotnet\sdk\9.0.313\Sdks\Microsoft.NET.Sdk.StaticWebAssets\targets\Microsoft.NET.Sdk.StaticWebAssets.ScopedCss.targets(88,3): message :     BundleScopedCssFiles;
       C:\Program Files\dotnet\sdk\9.0.313\Sdks\Microsoft.NET.Sdk.StaticWebAssets\targets\Microsoft.NET.Sdk.StaticWebAssets.ScopedCss.targets(88,3): message :   " (previous value: "ResolveCoreStaticWebAssets;") at C:\Program Files\dotnet\sdk\9.0.313\Sdks\Microsoft.NET.Sdk.StaticWebAssets\targets\Microsoft.NET.Sdk.StaticWebAssets.ScopedCss.targets (88,3)
       C:\Program Files\dotnet\sdk\9.0.313\Sdks\Microsoft.NET.Sdk.StaticWebAssets\targets\Microsoft.NET.Sdk.StaticWebAssets.JSModules.targets(37,5): message : Property reassignment: $(ResolveCoreStaticWebAssetsDependsOn)="
       C:\Program Files\dotnet\sdk\9.0.313\Sdks\Microsoft.NET.Sdk.StaticWebAssets\targets\Microsoft.NET.Sdk.StaticWebAssets.JSModules.targets(37,5): message :       
       C:\Program Files\dotnet\sdk\9.0.313\Sdks\Microsoft.NET.Sdk.StaticWebAssets\targets\Microsoft.NET.Sdk.StaticWebAssets.JSModules.targets(37,5): message :       UpdateExistingPackageStaticWebAssets;
       C:\Program Files\dotnet\sdk\9.0.313\Sdks\Microsoft.NET.Sdk.StaticWebAssets\targets\Microsoft.NET.Sdk.StaticWebAssets.JSModules.targets(37,5): message :       ResolveProjectStaticWebAssets;
       C:\Program Files\dotnet\sdk\9.0.313\Sdks\Microsoft.NET.Sdk.StaticWebAssets\targets\Microsoft.NET.Sdk.StaticWebAssets.JSModules.targets(37,5): message :       ResolveEmbeddedProjectsStaticWebAssets;
       C:\Program Files\dotnet\sdk\9.0.313\Sdks\Microsoft.NET.Sdk.StaticWebAssets\targets\Microsoft.NET.Sdk.StaticWebAssets.JSModules.targets(37,5): message :       ResolveReferencedProjectsStaticWebAssets;
       C:\Program Files\dotnet\sdk\9.0.313\Sdks\Microsoft.NET.Sdk.StaticWebAssets\targets\Microsoft.NET.Sdk.StaticWebAssets.JSModules.targets(37,5): message :       ;
       C:\Program Files\dotnet\sdk\9.0.313\Sdks\Microsoft.NET.Sdk.StaticWebAssets\targets\Microsoft.NET.Sdk.StaticWebAssets.JSModules.targets(37,5): message :     ;
       C:\Program Files\dotnet\sdk\9.0.313\Sdks\Microsoft.NET.Sdk.StaticWebAssets\targets\Microsoft.NET.Sdk.StaticWebAssets.JSModules.targets(37,5): message :       ResolveJsInitializerModuleStaticWebAssets;
       C:\Program Files\dotnet\sdk\9.0.313\Sdks\Microsoft.NET.Sdk.StaticWebAssets\targets\Microsoft.NET.Sdk.StaticWebAssets.JSModules.targets(37,5): message :     " (previous value: "
       C:\Program Files\dotnet\sdk\9.0.313\Sdks\Microsoft.NET.Sdk.StaticWebAssets\targets\Microsoft.NET.Sdk.StaticWebAssets.JSModules.targets(37,5): message :       UpdateExistingPackageStaticWebAssets;
       C:\Program Files\dotnet\sdk\9.0.313\Sdks\Microsoft.NET.Sdk.StaticWebAssets\targets\Microsoft.NET.Sdk.StaticWebAssets.JSModules.targets(37,5): message :       ResolveProjectStaticWebAssets;
       C:\Program Files\dotnet\sdk\9.0.313\Sdks\Microsoft.NET.Sdk.StaticWebAssets\targets\Microsoft.NET.Sdk.StaticWebAssets.JSModules.targets(37,5): message :       ResolveEmbeddedProjectsStaticWebAssets;
       C:\Program Files\dotnet\sdk\9.0.313\Sdks\Microsoft.NET.Sdk.StaticWebAssets\targets\Microsoft.NET.Sdk.StaticWebAssets.JSModules.targets(37,5): message :       ResolveReferencedProjectsStaticWebAssets;
       C:\Program Files\dotnet\sdk\9.0.313\Sdks\Microsoft.NET.Sdk.StaticWebAssets\targets\Microsoft.NET.Sdk.StaticWebAssets.JSModules.targets(37,5): message :       ;
       C:\Program Files\dotnet\sdk\9.0.313\Sdks\Microsoft.NET.Sdk.StaticWebAssets\targets\Microsoft.NET.Sdk.StaticWebAssets.JSModules.targets(37,5): message :     ") at C:\Program Files\dotnet\sdk\9.0.313\Sdks\Microsoft.NET.Sdk.StaticWebAssets\targets\Microsoft.NET.Sdk.StaticWebAssets.JSModules.targets (37,5)
       C:\Program Files\dotnet\sdk\9.0.313\Sdks\Microsoft.NET.Sdk.StaticWebAssets\targets\Microsoft.NET.Sdk.StaticWebAssets.JSModules.targets(42,5): message : Property reassignment: $(ResolveCoreStaticWebAssetsDependsOn)="
       C:\Program Files\dotnet\sdk\9.0.313\Sdks\Microsoft.NET.Sdk.StaticWebAssets\targets\Microsoft.NET.Sdk.StaticWebAssets.JSModules.targets(42,5): message :       
       C:\Program Files\dotnet\sdk\9.0.313\Sdks\Microsoft.NET.Sdk.StaticWebAssets\targets\Microsoft.NET.Sdk.StaticWebAssets.JSModules.targets(42,5): message :       
       C:\Program Files\dotnet\sdk\9.0.313\Sdks\Microsoft.NET.Sdk.StaticWebAssets\targets\Microsoft.NET.Sdk.StaticWebAssets.JSModules.targets(42,5): message :       UpdateExistingPackageStaticWebAssets;
       C:\Program Files\dotnet\sdk\9.0.313\Sdks\Microsoft.NET.Sdk.StaticWebAssets\targets\Microsoft.NET.Sdk.StaticWebAssets.JSModules.targets(42,5): message :       ResolveProjectStaticWebAssets;
       C:\Program Files\dotnet\sdk\9.0.313\Sdks\Microsoft.NET.Sdk.StaticWebAssets\targets\Microsoft.NET.Sdk.StaticWebAssets.JSModules.targets(42,5): message :       ResolveEmbeddedProjectsStaticWebAssets;
       C:\Program Files\dotnet\sdk\9.0.313\Sdks\Microsoft.NET.Sdk.StaticWebAssets\targets\Microsoft.NET.Sdk.StaticWebAssets.JSModules.targets(42,5): message :       ResolveReferencedProjectsStaticWebAssets;
       C:\Program Files\dotnet\sdk\9.0.313\Sdks\Microsoft.NET.Sdk.StaticWebAssets\targets\Microsoft.NET.Sdk.StaticWebAssets.JSModules.targets(42,5): message :       ;
       C:\Program Files\dotnet\sdk\9.0.313\Sdks\Microsoft.NET.Sdk.StaticWebAssets\targets\Microsoft.NET.Sdk.StaticWebAssets.JSModules.targets(42,5): message :     ;
       C:\Program Files\dotnet\sdk\9.0.313\Sdks\Microsoft.NET.Sdk.StaticWebAssets\targets\Microsoft.NET.Sdk.StaticWebAssets.JSModules.targets(42,5): message :       ResolveJsInitializerModuleStaticWebAssets;
       C:\Program Files\dotnet\sdk\9.0.313\Sdks\Microsoft.NET.Sdk.StaticWebAssets\targets\Microsoft.NET.Sdk.StaticWebAssets.JSModules.targets(42,5): message :     ;
       C:\Program Files\dotnet\sdk\9.0.313\Sdks\Microsoft.NET.Sdk.StaticWebAssets\targets\Microsoft.NET.Sdk.StaticWebAssets.JSModules.targets(42,5): message :       ResolveJSModuleStaticWebAssets;
       C:\Program Files\dotnet\sdk\9.0.313\Sdks\Microsoft.NET.Sdk.StaticWebAssets\targets\Microsoft.NET.Sdk.StaticWebAssets.JSModules.targets(42,5): message :     " (previous value: "
       C:\Program Files\dotnet\sdk\9.0.313\Sdks\Microsoft.NET.Sdk.StaticWebAssets\targets\Microsoft.NET.Sdk.StaticWebAssets.JSModules.targets(42,5): message :       
       C:\Program Files\dotnet\sdk\9.0.313\Sdks\Microsoft.NET.Sdk.StaticWebAssets\targets\Microsoft.NET.Sdk.StaticWebAssets.JSModules.targets(42,5): message :       UpdateExistingPackageStaticWebAssets;
       C:\Program Files\dotnet\sdk\9.0.313\Sdks\Microsoft.NET.Sdk.StaticWebAssets\targets\Microsoft.NET.Sdk.StaticWebAssets.JSModules.targets(42,5): message :       ResolveProjectStaticWebAssets;
       C:\Program Files\dotnet\sdk\9.0.313\Sdks\Microsoft.NET.Sdk.StaticWebAssets\targets\Microsoft.NET.Sdk.StaticWebAssets.JSModules.targets(42,5): message :       ResolveEmbeddedProjectsStaticWebAssets;
       C:\Program Files\dotnet\sdk\9.0.313\Sdks\Microsoft.NET.Sdk.StaticWebAssets\targets\Microsoft.NET.Sdk.StaticWebAssets.JSModules.targets(42,5): message :       ResolveReferencedProjectsStaticWebAssets;
       C:\Program Files\dotnet\sdk\9.0.313\Sdks\Microsoft.NET.Sdk.StaticWebAssets\targets\Microsoft.NET.Sdk.StaticWebAssets.JSModules.targets(42,5): message :       ;
       C:\Program Files\dotnet\sdk\9.0.313\Sdks\Microsoft.NET.Sdk.StaticWebAssets\targets\Microsoft.NET.Sdk.StaticWebAssets.JSModules.targets(42,5): message :     ;
       C:\Program Files\dotnet\sdk\9.0.313\Sdks\Microsoft.NET.Sdk.StaticWebAssets\targets\Microsoft.NET.Sdk.StaticWebAssets.JSModules.targets(42,5): message :       ResolveJsInitializerModuleStaticWebAssets;
       C:\Program Files\dotnet\sdk\9.0.313\Sdks\Microsoft.NET.Sdk.StaticWebAssets\targets\Microsoft.NET.Sdk.StaticWebAssets.JSModules.targets(42,5): message :     ") at C:\Program Files\dotnet\sdk\9.0.313\Sdks\Microsoft.NET.Sdk.StaticWebAssets\targets\Microsoft.NET.Sdk.StaticWebAssets.JSModules.targets (42,5)
       C:\Program Files\dotnet\sdk\9.0.313\Sdks\Microsoft.NET.Sdk.StaticWebAssets\targets\Microsoft.NET.Sdk.StaticWebAssets.JSModules.targets(57,5): message : Property reassignment: $(ResolveStaticWebAssetsInputsDependsOn)="
       C:\Program Files\dotnet\sdk\9.0.313\Sdks\Microsoft.NET.Sdk.StaticWebAssets\targets\Microsoft.NET.Sdk.StaticWebAssets.JSModules.targets(57,5): message :       ResolveJSModuleManifestBuildStaticWebAssets;
       C:\Program Files\dotnet\sdk\9.0.313\Sdks\Microsoft.NET.Sdk.StaticWebAssets\targets\Microsoft.NET.Sdk.StaticWebAssets.JSModules.targets(57,5): message :       
       C:\Program Files\dotnet\sdk\9.0.313\Sdks\Microsoft.NET.Sdk.StaticWebAssets\targets\Microsoft.NET.Sdk.StaticWebAssets.JSModules.targets(57,5): message :     
       C:\Program Files\dotnet\sdk\9.0.313\Sdks\Microsoft.NET.Sdk.StaticWebAssets\targets\Microsoft.NET.Sdk.StaticWebAssets.JSModules.targets(57,5): message :       ResolveCoreStaticWebAssets;
       C:\Program Files\dotnet\sdk\9.0.313\Sdks\Microsoft.NET.Sdk.StaticWebAssets\targets\Microsoft.NET.Sdk.StaticWebAssets.JSModules.targets(57,5): message :       GenerateComputedBuildStaticWebAssets;
       C:\Program Files\dotnet\sdk\9.0.313\Sdks\Microsoft.NET.Sdk.StaticWebAssets\targets\Microsoft.NET.Sdk.StaticWebAssets.JSModules.targets(57,5): message :       
       C:\Program Files\dotnet\sdk\9.0.313\Sdks\Microsoft.NET.Sdk.StaticWebAssets\targets\Microsoft.NET.Sdk.StaticWebAssets.JSModules.targets(57,5): message :     ;
       C:\Program Files\dotnet\sdk\9.0.313\Sdks\Microsoft.NET.Sdk.StaticWebAssets\targets\Microsoft.NET.Sdk.StaticWebAssets.JSModules.targets(57,5): message :     ResolveScopedCssAssets;
       C:\Program Files\dotnet\sdk\9.0.313\Sdks\Microsoft.NET.Sdk.StaticWebAssets\targets\Microsoft.NET.Sdk.StaticWebAssets.JSModules.targets(57,5): message :   
       C:\Program Files\dotnet\sdk\9.0.313\Sdks\Microsoft.NET.Sdk.StaticWebAssets\targets\Microsoft.NET.Sdk.StaticWebAssets.JSModules.targets(57,5): message :     " (previous value: "
       C:\Program Files\dotnet\sdk\9.0.313\Sdks\Microsoft.NET.Sdk.StaticWebAssets\targets\Microsoft.NET.Sdk.StaticWebAssets.JSModules.targets(57,5): message :     
       C:\Program Files\dotnet\sdk\9.0.313\Sdks\Microsoft.NET.Sdk.StaticWebAssets\targets\Microsoft.NET.Sdk.StaticWebAssets.JSModules.targets(57,5): message :       ResolveCoreStaticWebAssets;
       C:\Program Files\dotnet\sdk\9.0.313\Sdks\Microsoft.NET.Sdk.StaticWebAssets\targets\Microsoft.NET.Sdk.StaticWebAssets.JSModules.targets(57,5): message :       GenerateComputedBuildStaticWebAssets;
       C:\Program Files\dotnet\sdk\9.0.313\Sdks\Microsoft.NET.Sdk.StaticWebAssets\targets\Microsoft.NET.Sdk.StaticWebAssets.JSModules.targets(57,5): message :       
       C:\Program Files\dotnet\sdk\9.0.313\Sdks\Microsoft.NET.Sdk.StaticWebAssets\targets\Microsoft.NET.Sdk.StaticWebAssets.JSModules.targets(57,5): message :     ;
       C:\Program Files\dotnet\sdk\9.0.313\Sdks\Microsoft.NET.Sdk.StaticWebAssets\targets\Microsoft.NET.Sdk.StaticWebAssets.JSModules.targets(57,5): message :     ResolveScopedCssAssets;
       C:\Program Files\dotnet\sdk\9.0.313\Sdks\Microsoft.NET.Sdk.StaticWebAssets\targets\Microsoft.NET.Sdk.StaticWebAssets.JSModules.targets(57,5): message :   ") at C:\Program Files\dotnet\sdk\9.0.313\Sdks\Microsoft.NET.Sdk.StaticWebAssets\targets\Microsoft.NET.Sdk.StaticWebAssets.JSModules.targets (57,5)
       C:\Program Files\dotnet\sdk\9.0.313\Sdks\Microsoft.NET.Sdk.StaticWebAssets\targets\Microsoft.NET.Sdk.StaticWebAssets.JSModules.targets(76,5): message : Property reassignment: $(ResolvePublishStaticWebAssetsDependsOn)="
       C:\Program Files\dotnet\sdk\9.0.313\Sdks\Microsoft.NET.Sdk.StaticWebAssets\targets\Microsoft.NET.Sdk.StaticWebAssets.JSModules.targets(76,5): message :       ResolveJSModuleManifestPublishStaticWebAssets;
       C:\Program Files\dotnet\sdk\9.0.313\Sdks\Microsoft.NET.Sdk.StaticWebAssets\targets\Microsoft.NET.Sdk.StaticWebAssets.JSModules.targets(76,5): message :       
       C:\Program Files\dotnet\sdk\9.0.313\Sdks\Microsoft.NET.Sdk.StaticWebAssets\targets\Microsoft.NET.Sdk.StaticWebAssets.JSModules.targets(76,5): message :       ResolveCorePublishStaticWebAssets;
       C:\Program Files\dotnet\sdk\9.0.313\Sdks\Microsoft.NET.Sdk.StaticWebAssets\targets\Microsoft.NET.Sdk.StaticWebAssets.JSModules.targets(76,5): message :       GenerateComputedPublishStaticWebAssets;
       C:\Program Files\dotnet\sdk\9.0.313\Sdks\Microsoft.NET.Sdk.StaticWebAssets\targets\Microsoft.NET.Sdk.StaticWebAssets.JSModules.targets(76,5): message :       ;
       C:\Program Files\dotnet\sdk\9.0.313\Sdks\Microsoft.NET.Sdk.StaticWebAssets\targets\Microsoft.NET.Sdk.StaticWebAssets.JSModules.targets(76,5): message :     
       C:\Program Files\dotnet\sdk\9.0.313\Sdks\Microsoft.NET.Sdk.StaticWebAssets\targets\Microsoft.NET.Sdk.StaticWebAssets.JSModules.targets(76,5): message :     " (previous value: "
       C:\Program Files\dotnet\sdk\9.0.313\Sdks\Microsoft.NET.Sdk.StaticWebAssets\targets\Microsoft.NET.Sdk.StaticWebAssets.JSModules.targets(76,5): message :       ResolveCorePublishStaticWebAssets;
       C:\Program Files\dotnet\sdk\9.0.313\Sdks\Microsoft.NET.Sdk.StaticWebAssets\targets\Microsoft.NET.Sdk.StaticWebAssets.JSModules.targets(76,5): message :       GenerateComputedPublishStaticWebAssets;
       C:\Program Files\dotnet\sdk\9.0.313\Sdks\Microsoft.NET.Sdk.StaticWebAssets\targets\Microsoft.NET.Sdk.StaticWebAssets.JSModules.targets(76,5): message :       ;
       C:\Program Files\dotnet\sdk\9.0.313\Sdks\Microsoft.NET.Sdk.StaticWebAssets\targets\Microsoft.NET.Sdk.StaticWebAssets.JSModules.targets(76,5): message :     ") at C:\Program Files\dotnet\sdk\9.0.313\Sdks\Microsoft.NET.Sdk.StaticWebAssets\targets\Microsoft.NET.Sdk.StaticWebAssets.JSModules.targets (76,5)
       C:\Program Files\dotnet\sdk\9.0.313\Sdks\Microsoft.NET.Sdk.StaticWebAssets\targets\Microsoft.NET.Sdk.StaticWebAssets.Compression.targets(179,5): message : Property reassignment: $(ResolveBuildRelatedStaticWebAssetsDependsOn)="
       C:\Program Files\dotnet\sdk\9.0.313\Sdks\Microsoft.NET.Sdk.StaticWebAssets\targets\Microsoft.NET.Sdk.StaticWebAssets.Compression.targets(179,5): message :       ResolveBuildCompressedStaticWebAssets;
       C:\Program Files\dotnet\sdk\9.0.313\Sdks\Microsoft.NET.Sdk.StaticWebAssets\targets\Microsoft.NET.Sdk.StaticWebAssets.Compression.targets(179,5): message :       
       C:\Program Files\dotnet\sdk\9.0.313\Sdks\Microsoft.NET.Sdk.StaticWebAssets\targets\Microsoft.NET.Sdk.StaticWebAssets.Compression.targets(179,5): message :       ResolveStaticWebAssetsInputs;
       C:\Program Files\dotnet\sdk\9.0.313\Sdks\Microsoft.NET.Sdk.StaticWebAssets\targets\Microsoft.NET.Sdk.StaticWebAssets.Compression.targets(179,5): message :       
       C:\Program Files\dotnet\sdk\9.0.313\Sdks\Microsoft.NET.Sdk.StaticWebAssets\targets\Microsoft.NET.Sdk.StaticWebAssets.Compression.targets(179,5): message :     
       C:\Program Files\dotnet\sdk\9.0.313\Sdks\Microsoft.NET.Sdk.StaticWebAssets\targets\Microsoft.NET.Sdk.StaticWebAssets.Compression.targets(179,5): message :     " (previous value: "
       C:\Program Files\dotnet\sdk\9.0.313\Sdks\Microsoft.NET.Sdk.StaticWebAssets\targets\Microsoft.NET.Sdk.StaticWebAssets.Compression.targets(179,5): message :       ResolveStaticWebAssetsInputs;
       C:\Program Files\dotnet\sdk\9.0.313\Sdks\Microsoft.NET.Sdk.StaticWebAssets\targets\Microsoft.NET.Sdk.StaticWebAssets.Compression.targets(179,5): message :       
       C:\Program Files\dotnet\sdk\9.0.313\Sdks\Microsoft.NET.Sdk.StaticWebAssets\targets\Microsoft.NET.Sdk.StaticWebAssets.Compression.targets(179,5): message :     ") at C:\Program Files\dotnet\sdk\9.0.313\Sdks\Microsoft.NET.Sdk.StaticWebAssets\targets\Microsoft.NET.Sdk.StaticWebAssets.Compression.targets (179,5)
       C:\Program Files\dotnet\sdk\9.0.313\Sdks\Microsoft.NET.Sdk.StaticWebAssets\targets\Microsoft.NET.Sdk.StaticWebAssets.Compression.targets(198,5): message : Property reassignment: $(ResolvePublishRelatedStaticWebAssetsDependsOn)="
       C:\Program Files\dotnet\sdk\9.0.313\Sdks\Microsoft.NET.Sdk.StaticWebAssets\targets\Microsoft.NET.Sdk.StaticWebAssets.Compression.targets(198,5): message :       ResolvePublishCompressedStaticWebAssets;
       C:\Program Files\dotnet\sdk\9.0.313\Sdks\Microsoft.NET.Sdk.StaticWebAssets\targets\Microsoft.NET.Sdk.StaticWebAssets.Compression.targets(198,5): message :       
       C:\Program Files\dotnet\sdk\9.0.313\Sdks\Microsoft.NET.Sdk.StaticWebAssets\targets\Microsoft.NET.Sdk.StaticWebAssets.Compression.targets(198,5): message :     " (previous value: "") at C:\Program Files\dotnet\sdk\9.0.313\Sdks\Microsoft.NET.Sdk.StaticWebAssets\targets\Microsoft.NET.Sdk.StaticWebAssets.Compression.targets (198,5)
       C:\Program Files\dotnet\sdk\9.0.313\Sdks\Microsoft.NET.Sdk.Razor\targets\Sdk.Razor.CurrentVersion.targets(205,5): message : Property reassignment: $(DebugSymbolsProjectOutputGroupDependsOn)="
       C:\Program Files\dotnet\sdk\9.0.313\Sdks\Microsoft.NET.Sdk.Razor\targets\Sdk.Razor.CurrentVersion.targets(205,5): message :       ;
       C:\Program Files\dotnet\sdk\9.0.313\Sdks\Microsoft.NET.Sdk.Razor\targets\Sdk.Razor.CurrentVersion.targets(205,5): message :       _RazorAddDebugSymbolsProjectOutputGroupOutput
       C:\Program Files\dotnet\sdk\9.0.313\Sdks\Microsoft.NET.Sdk.Razor\targets\Sdk.Razor.CurrentVersion.targets(205,5): message :     " (previous value: "") at C:\Program Files\dotnet\sdk\9.0.313\Sdks\Microsoft.NET.Sdk.Razor\targets\Sdk.Razor.CurrentVersion.targets (205,5)
       C:\Program Files\dotnet\sdk\9.0.313\Sdks\Microsoft.NET.Sdk.Razor\targets\Sdk.Razor.CurrentVersion.targets(210,5): message : Property reassignment: $(PrepareForBuildDependsOn)="
       C:\Program Files\dotnet\sdk\9.0.313\Sdks\Microsoft.NET.Sdk.Razor\targets\Sdk.Razor.CurrentVersion.targets(210,5): message :       ;GetFrameworkPaths;GetReferenceAssemblyPaths;AssignLinkMetadata;
       C:\Program Files\dotnet\sdk\9.0.313\Sdks\Microsoft.NET.Sdk.Razor\targets\Sdk.Razor.CurrentVersion.targets(210,5): message :       ResolveRazorGenerateInputs
       C:\Program Files\dotnet\sdk\9.0.313\Sdks\Microsoft.NET.Sdk.Razor\targets\Sdk.Razor.CurrentVersion.targets(210,5): message :     " (previous value: ";GetFrameworkPaths;GetReferenceAssemblyPaths;AssignLinkMetadata") at C:\Program Files\dotnet\sdk\9.0.313\Sdks\Microsoft.NET.Sdk.Razor\targets\Sdk.Razor.CurrentVersion.targets (210,5)
       C:\Program Files\dotnet\sdk\9.0.313\Sdks\Microsoft.NET.Sdk.Razor\targets\Sdk.Razor.CurrentVersion.targets(215,5): message : Property reassignment: $(GenerateNuspecDependsOn)="
       C:\Program Files\dotnet\sdk\9.0.313\Sdks\Microsoft.NET.Sdk.Razor\targets\Sdk.Razor.CurrentVersion.targets(215,5): message :       ResolveRazorGenerateInputs;
       C:\Program Files\dotnet\sdk\9.0.313\Sdks\Microsoft.NET.Sdk.Razor\targets\Sdk.Razor.CurrentVersion.targets(215,5): message :       
       C:\Program Files\dotnet\sdk\9.0.313\Sdks\Microsoft.NET.Sdk.Razor\targets\Sdk.Razor.CurrentVersion.targets(215,5): message :       IncludeStaticWebAssetsPackItems;
       C:\Program Files\dotnet\sdk\9.0.313\Sdks\Microsoft.NET.Sdk.Razor\targets\Sdk.Razor.CurrentVersion.targets(215,5): message :       Build;_LoadPackInputItems; _GetTargetFrameworksOutput; _WalkEachTargetPerFramework; _GetPackageFiles; ;
       C:\Program Files\dotnet\sdk\9.0.313\Sdks\Microsoft.NET.Sdk.Razor\targets\Sdk.Razor.CurrentVersion.targets(215,5): message :     
       C:\Program Files\dotnet\sdk\9.0.313\Sdks\Microsoft.NET.Sdk.Razor\targets\Sdk.Razor.CurrentVersion.targets(215,5): message :     " (previous value: "
       C:\Program Files\dotnet\sdk\9.0.313\Sdks\Microsoft.NET.Sdk.Razor\targets\Sdk.Razor.CurrentVersion.targets(215,5): message :       IncludeStaticWebAssetsPackItems;
       C:\Program Files\dotnet\sdk\9.0.313\Sdks\Microsoft.NET.Sdk.Razor\targets\Sdk.Razor.CurrentVersion.targets(215,5): message :       Build;_LoadPackInputItems; _GetTargetFrameworksOutput; _WalkEachTargetPerFramework; _GetPackageFiles; ;
       C:\Program Files\dotnet\sdk\9.0.313\Sdks\Microsoft.NET.Sdk.Razor\targets\Sdk.Razor.CurrentVersion.targets(215,5): message :     ") at C:\Program Files\dotnet\sdk\9.0.313\Sdks\Microsoft.NET.Sdk.Razor\targets\Sdk.Razor.CurrentVersion.targets (215,5)
       C:\Program Files\dotnet\sdk\9.0.313\Sdks\Microsoft.NET.Sdk.Razor\targets\Sdk.Razor.CurrentVersion.targets(220,5): message : Property reassignment: $(PrepareForRunDependsOn)="
       C:\Program Files\dotnet\sdk\9.0.313\Sdks\Microsoft.NET.Sdk.Razor\targets\Sdk.Razor.CurrentVersion.targets(220,5): message :       _RazorPrepareForRun;
       C:\Program Files\dotnet\sdk\9.0.313\Sdks\Microsoft.NET.Sdk.Razor\targets\Sdk.Razor.CurrentVersion.targets(220,5): message :       StaticWebAssetsPrepareForRun;
       C:\Program Files\dotnet\sdk\9.0.313\Sdks\Microsoft.NET.Sdk.Razor\targets\Sdk.Razor.CurrentVersion.targets(220,5): message :       CopyFilesToOutputDirectory
       C:\Program Files\dotnet\sdk\9.0.313\Sdks\Microsoft.NET.Sdk.Razor\targets\Sdk.Razor.CurrentVersion.targets(220,5): message :     
       C:\Program Files\dotnet\sdk\9.0.313\Sdks\Microsoft.NET.Sdk.Razor\targets\Sdk.Razor.CurrentVersion.targets(220,5): message :     " (previous value: "StaticWebAssetsPrepareForRun;
       C:\Program Files\dotnet\sdk\9.0.313\Sdks\Microsoft.NET.Sdk.Razor\targets\Sdk.Razor.CurrentVersion.targets(220,5): message :       CopyFilesToOutputDirectory
       C:\Program Files\dotnet\sdk\9.0.313\Sdks\Microsoft.NET.Sdk.Razor\targets\Sdk.Razor.CurrentVersion.targets(220,5): message :     ") at C:\Program Files\dotnet\sdk\9.0.313\Sdks\Microsoft.NET.Sdk.Razor\targets\Sdk.Razor.CurrentVersion.targets (220,5)
       C:\Program Files\dotnet\sdk\9.0.313\Sdks\Microsoft.NET.Sdk.Razor\targets\Sdk.Razor.CurrentVersion.targets(311,5): message : Property reassignment: $(UseRazorBuildServer)="true" (previous value: "") at C:\Program Files\dotnet\sdk\9.0.313\Sdks\Microsoft.NET.Sdk.Razor\targets\Sdk.Razor.CurrentVersion.targets (311,5)
       C:\Program Files\dotnet\sdk\9.0.313\Sdks\Microsoft.NET.Sdk.Razor\targets\Sdk.Razor.CurrentVersion.targets(317,5): message : Property reassignment: $(_RazorDebugSymbolsProduced)="true" (previous value: "false") at C:\Program Files\dotnet\sdk\9.0.313\Sdks\Microsoft.NET.Sdk.Razor\targets\Sdk.Razor.CurrentVersion.targets (317,5)
       C:\Program Files\dotnet\sdk\9.0.313\Sdks\Microsoft.NET.Sdk.Razor\targets\Microsoft.NET.Sdk.Razor.GenerateAssemblyInfo.targets(36,5): message : Property reassignment: $(GenerateRazorTargetAssemblyInfoDependsOn)="
       C:\Program Files\dotnet\sdk\9.0.313\Sdks\Microsoft.NET.Sdk.Razor\targets\Microsoft.NET.Sdk.Razor.GenerateAssemblyInfo.targets(36,5): message :       _ResolveMvcAssemblyAttributes;
       C:\Program Files\dotnet\sdk\9.0.313\Sdks\Microsoft.NET.Sdk.Razor\targets\Microsoft.NET.Sdk.Razor.GenerateAssemblyInfo.targets(36,5): message :       
       C:\Program Files\dotnet\sdk\9.0.313\Sdks\Microsoft.NET.Sdk.Razor\targets\Microsoft.NET.Sdk.Razor.GenerateAssemblyInfo.targets(36,5): message :       GetRazorTargetAssemblyAttributes;
       C:\Program Files\dotnet\sdk\9.0.313\Sdks\Microsoft.NET.Sdk.Razor\targets\Microsoft.NET.Sdk.Razor.GenerateAssemblyInfo.targets(36,5): message :       _CreateRazorTargetAssemblyInfoInputsCacheFile;
       C:\Program Files\dotnet\sdk\9.0.313\Sdks\Microsoft.NET.Sdk.Razor\targets\Microsoft.NET.Sdk.Razor.GenerateAssemblyInfo.targets(36,5): message :       CoreGenerateRazorTargetAssemblyInfo
       C:\Program Files\dotnet\sdk\9.0.313\Sdks\Microsoft.NET.Sdk.Razor\targets\Microsoft.NET.Sdk.Razor.GenerateAssemblyInfo.targets(36,5): message :     
       C:\Program Files\dotnet\sdk\9.0.313\Sdks\Microsoft.NET.Sdk.Razor\targets\Microsoft.NET.Sdk.Razor.GenerateAssemblyInfo.targets(36,5): message :     " (previous value: "
       C:\Program Files\dotnet\sdk\9.0.313\Sdks\Microsoft.NET.Sdk.Razor\targets\Microsoft.NET.Sdk.Razor.GenerateAssemblyInfo.targets(36,5): message :       GetRazorTargetAssemblyAttributes;
       C:\Program Files\dotnet\sdk\9.0.313\Sdks\Microsoft.NET.Sdk.Razor\targets\Microsoft.NET.Sdk.Razor.GenerateAssemblyInfo.targets(36,5): message :       _CreateRazorTargetAssemblyInfoInputsCacheFile;
       C:\Program Files\dotnet\sdk\9.0.313\Sdks\Microsoft.NET.Sdk.Razor\targets\Microsoft.NET.Sdk.Razor.GenerateAssemblyInfo.targets(36,5): message :       CoreGenerateRazorTargetAssemblyInfo
       C:\Program Files\dotnet\sdk\9.0.313\Sdks\Microsoft.NET.Sdk.Razor\targets\Microsoft.NET.Sdk.Razor.GenerateAssemblyInfo.targets(36,5): message :     ") at C:\Program Files\dotnet\sdk\9.0.313\Sdks\Microsoft.NET.Sdk.Razor\targets\Microsoft.NET.Sdk.Razor.GenerateAssemblyInfo.targets (36,5)
       C:\Program Files\dotnet\sdk\9.0.313\Sdks\Microsoft.NET.Sdk.Razor\targets\Microsoft.NET.Sdk.Razor.GenerateAssemblyInfo.targets(181,5): message : Property reassignment: $(CoreCompileDependsOn)="
       C:\Program Files\dotnet\sdk\9.0.313\Sdks\Microsoft.NET.Sdk.Razor\targets\Microsoft.NET.Sdk.Razor.GenerateAssemblyInfo.targets(181,5): message :       ;_ComputeNonExistentFileProperty;ResolveCodeAnalysisRuleSet;
       C:\Program Files\dotnet\sdk\9.0.313\Sdks\Microsoft.NET.Sdk.Razor\targets\Microsoft.NET.Sdk.Razor.GenerateAssemblyInfo.targets(181,5): message :       _GenerateRazorAssemblyInfo
       C:\Program Files\dotnet\sdk\9.0.313\Sdks\Microsoft.NET.Sdk.Razor\targets\Microsoft.NET.Sdk.Razor.GenerateAssemblyInfo.targets(181,5): message :     " (previous value: ";_ComputeNonExistentFileProperty;ResolveCodeAnalysisRuleSet") at C:\Program Files\dotnet\sdk\9.0.313\Sdks\Microsoft.NET.Sdk.Razor\targets\Microsoft.NET.Sdk.Razor.GenerateAssemblyInfo.targets (181,5)
       C:\Program Files\dotnet\sdk\9.0.313\Sdks\Microsoft.NET.Sdk.Razor\targets\Microsoft.NET.Sdk.Razor.GenerateAssemblyInfo.targets(189,5): message : Property reassignment: $(_GenerateRazorAssemblyInfoDependsOn)="
       C:\Program Files\dotnet\sdk\9.0.313\Sdks\Microsoft.NET.Sdk.Razor\targets\Microsoft.NET.Sdk.Razor.GenerateAssemblyInfo.targets(189,5): message :       _ResolveMvcAssemblyAttributes;
       C:\Program Files\dotnet\sdk\9.0.313\Sdks\Microsoft.NET.Sdk.Razor\targets\Microsoft.NET.Sdk.Razor.GenerateAssemblyInfo.targets(189,5): message :       RazorGetAssemblyAttributes;PrepareForBuild;_CoreGenerateRazorAssemblyInfo;
       C:\Program Files\dotnet\sdk\9.0.313\Sdks\Microsoft.NET.Sdk.Razor\targets\Microsoft.NET.Sdk.Razor.GenerateAssemblyInfo.targets(189,5): message :     " (previous value: "RazorGetAssemblyAttributes;PrepareForBuild;_CoreGenerateRazorAssemblyInfo") at C:\Program Files\dotnet\sdk\9.0.313\Sdks\Microsoft.NET.Sdk.Razor\targets\Microsoft.NET.Sdk.Razor.GenerateAssemblyInfo.targets (189,5)
       C:\Program Files\dotnet\sdk\9.0.313\Sdks\Microsoft.NET.Sdk.Razor\targets\Microsoft.NET.Sdk.Razor.MvcApplicationPartsDiscovery.targets(22,5): message : Property reassignment: $(CoreCompileDependsOn)="
       C:\Program Files\dotnet\sdk\9.0.313\Sdks\Microsoft.NET.Sdk.Razor\targets\Microsoft.NET.Sdk.Razor.MvcApplicationPartsDiscovery.targets(22,5): message :       _DiscoverMvcApplicationParts;
       C:\Program Files\dotnet\sdk\9.0.313\Sdks\Microsoft.NET.Sdk.Razor\targets\Microsoft.NET.Sdk.Razor.MvcApplicationPartsDiscovery.targets(22,5): message :       
       C:\Program Files\dotnet\sdk\9.0.313\Sdks\Microsoft.NET.Sdk.Razor\targets\Microsoft.NET.Sdk.Razor.MvcApplicationPartsDiscovery.targets(22,5): message :       ;_ComputeNonExistentFileProperty;ResolveCodeAnalysisRuleSet;
       C:\Program Files\dotnet\sdk\9.0.313\Sdks\Microsoft.NET.Sdk.Razor\targets\Microsoft.NET.Sdk.Razor.MvcApplicationPartsDiscovery.targets(22,5): message :       _GenerateRazorAssemblyInfo
       C:\Program Files\dotnet\sdk\9.0.313\Sdks\Microsoft.NET.Sdk.Razor\targets\Microsoft.NET.Sdk.Razor.MvcApplicationPartsDiscovery.targets(22,5): message :     ;
       C:\Program Files\dotnet\sdk\9.0.313\Sdks\Microsoft.NET.Sdk.Razor\targets\Microsoft.NET.Sdk.Razor.MvcApplicationPartsDiscovery.targets(22,5): message :     " (previous value: "
       C:\Program Files\dotnet\sdk\9.0.313\Sdks\Microsoft.NET.Sdk.Razor\targets\Microsoft.NET.Sdk.Razor.MvcApplicationPartsDiscovery.targets(22,5): message :       ;_ComputeNonExistentFileProperty;ResolveCodeAnalysisRuleSet;
       C:\Program Files\dotnet\sdk\9.0.313\Sdks\Microsoft.NET.Sdk.Razor\targets\Microsoft.NET.Sdk.Razor.MvcApplicationPartsDiscovery.targets(22,5): message :       _GenerateRazorAssemblyInfo
       C:\Program Files\dotnet\sdk\9.0.313\Sdks\Microsoft.NET.Sdk.Razor\targets\Microsoft.NET.Sdk.Razor.MvcApplicationPartsDiscovery.targets(22,5): message :     ") at C:\Program Files\dotnet\sdk\9.0.313\Sdks\Microsoft.NET.Sdk.Razor\targets\Microsoft.NET.Sdk.Razor.MvcApplicationPartsDiscovery.targets (22,5)
       C:\Program Files\dotnet\sdk\9.0.313\Sdks\Microsoft.NET.Sdk.Razor\targets\Sdk.Razor.CurrentVersion.targets(791,5): message : Property reassignment: $(RazorDesignTimeTargets)="C:\Program Files\dotnet\sdk\9.0.313\Sdks\Microsoft.NET.Sdk.Razor\targets\Microsoft.NET.Sdk.Razor.DesignTime.targets" (previous value: "C:\Program Files\dotnet\sdk\9.0.313\\Microsoft\VisualStudio\Razor\Microsoft.NET.Sdk.Razor.DesignTime.targets") at C:\Program Files\dotnet\sdk\9.0.313\Sdks\Microsoft.NET.Sdk.Razor\targets\Sdk.Razor.CurrentVersion.targets (791,5)
       C:\Program Files\dotnet\sdk\9.0.313\Sdks\Microsoft.NET.Sdk.Web.ProjectSystem\targets\Microsoft.NET.Sdk.Web.ProjectSystem.targets(21,5): message : Property reassignment: $(RunWorkingDirectory)="C:\Projects\QuickStockApi\QuickStock" (previous value: "") at C:\Program Files\dotnet\sdk\9.0.313\Sdks\Microsoft.NET.Sdk.Web.ProjectSystem\targets\Microsoft.NET.Sdk.Web.ProjectSystem.targets (21,5)
       C:\Program Files\dotnet\sdk\9.0.313\Sdks\Microsoft.NET.Sdk.Publish\targets\Microsoft.NET.Sdk.Publish.targets(60,5): message : Property reassignment: $(PublishProfileImported)="true" (previous value: "false") at C:\Program Files\dotnet\sdk\9.0.313\Sdks\Microsoft.NET.Sdk.Publish\targets\Microsoft.NET.Sdk.Publish.targets (60,5)
       C:\Program Files\dotnet\sdk\9.0.313\Sdks\Microsoft.NET.Sdk.Publish\targets\Microsoft.NET.Sdk.Publish.targets(81,5): message : Property reassignment: $(PublishConfiguration)="Debug" (previous value: "") at C:\Program Files\dotnet\sdk\9.0.313\Sdks\Microsoft.NET.Sdk.Publish\targets\Microsoft.NET.Sdk.Publish.targets (81,5)
       C:\Program Files\dotnet\sdk\9.0.313\Sdks\Microsoft.NET.Sdk.Publish\targets\Microsoft.NET.Sdk.Publish.targets(87,5): message : Property reassignment: $(BaseIntermediateOutputPath)="C:\Projects\QuickStockApi\QuickStock\obj\" (previous value: "obj\") at C:\Program Files\dotnet\sdk\9.0.313\Sdks\Microsoft.NET.Sdk.Publish\targets\Microsoft.NET.Sdk.Publish.targets (87,5)
       Overriding target "ResolveFrameworkReferences" in project "C:\Program Files\dotnet\sdk\9.0.313\Microsoft.Common.CurrentVersion.targets" with target "ResolveFrameworkReferences" from project "C:\Program Files\dotnet\sdk\9.0.313\Sdks\Microsoft.NET.Sdk\targets\Microsoft.NET.Sdk.FrameworkReferenceResolution.targets".
       Overriding target "Run" in project "C:\Program Files\dotnet\sdk\9.0.313\Microsoft.Common.CurrentVersion.targets" with target "Run" from project "C:\Program Files\dotnet\sdk\9.0.313\Sdks\Microsoft.NET.Sdk\targets\Microsoft.NET.Sdk.targets".
       Overriding target "GenerateSupportedTargetFrameworkAlias" in project "C:\Program Files\dotnet\sdk\9.0.313\Microsoft.Common.CurrentVersion.targets" with target "GenerateSupportedTargetFrameworkAlias" from project "C:\Program Files\dotnet\sdk\9.0.313\Sdks\Microsoft.NET.Sdk\targets\Microsoft.NET.Sdk.targets".
       Overriding target "GetReferenceAssemblyPaths" in project "C:\Program Files\dotnet\sdk\9.0.313\Microsoft.Common.CurrentVersion.targets" with target "GetReferenceAssemblyPaths" from project "C:\Program Files\dotnet\sdk\9.0.313\Sdks\Microsoft.NET.Sdk\targets\Microsoft.NET.DisableStandardFrameworkResolution.targets".
       Overriding target "GetFrameworkPaths" in project "C:\Program Files\dotnet\sdk\9.0.313\Microsoft.Common.CurrentVersion.targets" with target "GetFrameworkPaths" from project "C:\Program Files\dotnet\sdk\9.0.313\Sdks\Microsoft.NET.Sdk\targets\Microsoft.NET.DisableStandardFrameworkResolution.targets".
       Overriding target "DesignerRuntimeImplementationProjectOutputGroup" in project "C:\Program Files\dotnet\sdk\9.0.313\Microsoft.Common.CurrentVersion.targets" with target "DesignerRuntimeImplementationProjectOutputGroup" from project "C:\Program Files\dotnet\sdk\9.0.313\Sdks\Microsoft.NET.Sdk\targets\Microsoft.NET.DesignerSupport.targets".
       Overriding target "Publish" in project "C:\Program Files\dotnet\sdk\9.0.313\Microsoft.Common.CurrentVersion.targets" with target "Publish" from project "C:\Program Files\dotnet\sdk\9.0.313\Sdks\Microsoft.NET.Sdk\targets\Microsoft.NET.Publish.targets".
       Overriding target "ResolveReadyToRunCompilers" in project "C:\Program Files\dotnet\sdk\9.0.313\Sdks\Microsoft.NET.Sdk\targets\Microsoft.NET.CrossGen.targets" with target "ResolveReadyToRunCompilers" from project "C:\Program Files\dotnet\sdk\9.0.313\Sdks\Microsoft.NET.Sdk\targets\Microsoft.NET.Publish.targets".
       Overriding target "GetCopyToPublishDirectoryItems" in project "C:\Program Files\dotnet\sdk\9.0.313\Microsoft.Common.CurrentVersion.targets" with target "GetCopyToPublishDirectoryItems" from project "C:\Program Files\dotnet\sdk\9.0.313\Sdks\Microsoft.NET.Sdk\targets\Microsoft.NET.Publish.targets".
       Overriding target "BeforePublish" in project "C:\Program Files\dotnet\sdk\9.0.313\Microsoft.Common.CurrentVersion.targets" with target "BeforePublish" from project "C:\Program Files\dotnet\sdk\9.0.313\Sdks\Microsoft.NET.Sdk.Publish\targets\Microsoft.NET.Sdk.Publish.targets".
       Overriding target "AfterPublish" in project "C:\Program Files\dotnet\sdk\9.0.313\Microsoft.Common.CurrentVersion.targets" with target "AfterPublish" from project "C:\Program Files\dotnet\sdk\9.0.313\Sdks\Microsoft.NET.Sdk.Publish\targets\Microsoft.NET.Sdk.Publish.targets".
       The target "ResolveNuGetPackageAssets" listed in an AfterTargets attribute at "C:\Users\Unknown\.nuget\packages\microsoft.extensions.logging.abstractions\8.0.2\buildTransitive\net6.0\Microsoft.Extensions.Logging.Abstractions.targets (11,11)" does not exist in the project, and will be ignored.
       The target "ResolveNuGetPackageAssets" listed in an AfterTargets attribute at "C:\Users\Unknown\.nuget\packages\microsoft.extensions.logging.abstractions\8.0.2\buildTransitive\net6.0\Microsoft.Extensions.Logging.Abstractions.targets (23,11)" does not exist in the project, and will be ignored.
       The target "ResolveNuGetPackageAssets" listed in an AfterTargets attribute at "C:\Users\Unknown\.nuget\packages\microsoft.extensions.options\8.0.2\buildTransitive\net6.0\Microsoft.Extensions.Options.targets (11,11)" does not exist in the project, and will be ignored.
       The target "ResolveNuGetPackageAssets" listed in an AfterTargets attribute at "C:\Users\Unknown\.nuget\packages\microsoft.extensions.options\8.0.2\buildTransitive\net6.0\Microsoft.Extensions.Options.targets (23,11)" does not exist in the project, and will be ignored.
       The target "CollectUpToDateCheckInputDesignTime" listed in a BeforeTargets attribute at "C:\Program Files\dotnet\sdk\9.0.313\Sdks\Microsoft.NET.Sdk.StaticWebAssets\targets\Microsoft.NET.Sdk.StaticWebAssets.ScopedCss.targets (171,5)" does not exist in the project, and will be ignored.
       The target "CollectUpToDateCheckBuiltDesignTime" listed in a BeforeTargets attribute at "C:\Program Files\dotnet\sdk\9.0.313\Sdks\Microsoft.NET.Sdk.StaticWebAssets\targets\Microsoft.NET.Sdk.StaticWebAssets.ScopedCss.targets (171,5)" does not exist in the project, and will be ignored.
       The target "RazorGenerateComponentDeclaration" listed in an AfterTargets attribute at "C:\Program Files\dotnet\sdk\9.0.313\Sdks\Microsoft.NET.Sdk.Razor\targets\Microsoft.NET.Sdk.Razor.DesignTime.targets (55,53)" does not exist in the project, and will be ignored.
   1:2>Project "C:\Projects\QuickStockApi\QuickStock.sln" (1:2) is building "C:\Projects\QuickStockApi\QuickStock\QuickStock.csproj" (2:6) on node 1 (default targets).
   2:6>Target "_CheckForUnsupportedTargetFramework" skipped, due to false condition; ('$(_UnsupportedTargetFrameworkError)' == 'true') was evaluated as ('' == 'true').
   2:6>Target "_CollectTargetFrameworkForTelemetry" in file "C:\Program Files\dotnet\sdk\9.0.313\Sdks\Microsoft.NET.Sdk\targets\Microsoft.NET.TargetFrameworkInference.targets" from project "C:\Projects\QuickStockApi\QuickStock\QuickStock.csproj" (target "_CheckForInvalidConfigurationAndPlatform" depends on it):
       Using "AllowEmptyTelemetry" task from assembly "C:\Program Files\dotnet\sdk\9.0.313\Sdks\Microsoft.NET.Sdk\targets\..\tools\net9.0\Microsoft.NET.Build.Tasks.dll".
       Task "AllowEmptyTelemetry"
       Done executing task "AllowEmptyTelemetry".
   2:6>Done building target "_CollectTargetFrameworkForTelemetry" in project "QuickStock.csproj".
       Target "_CheckForUnsupportedTargetPlatformIdentifier" skipped, due to false condition; ('$(TargetPlatformIdentifier)' != '' and '$(TargetFrameworkIdentifier)' == '.NETCoreApp' and $([MSBuild]::VersionGreaterThanOrEquals($(TargetFrameworkVersion), 5.0)) And ('$(DesignTimeBuild)' != 'true' Or '@(MissingWorkloadPack)' == '')) was evaluated as ('' != '' and '.NETCoreApp' == '.NETCoreApp' and True And ('' != 'true' Or '' == '')).
       Target "_CheckForMissingWorkload" skipped, due to false condition; ('@(MissingWorkloadPack)' != '' And '$(DesignTimeBuild)' != 'true') was evaluated as ('' != '' And '' != 'true').
   2:6>Target "_CheckForUnsupportedNETCoreVersion" in file "C:\Program Files\dotnet\sdk\9.0.313\Sdks\Microsoft.NET.Sdk\targets\Microsoft.NET.TargetFrameworkInference.targets" from project "C:\Projects\QuickStockApi\QuickStock\QuickStock.csproj" (target "_CheckForInvalidConfigurationAndPlatform" depends on it):
       Task "NETSdkError" skipped, due to false condition; ('$(_TargetFrameworkVersionWithoutV)' > '$(NETCoreAppMaximumVersion)' and '$(DisplayVSMessage)' != 'true') was evaluated as ('8.0' > '9.0' and '' != 'true').
       Task "NETSdkError" skipped, due to false condition; ('$(DisplayVSMessage)' == 'true') was evaluated as ('' == 'true').
   2:6>Done building target "_CheckForUnsupportedNETCoreVersion" in project "QuickStock.csproj".
       Target "_CheckForEolTargetFrameworks" skipped, due to false condition; ('@(_EolNetCoreTargetFrameworkVersions->AnyHaveMetadataValue('Identity', '$(_TargetFrameworkVersionWithoutV)'))' and '$(TargetFrameworkIdentifier)' == '.NETCoreApp' and '$(CheckEolTargetFramework)' == 'true') was evaluated as ('false' and '.NETCoreApp' == '.NETCoreApp' and 'true' == 'true').
       Target "_CheckForEolWorkloads" skipped, due to false condition; ('@(EolWorkload)' != '' and '$(CheckEolWorkloads)' == 'true') was evaluated as ('' != '' and 'true' == 'true').
       Target "_CheckForNotRecommendedNETStandardVersion" skipped, due to false condition; ('$(TargetFrameworkIdentifier)' == '.NETStandard' and $([MSBuild]::VersionLessThan($(TargetFrameworkVersion), '2.0'))) was evaluated as ('.NETCoreApp' == '.NETStandard' and False).
   2:6>Target "_CheckForUnsupportedCppNETCoreVersion" in file "C:\Program Files\dotnet\sdk\9.0.313\Sdks\Microsoft.NET.Sdk\targets\Microsoft.NET.TargetFrameworkInference.targets" from project "C:\Projects\QuickStockApi\QuickStock\QuickStock.csproj" (target "_CheckForInvalidConfigurationAndPlatform" depends on it):
       Task "NETSdkError" skipped, due to false condition; ('$(TargetFrameworkIdentifier)' == '.NETCoreApp' and '$(_TargetFrameworkVersionWithoutV)' < '3.1' and ('$(Language)' == 'C++' and '$(_EnablePackageReferencesInVCProjects)' != 'true')) was evaluated as ('.NETCoreApp' == '.NETCoreApp' and '8.0' < '3.1' and ('C#' == 'C++' and '' != 'true')).
   2:6>Done building target "_CheckForUnsupportedCppNETCoreVersion" in project "QuickStock.csproj".
       Target "_CheckForUnsupportedNETStandardVersion" skipped, due to false condition; ('$(TargetFrameworkIdentifier)' == '.NETStandard' And '$(NETStandardMaximumVersion)' != '') was evaluated as ('.NETCoreApp' == '.NETStandard' And '' != '').
       Target "_CheckForUnsupportedTargetFrameworkAndFeatureCombination" skipped, due to false condition; ('$(TargetFrameworkIdentifier)' == '.NETFramework') was evaluated as ('.NETCoreApp' == '.NETFramework').
       Target "_CheckForSupportedOSPlatformVersionHigherThanTargetPlatformVersion" skipped, due to false condition; ('$(TargetPlatformVersion)' != '' and '$(TargetFrameworkIdentifier)' == '.NETCoreApp' and $([MSBuild]::VersionGreaterThanOrEquals($(TargetFrameworkVersion), 5.0))) was evaluated as ('' != '' and '.NETCoreApp' == '.NETCoreApp' and True).
       Target "_CheckForInvalidTargetPlatformVersion" skipped, due to false condition; ('$(TargetPlatformVersion)' != '' and '$(TargetFrameworkIdentifier)' == '.NETCoreApp' and $([MSBuild]::VersionGreaterThanOrEquals($(TargetFrameworkVersion), 5.0)) and ('$(Language)' != 'C++' or '$(_EnablePackageReferencesInVCProjects)' == 'true')) was evaluated as ('' != '' and '.NETCoreApp' == '.NETCoreApp' and True and ('C#' != 'C++' or '' == 'true')).
   2:6>Target "_CheckForUnsupportedArtifactsPath" in file "C:\Program Files\dotnet\sdk\9.0.313\Sdks\Microsoft.NET.Sdk\targets\Microsoft.NET.DefaultOutputPaths.targets" from project "C:\Projects\QuickStockApi\QuickStock\QuickStock.csproj" (target "_CheckForInvalidConfigurationAndPlatform" depends on it):
       Task "NetSdkError" skipped, due to false condition; ('$(UseArtifactsOutput)' == 'true' and '$(_ArtifactsPathSetEarly)' != 'true') was evaluated as ('' == 'true' and '' != 'true').
       Task "NetSdkError" skipped, due to false condition; ('$(_ArtifactsPathLocationType)' == 'ProjectFolder') was evaluated as ('' == 'ProjectFolder').
   2:6>Done building target "_CheckForUnsupportedArtifactsPath" in project "QuickStock.csproj".
       Target "_CheckForMissingWorkload" skipped, due to false condition; ('@(MissingWorkloadPack)' != '' And '$(DesignTimeBuild)' != 'true') was evaluated as ('' != '' And '' != 'true').
   2:6>Target "_CheckForUnsupportedAppHostUsage" in file "C:\Program Files\dotnet\sdk\9.0.313\Sdks\Microsoft.NET.Sdk\targets\Microsoft.NET.RuntimeIdentifierInference.targets" from project "C:\Projects\QuickStockApi\QuickStock\QuickStock.csproj" (target "_CheckForInvalidConfigurationAndPlatform" depends on it):
       Task "NETSdkError" skipped, due to false condition; ('$(SelfContained)' == 'true' and '$(RuntimeIdentifier)' == '' and '$(AllowSelfContainedWithoutRuntimeIdentifier)' != 'true') was evaluated as ('false' == 'true' and '' == '' and '' != 'true').
       Task "NETSdkError" skipped, due to false condition; ('$(PublishReadyToRun)' == 'true' and '$(RuntimeIdentifier)' == '' and '$(_IsPublishing)' == 'true') was evaluated as ('' == 'true' and '' == '' and '' == 'true').
       Task "NETSdkError" skipped, due to false condition; ('$(PublishSingleFile)' == 'true' and '$(RuntimeIdentifier)' == '' and '$(_IsPublishing)' == 'true') was evaluated as ('' == 'true' and '' == '' and '' == 'true').
       Task "NETSdkError" skipped, due to false condition; ('$(PublishAot)' == 'true' and '$(RuntimeIdentifier)' == '' and '$(_IsPublishing)' == 'true' and '$(AllowPublishAotWithoutRuntimeIdentifier)' != 'true') was evaluated as ('' == 'true' and '' == '' and '' == 'true' and '' != 'true').
       Task "NETSdkError" skipped, due to false condition; ('$(PublishSelfContained)' != 'true' and '$(PublishSelfContained)' != 'false' and '$(PublishSelfContained)' != '') was evaluated as ('' != 'true' and '' != 'false' and '' != '').
       Task "NETSdkError" skipped, due to false condition; ('$(SelfContained)' == 'true' and '$(UseAppHost)' != 'true' and '$(_RuntimeIdentifierUsesAppHost)' == 'true') was evaluated as ('false' == 'true' and 'true' != 'true' and 'true' == 'true').
       Task "NETSdkError" skipped, due to false condition; ('$(SelfContained)' != 'true' and '$(UseAppHost)' == 'true' and '$(_TargetFrameworkVersionWithoutV)' < '2.1') was evaluated as ('false' != 'true' and 'true' == 'true' and '8.0' < '2.1').
       Task "NETSdkError" skipped, due to false condition; ('$(PublishSingleFile)' == 'true' and '$(_TargetFrameworkVersionWithoutV)' < '3.0') was evaluated as ('' == 'true' and '8.0' < '3.0').
       Task "NETSdkWarning" skipped, due to false condition; ('$(PublishReadyToRun)' == 'true' and '$(_TargetFrameworkVersionWithoutV)' < '3.0') was evaluated as ('' == 'true' and '8.0' < '3.0').
       Task "NETSdkWarning" skipped, due to false condition; ('$(RuntimeIdentifier)' != '' and '$(_TargetFrameworkVersionWithoutV)' != '' and $([MSBuild]::VersionLessThan($(_TargetFrameworkVersionWithoutV), '8.0')) and '$(_SelfContainedWasSpecified)' != 'true') was evaluated as ('' != '' and '8.0' != '' and False and '' != 'true').
       Task "NetSdkError" skipped, due to false condition; (('$(UseWindowsForms)' == 'true') and ('$(PublishTrimmed)' == 'true') and ('$(_SuppressWinFormsTrimError)' != 'true')) was evaluated as (('' == 'true') and ('' == 'true') and ('' != 'true')).
       Task "NetSdkError" skipped, due to false condition; (('$(UseWpf)' == 'true') and ('$(PublishTrimmed)' == 'true') and ('$(_SuppressWpfTrimError)' != 'true')) was evaluated as (('' == 'true') and ('' == 'true') and ('' != 'true')).
   2:6>Done building target "_CheckForUnsupportedAppHostUsage" in project "QuickStock.csproj".
   2:6>Target "_CheckForUnsupportedHostingUsage" in file "C:\Program Files\dotnet\sdk\9.0.313\Sdks\Microsoft.NET.Sdk\targets\Microsoft.NET.RuntimeIdentifierInference.targets" from project "C:\Projects\QuickStockApi\QuickStock\QuickStock.csproj" (target "_CheckForInvalidConfigurationAndPlatform" depends on it):
       Task "NETSdkWarning" skipped, due to false condition; ('$(SelfContained)' == 'true' and '$(EnableComHosting)' == 'true') was evaluated as ('false' == 'true' and '' == 'true').
   2:6>Done building target "_CheckForUnsupportedHostingUsage" in project "QuickStock.csproj".
   2:6>Target "_CheckAndUnsetUnsupportedPrefer32Bit" in file "C:\Program Files\dotnet\sdk\9.0.313\Sdks\Microsoft.NET.Sdk\targets\Microsoft.NET.RuntimeIdentifierInference.targets" from project "C:\Projects\QuickStockApi\QuickStock\QuickStock.csproj" (target "_CheckForInvalidConfigurationAndPlatform" depends on it):
       Task "NETSdkWarning" skipped, due to false condition; ('$(Prefer32Bit)' == 'true') was evaluated as ('false' == 'true').
   2:6>Done building target "_CheckAndUnsetUnsupportedPrefer32Bit" in project "QuickStock.csproj".
       Target "_CheckAndUnsetUnsupportedPreferNativeArm64" skipped, due to false condition; ('$(TargetFrameworkIdentifier)' == '.NETCoreApp' and '$(PreferNativeArm64)' == 'true') was evaluated as ('.NETCoreApp' == '.NETCoreApp' and 'false' == 'true').
       Target "_CheckForMismatchingPlatform" skipped, due to false condition; ('$(RuntimeIdentifier)' != '' and '$(PlatformTarget)' != '') was evaluated as ('' != '' and '' != '').
   2:6>Target "_CheckForLanguageAndFeatureCombinationSupport" in file "C:\Program Files\dotnet\sdk\9.0.313\Sdks\Microsoft.NET.Sdk\targets\Microsoft.NET.RuntimeIdentifierInference.targets" from project "C:\Projects\QuickStockApi\QuickStock\QuickStock.csproj" (target "_CheckForInvalidConfigurationAndPlatform" depends on it):
       Task "NETSdkError" skipped, due to false condition; (('$(Language)' == 'C++' and '$(_EnablePackageReferencesInVCProjects)' != 'true') and $(OutputType) != 'library' and '$(TargetFrameworkIdentifier)' == '.NETCoreApp') was evaluated as (('C#' == 'C++' and '' != 'true') and Exe != 'library' and '.NETCoreApp' == '.NETCoreApp').
       Task "NETSdkError" skipped, due to false condition; (('$(Language)' == 'C++' and '$(_EnablePackageReferencesInVCProjects)' != 'true') and $(EnableComHosting) == 'true') was evaluated as (('C#' == 'C++' and '' != 'true') and  == 'true').
       Task "NETSdkError" skipped, due to false condition; (('$(Language)' == 'C++' and '$(_EnablePackageReferencesInVCProjects)' != 'true') and $(SelfContained) == 'true') was evaluated as (('C#' == 'C++' and '' != 'true') and false == 'true').
   2:6>Done building target "_CheckForLanguageAndFeatureCombinationSupport" in project "QuickStock.csproj".
       Target "_CheckForNETCoreSdkIsPreview" skipped, due to false condition; ( '$(_NETCoreSdkIsPreview)' == 'true' AND '$(SuppressNETCoreSdkPreviewMessage)' != 'true' ) was evaluated as ( 'false' == 'true' AND '' != 'true' ).
   2:6>Target "_GetProjectJsonPath" in file "C:\Program Files\dotnet\sdk\9.0.313\NuGet.targets" from project "C:\Projects\QuickStockApi\QuickStock\QuickStock.csproj" (target "_GetRestoreProjectStyle" depends on it):
       Task "GetRestoreProjectJsonPathTask" skipped, due to false condition; ( '$(RestoreProjectStyle)' == 'ProjectJson' OR '$(RestoreProjectStyle)' == '' ) was evaluated as ( 'PackageReference' == 'ProjectJson' OR 'PackageReference' == '' ).
   2:6>Done building target "_GetProjectJsonPath" in project "QuickStock.csproj".
       Target "_CheckForUnsupportedTargetPlatformIdentifier" skipped, due to false condition; ('$(TargetPlatformIdentifier)' != '' and '$(TargetFrameworkIdentifier)' == '.NETCoreApp' and $([MSBuild]::VersionGreaterThanOrEquals($(TargetFrameworkVersion), 5.0)) And ('$(DesignTimeBuild)' != 'true' Or '@(MissingWorkloadPack)' == '')) was evaluated as ('' != '' and '.NETCoreApp' == '.NETCoreApp' and True And ('' != 'true' Or '' == '')).
       Target "_CheckForMissingWorkload" skipped, due to false condition; ('@(MissingWorkloadPack)' != '' And '$(DesignTimeBuild)' != 'true') was evaluated as ('' != '' And '' != 'true').
       Target "_CheckForNotRecommendedNETStandardVersion" skipped, due to false condition; ('$(TargetFrameworkIdentifier)' == '.NETStandard' and $([MSBuild]::VersionLessThan($(TargetFrameworkVersion), '2.0'))) was evaluated as ('.NETCoreApp' == '.NETStandard' and False).
       Target "_CheckForUnsupportedNETStandardVersion" skipped, due to false condition; ('$(TargetFrameworkIdentifier)' == '.NETStandard' And '$(NETStandardMaximumVersion)' != '') was evaluated as ('.NETCoreApp' == '.NETStandard' And '' != '').
       Target "_CheckForUnsupportedTargetFrameworkAndFeatureCombination" skipped, due to false condition; ('$(TargetFrameworkIdentifier)' == '.NETFramework') was evaluated as ('.NETCoreApp' == '.NETFramework').
   2:6>Target "UpdateAspNetToFrameworkReference" in file "C:\Program Files\dotnet\sdk\9.0.313\Sdks\Microsoft.NET.Sdk\targets\Microsoft.NET.Sdk.DefaultItems.Shared.targets" from project "C:\Projects\QuickStockApi\QuickStock\QuickStock.csproj" (target "ApplyImplicitVersions" depends on it):
       Using "CheckIfPackageReferenceShouldBeFrameworkReference" task from assembly "C:\Program Files\dotnet\sdk\9.0.313\Sdks\Microsoft.NET.Sdk\targets\..\tools\net9.0\Microsoft.NET.Build.Tasks.dll".
       Task "CheckIfPackageReferenceShouldBeFrameworkReference"
       Done executing task "CheckIfPackageReferenceShouldBeFrameworkReference".
       Task "NETSdkError" skipped, due to false condition; ('$(_ShouldRemoveAspNetCoreAll)' == 'true') was evaluated as ('False' == 'true').
       Task "CheckIfPackageReferenceShouldBeFrameworkReference"
       Done executing task "CheckIfPackageReferenceShouldBeFrameworkReference".
       Task "NETSdkWarning" skipped, due to false condition; ('$(_ShouldRemoveAspNetCoreApp)' == 'true') was evaluated as ('False' == 'true').
   2:6>Done building target "UpdateAspNetToFrameworkReference" in project "QuickStock.csproj".
       Target "IncludeTargetingPackReference" skipped, due to false condition; ('$(TargetFrameworkMoniker)' != '' and '$(TargetFrameworkIdentifier)' == '.NETFramework' and '$(AutomaticallyUseReferenceAssemblyPackages)' == 'true') was evaluated as ('.NETCoreApp,Version=v8.0' != '' and '.NETCoreApp' == '.NETFramework' and 'true' == 'true').
   2:6>Target "CheckForImplicitPackageReferenceOverrides" in file "C:\Program Files\dotnet\sdk\9.0.313\Sdks\Microsoft.NET.Sdk\targets\Microsoft.NET.Sdk.DefaultItems.Shared.targets" from project "C:\Projects\QuickStockApi\QuickStock\QuickStock.csproj" (target "ApplyImplicitVersions" depends on it):
       Using "CheckForImplicitPackageReferenceOverrides" task from assembly "C:\Program Files\dotnet\sdk\9.0.313\Sdks\Microsoft.NET.Sdk\targets\..\tools\net9.0\Microsoft.NET.Build.Tasks.dll".
       Task "CheckForImplicitPackageReferenceOverrides"
       Done executing task "CheckForImplicitPackageReferenceOverrides".
   2:6>Done building target "CheckForImplicitPackageReferenceOverrides" in project "QuickStock.csproj".
   2:6>Target "ApplyImplicitVersions" in file "C:\Program Files\dotnet\sdk\9.0.313\Sdks\Microsoft.NET.Sdk\targets\Microsoft.NET.Sdk.DefaultItems.Shared.targets" from project "C:\Projects\QuickStockApi\QuickStock\QuickStock.csproj" (target "CollectPackageReferences" depends on it):
       Using "ApplyImplicitVersions" task from assembly "C:\Program Files\dotnet\sdk\9.0.313\Sdks\Microsoft.NET.Sdk\targets\..\tools\net9.0\Microsoft.NET.Build.Tasks.dll".
       Task "ApplyImplicitVersions"
       Done executing task "ApplyImplicitVersions".
   2:6>Done building target "ApplyImplicitVersions" in project "QuickStock.csproj".
       Target "CheckForImplicitPackageReferenceOverrides" skipped. Previously built successfully.
       Target "AddWindowsSdkKnownFrameworkReferences" skipped, due to false condition; ('$(TargetFrameworkIdentifier)' == '.NETCoreApp' And '$(TargetPlatformIdentifier)' == 'Windows'
                            And ('$(Language)' != 'C++' Or '$(IncludeWindowsSDKRefFrameworkReferences)' == 'true')) was evaluated as ('.NETCoreApp' == '.NETCoreApp' And '' == 'Windows'
                            And ('C#' != 'C++' Or '' == 'true')).
       Target "_NormalizeTargetPlatformVersion" skipped, due to false condition; ('$(TargetPlatformVersion)' != '' and '$(TargetFrameworkIdentifier)' == '.NETCoreApp' and $([MSBuild]::VersionGreaterThanOrEquals($(TargetFrameworkVersion), 5.0)) and ('$(Language)' != 'C++' or '$(_EnablePackageReferencesInVCProjects)' == 'true')) was evaluated as ('' != '' and '.NETCoreApp' == '.NETCoreApp' and True and ('C#' != 'C++' or '' == 'true')).
   2:6>Target "_ComputeToolPackInputsToProcessFrameworkReferences" in file "C:\Program Files\dotnet\sdk\9.0.313\Sdks\Microsoft.NET.Sdk\targets\Microsoft.NET.Publish.targets" from project "C:\Projects\QuickStockApi\QuickStock\QuickStock.csproj" (target "ProcessFrameworkReferences" depends on it):
   2:6>Done building target "_ComputeToolPackInputsToProcessFrameworkReferences" in project "QuickStock.csproj".
   2:6>Target "ProcessFrameworkReferences" in file "C:\Program Files\dotnet\sdk\9.0.313\Sdks\Microsoft.NET.Sdk\targets\Microsoft.NET.Sdk.FrameworkReferenceResolution.targets" from project "C:\Projects\QuickStockApi\QuickStock\QuickStock.csproj" (target "CollectPackageReferences" depends on it):
       Using "CheckForDuplicateFrameworkReferences" task from assembly "C:\Program Files\dotnet\sdk\9.0.313\Sdks\Microsoft.NET.Sdk\targets\..\tools\net9.0\Microsoft.NET.Build.Tasks.dll".
       Task "CheckForDuplicateFrameworkReferences"
       Done executing task "CheckForDuplicateFrameworkReferences".
       Using "ProcessFrameworkReferences" task from assembly "C:\Program Files\dotnet\sdk\9.0.313\Sdks\Microsoft.NET.Sdk\targets\..\tools\net9.0\Microsoft.NET.Build.Tasks.dll".
       Task "ProcessFrameworkReferences"
       Done executing task "ProcessFrameworkReferences".
       Using "ResolveAppHosts" task from assembly "C:\Program Files\dotnet\sdk\9.0.313\Sdks\Microsoft.NET.Sdk\targets\..\tools\net9.0\Microsoft.NET.Build.Tasks.dll".
       Task "ResolveAppHosts"
       Done executing task "ResolveAppHosts".
   2:6>Done building target "ProcessFrameworkReferences" in project "QuickStock.csproj".
       Target "IncludeTargetingPackReference" skipped, due to false condition; ('$(TargetFrameworkMoniker)' != '' and '$(TargetFrameworkIdentifier)' == '.NETFramework' and '$(AutomaticallyUseReferenceAssemblyPackages)' == 'true') was evaluated as ('.NETCoreApp,Version=v8.0' != '' and '.NETCoreApp' == '.NETFramework' and 'true' == 'true').
       Target "_CheckMicrosoftNetCompilersToolsetFrameworkPackageReference" skipped, due to false condition; ('$(MSBuildRuntimeType)' == 'Full') was evaluated as ('Core' == 'Full').
   2:6>Target "_CheckForObsoleteDotNetCliToolReferences" in file "C:\Program Files\dotnet\sdk\9.0.313\Sdks\Microsoft.NET.Sdk\targets\Microsoft.NET.ObsoleteReferences.targets" from project "C:\Projects\QuickStockApi\QuickStock\QuickStock.csproj" (target "CollectPackageReferences" depends on it):
       Task "NETSdkWarning" skipped, due to false condition; ( '%(_ReferenceToObsoleteDotNetCliTool.Identity)' != '' ) was evaluated as ( '' != '' ).
   2:6>Done building target "_CheckForObsoleteDotNetCliToolReferences" in project "QuickStock.csproj".
   2:6>Target "CollectPackageReferences" in file "C:\Program Files\dotnet\sdk\9.0.313\NuGet.targets" from project "C:\Projects\QuickStockApi\QuickStock\QuickStock.csproj" (target "_GetRestoreProjectStyle" depends on it):
       Using "CheckForDuplicateNuGetItemsTask" task from assembly "C:\Program Files\dotnet\sdk\9.0.313\NuGet.Build.Tasks.dll".
       Task "CheckForDuplicateNuGetItemsTask"
       Done executing task "CheckForDuplicateNuGetItemsTask".
   2:6>Done building target "CollectPackageReferences" in project "QuickStock.csproj".
   2:6>Target "_GetRestoreProjectStyle" in file "C:\Program Files\dotnet\sdk\9.0.313\NuGet.targets" from project "C:\Projects\QuickStockApi\QuickStock\QuickStock.csproj" (target "EnableIntermediateOutputPathMismatchWarning" depends on it):
       Using "GetRestoreProjectStyleTask" task from assembly "C:\Program Files\dotnet\sdk\9.0.313\NuGet.Build.Tasks.dll".
       Task "GetRestoreProjectStyleTask"
       Done executing task "GetRestoreProjectStyleTask".
   2:6>Done building target "_GetRestoreProjectStyle" in project "QuickStock.csproj".
   2:6>Target "EnableIntermediateOutputPathMismatchWarning" in file "C:\Program Files\dotnet\sdk\9.0.313\NuGet.targets" from project "C:\Projects\QuickStockApi\QuickStock\QuickStock.csproj" (target "_CheckForInvalidConfigurationAndPlatform" depends on it):
   2:6>Done building target "EnableIntermediateOutputPathMismatchWarning" in project "QuickStock.csproj".
       Target "ApplyImplicitVersions" skipped. Previously built successfully.
       Target "CheckForImplicitPackageReferenceOverrides" skipped. Previously built successfully.
   2:6>Target "CheckForDuplicateItems" in file "C:\Program Files\dotnet\sdk\9.0.313\Sdks\Microsoft.NET.Sdk\targets\Microsoft.NET.Sdk.DefaultItems.Shared.targets" from project "C:\Projects\QuickStockApi\QuickStock\QuickStock.csproj" (target "_CheckForInvalidConfigurationAndPlatform" depends on it):
       Using "CheckForDuplicateItems" task from assembly "C:\Program Files\dotnet\sdk\9.0.313\Sdks\Microsoft.NET.Sdk\targets\..\tools\net9.0\Microsoft.NET.Build.Tasks.dll".
       Task "CheckForDuplicateItems"
       Done executing task "CheckForDuplicateItems".
       Task "CheckForDuplicateItems"
       Done executing task "CheckForDuplicateItems".
       Task "CheckForDuplicateItems"
       Done executing task "CheckForDuplicateItems".
   2:6>Done building target "CheckForDuplicateItems" in project "QuickStock.csproj".
       Target "WarnForExplicitVersions" skipped, due to false condition; ('@(SdkBuildWarning)' != '') was evaluated as ('' != '').
       Target "_CheckForFailedSDKResolution" skipped, due to false condition; ('$(SdkResolverHonoredGlobalJson)' == 'false') was evaluated as ('' == 'false').
       Target "_WarnWhenUsingNET9AndVSPriorTo1712" skipped, due to false condition; ($([MSBuild]::VersionLessThan($(MSBuildVersion), '17.12.0')) and '$(TargetFrameworkIdentifier)' == '.NETCoreApp' and $([MSBuild]::VersionGreaterThanOrEquals($(_TargetFrameworkVersionWithoutV), '9.0'))) was evaluated as (False and '.NETCoreApp' == '.NETCoreApp' and False).
       Target "_CheckForInvalidWindowsDesktopTargetingConfiguration" skipped, due to false condition; ('$(TargetFrameworkIdentifier)' == '.NETCoreApp' and $([MSBuild]::VersionGreaterThanOrEquals($(_TargetFrameworkVersionWithoutV), '5.0')) and ('$(UseWindowsForms)' == 'true' or '$(UseWPF)' == 'true')) was evaluated as ('.NETCoreApp' == '.NETCoreApp' and True and ('' == 'true' or '' == 'true')).
       Target "_CheckForUnnecessaryWindowsDesktopSDK" skipped, due to false condition; ('$(TargetFrameworkIdentifier)' == '.NETCoreApp' and $([MSBuild]::VersionGreaterThanOrEquals($(_TargetFrameworkVersionWithoutV), '5.0')) and '$(_MicrosoftWindowsDesktopSdkImported)' == 'true' and '$(TargetFrameworks)' == '') was evaluated as ('.NETCoreApp' == '.NETCoreApp' and True and '' == 'true' and '' == '').
       Target "ProcessFrameworkReferences" skipped. Previously built successfully.
       Target "IncludeTargetingPackReference" skipped, due to false condition; ('$(TargetFrameworkMoniker)' != '' and '$(TargetFrameworkIdentifier)' == '.NETFramework' and '$(AutomaticallyUseReferenceAssemblyPackages)' == 'true') was evaluated as ('.NETCoreApp,Version=v8.0' != '' and '.NETCoreApp' == '.NETFramework' and 'true' == 'true').
   2:6>Target "_CheckForInvalidConfigurationAndPlatform" in file "C:\Program Files\dotnet\sdk\9.0.313\Microsoft.Common.CurrentVersion.targets" from project "C:\Projects\QuickStockApi\QuickStock\QuickStock.csproj" (target "BeforeBuild" depends on it):
       Task "MSBuildInternalMessage" skipped, due to false condition; ('$(_InvalidConfigurationMessageSeverity)' != '') was evaluated as ('' != '').
       Task "Message"
         Configuration=Debug
       Done executing task "Message".
       Task "Message"
         Platform=AnyCPU
       Done executing task "Message".
       Task "MSBuildInternalMessage" skipped, due to false condition; ('$(OutDir)' != '' and !HasTrailingSlash('$(OutDir)')) was evaluated as ('bin\Debug\net8.0\' != '' and !HasTrailingSlash('bin\Debug\net8.0\')).
       Task "MSBuildInternalMessage" skipped, due to false condition; ('$(IntermediateOutputPath)' != '' and !HasTrailingSlash('$(IntermediateOutputPath)')) was evaluated as ('obj\Debug\net8.0\' != '' and !HasTrailingSlash('obj\Debug\net8.0\')).
       Task "MSBuildInternalMessage" skipped, due to false condition; ('$(BaseIntermediateOutputPath)' != '' and !HasTrailingSlash('$(BaseIntermediateOutputPath)')) was evaluated as ('C:\Projects\QuickStockApi\QuickStock\obj\' != '' and !HasTrailingSlash('C:\Projects\QuickStockApi\QuickStock\obj\')).
       Task "MSBuildInternalMessage" skipped, due to false condition; ( '$(Prefer32Bit)' == 'true' and '$(PreferNativeArm64)' == 'true' ) was evaluated as ( 'false' == 'true' and 'false' == 'true' ).
       Task "MSBuildInternalMessage" skipped, due to false condition; ( '$(NoWin32Manifest)' == 'true' and '$(PreferNativeArm64)' == 'true' ) was evaluated as ( '' == 'true' and 'false' == 'true' ).
       Task "MSBuildInternalMessage" skipped, due to false condition; ( '$(PreferNativeArm64)' == 'true' and '$(Platform)' != 'AnyCPU' ) was evaluated as ( 'false' == 'true' and 'AnyCPU' != 'AnyCPU' ).
       Task "MSBuildInternalMessage" skipped, due to false condition; ( '$(_InitialMSBuildProjectExtensionsPath)' != '' And '$(MSBuildProjectExtensionsPath)' != '$(_InitialMSBuildProjectExtensionsPath)' ) was evaluated as ( 'C:\Projects\QuickStockApi\QuickStock\obj\' != '' And 'C:\Projects\QuickStockApi\QuickStock\obj\' != 'C:\Projects\QuickStockApi\QuickStock\obj\' ).
       Task "MSBuildInternalMessage" skipped, due to false condition; ( '$(EnableBaseIntermediateOutputPathMismatchWarning)' == 'true' And '$(_InitialBaseIntermediateOutputPath)' != '$(BaseIntermediateOutputPath)' And '$(BaseIntermediateOutputPath)' != '$(MSBuildProjectExtensionsPath)' ) was evaluated as ( 'true' == 'true' And 'obj\' != 'C:\Projects\QuickStockApi\QuickStock\obj\' And 'C:\Projects\QuickStockApi\QuickStock\obj\' != 'C:\Projects\QuickStockApi\QuickStock\obj\' ).
   2:6>Done building target "_CheckForInvalidConfigurationAndPlatform" in project "QuickStock.csproj".
   2:6>Target "ValidateCommandLineProperties" in file "C:\Program Files\dotnet\sdk\9.0.313\Sdks\Microsoft.NET.Sdk\targets\Microsoft.NET.Sdk.targets" from project "C:\Projects\QuickStockApi\QuickStock\QuickStock.csproj" (target "BeforeBuild" depends on it):
   2:6>Done building target "ValidateCommandLineProperties" in project "QuickStock.csproj".
   2:6>Target "BeforeBuild" in file "C:\Program Files\dotnet\sdk\9.0.313\Microsoft.Common.CurrentVersion.targets" from project "C:\Projects\QuickStockApi\QuickStock\QuickStock.csproj" (target "Build" depends on it):
   2:6>Done building target "BeforeBuild" in project "QuickStock.csproj".
       Target "_CheckForBuildWithNoBuild" skipped, due to false condition; ('$(NoBuild)' == 'true' and '$(GeneratePackageOnBuild)' != 'true') was evaluated as ('' == 'true' and 'false' != 'true').
   2:6>Target "BuildOnlySettings" in file "C:\Program Files\dotnet\sdk\9.0.313\Microsoft.Common.CurrentVersion.targets" from project "C:\Projects\QuickStockApi\QuickStock\QuickStock.csproj" (target "CoreBuild" depends on it):
       C:\Program Files\dotnet\sdk\9.0.313\Microsoft.Common.CurrentVersion.targets(1168,7): message : Property reassignment: $(BuildingProject)="true" (previous value: "false") at C:\Program Files\dotnet\sdk\9.0.313\Microsoft.Common.CurrentVersion.targets (1168,7) [C:\Projects\QuickStockApi\QuickStock\QuickStock.csproj]
   2:6>Done building target "BuildOnlySettings" in project "QuickStock.csproj".
       Target "_CheckForUnsupportedTargetFramework" skipped, due to false condition; ('$(_UnsupportedTargetFrameworkError)' == 'true') was evaluated as ('' == 'true').
       Target "_CheckForUnsupportedTargetPlatformIdentifier" skipped, due to false condition; ('$(TargetPlatformIdentifier)' != '' and '$(TargetFrameworkIdentifier)' == '.NETCoreApp' and $([MSBuild]::VersionGreaterThanOrEquals($(TargetFrameworkVersion), 5.0)) And ('$(DesignTimeBuild)' != 'true' Or '@(MissingWorkloadPack)' == '')) was evaluated as ('' != '' and '.NETCoreApp' == '.NETCoreApp' and True And ('' != 'true' Or '' == '')).
       Target "_CheckForMissingWorkload" skipped, due to false condition; ('@(MissingWorkloadPack)' != '' And '$(DesignTimeBuild)' != 'true') was evaluated as ('' != '' And '' != 'true').
   2:6>Target "GetFrameworkPaths" in file "C:\Program Files\dotnet\sdk\9.0.313\Sdks\Microsoft.NET.Sdk\targets\Microsoft.NET.DisableStandardFrameworkResolution.targets" from project "C:\Projects\QuickStockApi\QuickStock\QuickStock.csproj" (target "PrepareForBuild" depends on it):
   2:6>Done building target "GetFrameworkPaths" in project "QuickStock.csproj".
       Target "_CheckForUnsupportedTargetFramework" skipped, due to false condition; ('$(_UnsupportedTargetFrameworkError)' == 'true') was evaluated as ('' == 'true').
       Target "_CheckForUnsupportedTargetPlatformIdentifier" skipped, due to false condition; ('$(TargetPlatformIdentifier)' != '' and '$(TargetFrameworkIdentifier)' == '.NETCoreApp' and $([MSBuild]::VersionGreaterThanOrEquals($(TargetFrameworkVersion), 5.0)) And ('$(DesignTimeBuild)' != 'true' Or '@(MissingWorkloadPack)' == '')) was evaluated as ('' != '' and '.NETCoreApp' == '.NETCoreApp' and True And ('' != 'true' Or '' == '')).
       Target "_CheckForMissingWorkload" skipped, due to false condition; ('@(MissingWorkloadPack)' != '' And '$(DesignTimeBuild)' != 'true') was evaluated as ('' != '' And '' != 'true').
   2:6>Target "GetReferenceAssemblyPaths" in file "C:\Program Files\dotnet\sdk\9.0.313\Sdks\Microsoft.NET.Sdk\targets\Microsoft.NET.DisableStandardFrameworkResolution.targets" from project "C:\Projects\QuickStockApi\QuickStock\QuickStock.csproj" (target "PrepareForBuild" depends on it):
   2:6>Done building target "GetReferenceAssemblyPaths" in project "QuickStock.csproj".
       Target "AssignLinkMetadata" skipped, due to false condition; ( '$(SynthesizeLinkMetadata)' == 'true' ) was evaluated as ( '' == 'true' ).
   2:6>Target "ResolveRazorGenerateInputs" in file "C:\Program Files\dotnet\sdk\9.0.313\Sdks\Microsoft.NET.Sdk.Razor\targets\Sdk.Razor.CurrentVersion.targets" from project "C:\Projects\QuickStockApi\QuickStock\QuickStock.csproj" (target "PrepareForBuild" depends on it):
   2:6>Done building target "ResolveRazorGenerateInputs" in project "QuickStock.csproj".
       Target "_VerifyPackReleaseConfigurations" skipped, due to false condition; ('$(_IsPacking)' == 'true' and '$(DOTNET_CLI_DISABLE_PUBLISH_AND_PACK_RELEASE)' != 'true' and '$(DOTNET_CLI_LAZY_PUBLISH_AND_PACK_RELEASE_FOR_SOLUTIONS)' == 'true') was evaluated as ('' == 'true' and '' != 'true' and '' == 'true').
   2:6>Target "PrepareForBuild" in file "C:\Program Files\dotnet\sdk\9.0.313\Microsoft.Common.CurrentVersion.targets" from project "C:\Projects\QuickStockApi\QuickStock\QuickStock.csproj" (target "CoreBuild" depends on it):
       Using "FindAppConfigFile" task from assembly "Microsoft.Build.Tasks.Core, Version=15.1.0.0, Culture=neutral, PublicKeyToken=b03f5f7f11d50a3a".
       Task "FindAppConfigFile"
       Done executing task "FindAppConfigFile".
       Using "MakeDir" task from assembly "Microsoft.Build.Tasks.Core, Version=15.1.0.0, Culture=neutral, PublicKeyToken=b03f5f7f11d50a3a".
       Task "MakeDir"
       Done executing task "MakeDir".
   2:6>Done building target "PrepareForBuild" in project "QuickStock.csproj".
       Target "GenerateTargetPlatformDefineConstants" skipped, due to false condition; ( '$(DisableImplicitFrameworkDefines)' != 'true' and '$(TargetPlatformIdentifier)' != '' and '$(TargetFrameworkIdentifier)' == '.NETCoreApp' and $([MSBuild]::VersionGreaterThanOrEquals($(TargetFrameworkVersion), 5.0)) ) was evaluated as ( '' != 'true' and '' != '' and '.NETCoreApp' == '.NETCoreApp' and True ).
   2:6>Target "GenerateNETCompatibleDefineConstants" in file "C:\Program Files\dotnet\sdk\9.0.313\Sdks\Microsoft.NET.Sdk\targets\Microsoft.NET.Sdk.BeforeCommon.targets" from project "C:\Projects\QuickStockApi\QuickStock\QuickStock.csproj" (target "AddImplicitDefineConstants" depends on it):
   2:6>Done building target "GenerateNETCompatibleDefineConstants" in project "QuickStock.csproj".
       Target "GeneratePlatformCompatibleDefineConstants" skipped, due to false condition; ( '$(DisableImplicitFrameworkDefines)' != 'true' and '$(TargetPlatformIdentifier)' != '' and '$(TargetFrameworkIdentifier)' == '.NETCoreApp' and $([MSBuild]::VersionGreaterThanOrEquals($(TargetFrameworkVersion), 5.0)) ) was evaluated as ( '' != 'true' and '' != '' and '.NETCoreApp' == '.NETCoreApp' and True ).
       Target "_DisableDiagnosticTracing" skipped, due to false condition; ('$(DisableDiagnosticTracing)' == 'true') was evaluated as ('' == 'true').
   2:6>Target "AddImplicitDefineConstants" in file "C:\Program Files\dotnet\sdk\9.0.313\Sdks\Microsoft.NET.Sdk\targets\Microsoft.NET.Sdk.BeforeCommon.targets" from project "C:\Projects\QuickStockApi\QuickStock\QuickStock.csproj" (target "CoreBuild" depends on it):
       C:\Program Files\dotnet\sdk\9.0.313\Sdks\Microsoft.NET.Sdk\targets\Microsoft.NET.Sdk.BeforeCommon.targets(267,7): message : Property reassignment: $(DefineConstants)="TRACE;DEBUG;NET;NET8_0;NETCOREAPP;NET5_0_OR_GREATER;NET6_0_OR_GREATER;NET7_0_OR_GREATER;NET8_0_OR_GREATER;NETCOREAPP1_0_OR_GREATER;NETCOREAPP1_1_OR_GREATER;NETCOREAPP2_0_OR_GREATER;NETCOREAPP2_1_OR_GREATER;NETCOREAPP2_2_OR_GREATER;NETCOREAPP3_0_OR_GREATER;NETCOREAPP3_1_OR_GREATER" (previous value: "TRACE;DEBUG;NET;NET8_0;NETCOREAPP") at C:\Program Files\dotnet\sdk\9.0.313\Sdks\Microsoft.NET.Sdk\targets\Microsoft.NET.Sdk.BeforeCommon.targets (267,7) [C:\Projects\QuickStockApi\QuickStock\QuickStock.csproj]
   2:6>Done building target "AddImplicitDefineConstants" in project "QuickStock.csproj".
   2:6>Target "GenerateGlobalUsings" in file "C:\Program Files\dotnet\sdk\9.0.313\Sdks\Microsoft.NET.Sdk\targets\Microsoft.NET.GenerateGlobalUsings.targets" from project "C:\Projects\QuickStockApi\QuickStock\QuickStock.csproj" (target "CoreBuild" depends on it):
       Using "GenerateGlobalUsings" task from assembly "C:\Program Files\dotnet\sdk\9.0.313\Sdks\Microsoft.NET.Sdk\targets\..\tools\net9.0\Microsoft.NET.Build.Tasks.dll".
       Task "GenerateGlobalUsings"
       Done executing task "GenerateGlobalUsings".
       Using "WriteLinesToFile" task from assembly "Microsoft.Build.Tasks.Core, Version=15.1.0.0, Culture=neutral, PublicKeyToken=b03f5f7f11d50a3a".
       Task "WriteLinesToFile"
         Skipping write to file "obj\Debug\net8.0\QuickStock.GlobalUsings.g.cs" because content would not change.
       Done executing task "WriteLinesToFile".
   2:6>Done building target "GenerateGlobalUsings" in project "QuickStock.csproj".
       Target "PreBuildEvent" skipped, due to false condition; ('$(PreBuildEvent)'!='') was evaluated as (''!='').
   2:6>Target "BeforeResolveReferences" in file "C:\Program Files\dotnet\sdk\9.0.313\Microsoft.Common.CurrentVersion.targets" from project "C:\Projects\QuickStockApi\QuickStock\QuickStock.csproj" (target "ResolveReferences" depends on it):
   2:6>Done building target "BeforeResolveReferences" in project "QuickStock.csproj".
   2:6>Target "IgnoreJavaScriptOutputAssembly" in file "C:\Program Files\dotnet\sdk\9.0.313\Microsoft.Common.CurrentVersion.targets" from project "C:\Projects\QuickStockApi\QuickStock\QuickStock.csproj" (target "AssignProjectConfiguration" depends on it):
   2:6>Done building target "IgnoreJavaScriptOutputAssembly" in project "QuickStock.csproj".
       Target "ProcessFrameworkReferences" skipped. Previously built successfully.
   2:6>Target "_DefaultMicrosoftNETPlatformLibrary" in file "C:\Program Files\dotnet\sdk\9.0.313\Sdks\Microsoft.NET.Sdk\targets\Microsoft.NET.Sdk.Shared.targets" from project "C:\Projects\QuickStockApi\QuickStock\QuickStock.csproj" (target "ResolvePackageAssets" depends on it):
   2:6>Done building target "_DefaultMicrosoftNETPlatformLibrary" in project "QuickStock.csproj".
   2:6>Target "_ComputePackageReferencePublish" in file "C:\Program Files\dotnet\sdk\9.0.313\Sdks\Microsoft.NET.Sdk\targets\Microsoft.NET.Sdk.Shared.targets" from project "C:\Projects\QuickStockApi\QuickStock\QuickStock.csproj" (target "ResolvePackageAssets" depends on it):
   2:6>Done building target "_ComputePackageReferencePublish" in project "QuickStock.csproj".
       Target "_ResolveCompilerVersion" skipped, due to false condition; ('$(CompilerApiVersion)' == '' And
                            ('$(Language)' == 'C#' Or '$(Language)' == 'VB') And
                            Exists('$(RoslynTargetsPath)\Microsoft.Build.Tasks.CodeAnalysis.dll')) was evaluated as ('roslyn4.14' == '' And
                            ('C#' == 'C#' Or 'C#' == 'VB') And
                            Exists('C:\Program Files\dotnet\sdk\9.0.313\Roslyn\Microsoft.Build.Tasks.CodeAnalysis.dll')).
   2:6>Target "ResolvePackageAssets" in file "C:\Program Files\dotnet\sdk\9.0.313\Sdks\Microsoft.NET.Sdk\targets\Microsoft.PackageDependencyResolution.targets" from project "C:\Projects\QuickStockApi\QuickStock\QuickStock.csproj" (target "ResolveLockFileReferences" depends on it):
       Using "ResolvePackageAssets" task from assembly "C:\Program Files\dotnet\sdk\9.0.313\Sdks\Microsoft.NET.Sdk\targets\..\tools\net9.0\Microsoft.NET.Build.Tasks.dll".
       Task "ResolvePackageAssets"
       Done executing task "ResolvePackageAssets".
   2:6>Done building target "ResolvePackageAssets" in project "QuickStock.csproj".
       Target "AdjustDefaultPlatformTargetForNetFrameworkExeWithNoNativeCopyLocalItems" skipped, due to false condition; ('$(_UsingDefaultPlatformTarget)' == 'true' and
                            '$(_UsingDefaultRuntimeIdentifier)' == 'true') was evaluated as ('true' == 'true' and
                            '' == 'true').
   2:6>Target "_CheckForTransitiveWindowsDesktopDependencies" in file "C:\Program Files\dotnet\sdk\9.0.313\Sdks\Microsoft.NET.Sdk\targets\Microsoft.NET.Sdk.DefaultItems.Shared.targets" from project "C:\Projects\QuickStockApi\QuickStock\QuickStock.csproj" (target "ResolveLockFileReferences" depends on it):
       Task "NetSdkError" skipped, due to false condition; ('@(_WindowsDesktopTransitiveFrameworkReference)' != '') was evaluated as ('' != '').
   2:6>Done building target "_CheckForTransitiveWindowsDesktopDependencies" in project "QuickStock.csproj".
   2:6>Target "AddTransitiveFrameworkReferences" in file "C:\Program Files\dotnet\sdk\9.0.313\Sdks\Microsoft.NET.Sdk\targets\Microsoft.NET.Sdk.FrameworkReferenceResolution.targets" from project "C:\Projects\QuickStockApi\QuickStock\QuickStock.csproj" (target "ResolveLockFileReferences" depends on it):
   2:6>Done building target "AddTransitiveFrameworkReferences" in project "QuickStock.csproj".
   2:6>Target "ResolveLockFileReferences" in file "C:\Program Files\dotnet\sdk\9.0.313\Sdks\Microsoft.NET.Sdk\targets\Microsoft.PackageDependencyResolution.targets" from project "C:\Projects\QuickStockApi\QuickStock\QuickStock.csproj" (target "ResolvePackageDependenciesForBuild" depends on it):
       Using "JoinItems" task from assembly "C:\Program Files\dotnet\sdk\9.0.313\Sdks\Microsoft.NET.Sdk\targets\..\tools\net9.0\Microsoft.NET.Build.Tasks.dll".
       Task "JoinItems"
       Done executing task "JoinItems".
   2:6>Done building target "ResolveLockFileReferences" in project "QuickStock.csproj".
       Target "ResolvePackageAssets" skipped. Previously built successfully.
   2:6>Target "ResolveLockFileAnalyzers" in file "C:\Program Files\dotnet\sdk\9.0.313\Sdks\Microsoft.NET.Sdk\targets\Microsoft.PackageDependencyResolution.targets" from project "C:\Projects\QuickStockApi\QuickStock\QuickStock.csproj" (target "ResolvePackageDependenciesForBuild" depends on it):
   2:6>Done building target "ResolveLockFileAnalyzers" in project "QuickStock.csproj".
       Target "ResolvePackageAssets" skipped. Previously built successfully.
       Target "RunProduceContentAssets" skipped, due to false condition; ('@(_ContentFilesToPreprocess)' != '' and '$(_CleaningWithoutRebuilding)' != 'true') was evaluated as ('' != '' and '' != 'true').
   2:6>Target "ResolveLockFileCopyLocalFiles" in file "C:\Program Files\dotnet\sdk\9.0.313\Sdks\Microsoft.NET.Sdk\targets\Microsoft.PackageDependencyResolution.targets" from project "C:\Projects\QuickStockApi\QuickStock\QuickStock.csproj" (target "ResolvePackageDependenciesForBuild" depends on it):
   2:6>Done building target "ResolveLockFileCopyLocalFiles" in project "QuickStock.csproj".
       Target "ResolveRuntimePackAssets" skipped, due to false condition; ('@(RuntimePack)' != '') was evaluated as ('' != '').
       Target "RunProduceContentAssets" skipped, due to false condition; ('@(_ContentFilesToPreprocess)' != '' and '$(_CleaningWithoutRebuilding)' != 'true') was evaluated as ('' != '' and '' != 'true').
       Target "ResolvePackageAssets" skipped. Previously built successfully.
   2:6>Target "IncludeTransitiveProjectReferences" in file "C:\Program Files\dotnet\sdk\9.0.313\Sdks\Microsoft.NET.Sdk\targets\Microsoft.PackageDependencyResolution.targets" from project "C:\Projects\QuickStockApi\QuickStock\QuickStock.csproj" (target "ResolvePackageDependenciesForBuild" depends on it):
   2:6>Done building target "IncludeTransitiveProjectReferences" in project "QuickStock.csproj".
   2:6>Target "ResolvePackageDependenciesForBuild" in file "C:\Program Files\dotnet\sdk\9.0.313\Sdks\Microsoft.NET.Sdk\targets\Microsoft.PackageDependencyResolution.targets" from project "C:\Projects\QuickStockApi\QuickStock\QuickStock.csproj" (target "AssignProjectConfiguration" depends on it):
   2:6>Done building target "ResolvePackageDependenciesForBuild" in project "QuickStock.csproj".
       Target "_Microsoft_Extensions_Logging_AbstractionsAnalyzerMultiTargeting" skipped, due to false condition; ('$(SupportsRoslynComponentVersioning)' != 'true') was evaluated as ('true' != 'true').
       Target "_Microsoft_Extensions_Logging_AbstractionsRemoveAnalyzers" skipped, due to false condition; ('$(DisableMicrosoftExtensionsLoggingSourceGenerator)' == 'true') was evaluated as ('' == 'true').
       Target "_Microsoft_Extensions_OptionsAnalyzerMultiTargeting" skipped, due to false condition; ('$(SupportsRoslynComponentVersioning)' != 'true') was evaluated as ('true' != 'true').
       Target "_Microsoft_Extensions_OptionsRemoveAnalyzers" skipped, due to false condition; ('$(DisableMicrosoftExtensionsOptionsSourceGenerator)' == 'true') was evaluated as ('' == 'true').
   2:6>Target "AssignProjectConfiguration" in file "C:\Program Files\dotnet\sdk\9.0.313\Microsoft.Common.CurrentVersion.targets" from project "C:\Projects\QuickStockApi\QuickStock\QuickStock.csproj" (target "ResolveReferences" depends on it):
       Using "AssignProjectConfiguration" task from assembly "Microsoft.Build.Tasks.Core, Version=15.1.0.0, Culture=neutral, PublicKeyToken=b03f5f7f11d50a3a".
       Task "AssignProjectConfiguration"
       Done executing task "AssignProjectConfiguration".
   2:6>Done building target "AssignProjectConfiguration" in project "QuickStock.csproj".
       Target "AssignProjectConfiguration" skipped. Previously built successfully.
   2:6>Target "_SplitProjectReferencesByFileExistence" in file "C:\Program Files\dotnet\sdk\9.0.313\Microsoft.Common.CurrentVersion.targets" from project "C:\Projects\QuickStockApi\QuickStock\QuickStock.csproj" (target "PrepareProjectReferences" depends on it):
       Task "ResolveNonMSBuildProjectOutput" skipped, due to false condition; ('$(BuildingInsideVisualStudio)'=='true' and '@(ProjectReferenceWithConfiguration)'!='') was evaluated as (''=='true' and ''!='').
   2:6>Done building target "_SplitProjectReferencesByFileExistence" in project "QuickStock.csproj".
   2:6>Target "_AddOutputPathToGlobalPropertiesToRemove" in file "C:\Program Files\dotnet\sdk\9.0.313\Microsoft.Common.CurrentVersion.targets" from project "C:\Projects\QuickStockApi\QuickStock\QuickStock.csproj" (target "_GetProjectReferenceTargetFrameworkProperties" depends on it):
   2:6>Done building target "_AddOutputPathToGlobalPropertiesToRemove" in project "QuickStock.csproj".
   2:6>Target "_GetProjectReferenceTargetFrameworkProperties" in file "C:\Program Files\dotnet\sdk\9.0.313\Microsoft.Common.CurrentVersion.targets" from project "C:\Projects\QuickStockApi\QuickStock\QuickStock.csproj" (target "PrepareProjectReferences" depends on it):
       Task "MSBuild"
       Done executing task "MSBuild".
       Task "MSBuild" skipped, due to false condition; ('%(_MSBuildProjectReferenceExistent.SkipGetTargetFrameworkProperties)' != 'true' and '$(EnableDynamicPlatformResolution)' == 'true') was evaluated as ('' != 'true' and '' == 'true').
       Task "GetReferenceNearestTargetFrameworkTask" skipped, due to false condition; ('@(_ProjectReferenceTargetFrameworkPossibilities)' != '' and '$(ReferringTargetFrameworkForProjectReferences)' != ''
                                                               And '$(GetReferenceNearestTargetFrameworkTaskSupportsTargetPlatformParameter)' == 'true' and '%(_ProjectReferenceTargetFrameworkPossibilities.IsVcxOrNativeProj)' != 'true') was evaluated as ('' != '' and '.NETCoreApp,Version=v8.0' != ''
                                                               And 'true' == 'true' and '' != 'true').
       Task "GetReferenceNearestTargetFrameworkTask" skipped, due to false condition; ('@(_ProjectReferenceTargetFrameworkPossibilities)' != '' and '$(ReferringTargetFrameworkForProjectReferences)' != ''
                                                               And '$(GetReferenceNearestTargetFrameworkTaskSupportsTargetPlatformParameter)' != 'true' and '%(_ProjectReferenceTargetFrameworkPossibilities.IsVcxOrNativeProj)' != 'true') was evaluated as ('' != '' and '.NETCoreApp,Version=v8.0' != ''
                                                               And 'true' != 'true' and '' != 'true').
       Using "SetRidAgnosticValueForProjects" task from assembly "Microsoft.Build.Tasks.Core, Version=15.1.0.0, Culture=neutral, PublicKeyToken=b03f5f7f11d50a3a".
       Task "SetRidAgnosticValueForProjects"
       Done executing task "SetRidAgnosticValueForProjects".
   2:6>Done building target "_GetProjectReferenceTargetFrameworkProperties" in project "QuickStock.csproj".
   2:6>Target "ValidateExecutableReferences" in file "C:\Program Files\dotnet\sdk\9.0.313\Sdks\Microsoft.NET.Sdk\targets\Microsoft.NET.Sdk.targets" from project "C:\Projects\QuickStockApi\QuickStock\QuickStock.csproj" (target "PrepareProjectReferences" depends on it):
       Using "ValidateExecutableReferences" task from assembly "C:\Program Files\dotnet\sdk\9.0.313\Sdks\Microsoft.NET.Sdk\targets\..\tools\net9.0\Microsoft.NET.Build.Tasks.dll".
       Task "ValidateExecutableReferences"
       Done executing task "ValidateExecutableReferences".
   2:6>Done building target "ValidateExecutableReferences" in project "QuickStock.csproj".
       Target "_GetProjectReferencePlatformProperties" skipped, due to false condition; ('$(EnableDynamicPlatformResolution)' == 'true'
                            and '@(_MSBuildProjectReferenceExistent)' != '') was evaluated as ('' == 'true'
                            and '' != '').
   2:6>Target "PrepareProjectReferences" in file "C:\Program Files\dotnet\sdk\9.0.313\Microsoft.Common.CurrentVersion.targets" from project "C:\Projects\QuickStockApi\QuickStock\QuickStock.csproj" (target "ResolveProjectReferences" depends on it):
   2:6>Done building target "PrepareProjectReferences" in project "QuickStock.csproj".
   2:6>Target "ResolveProjectReferences" in file "C:\Program Files\dotnet\sdk\9.0.313\Microsoft.Common.CurrentVersion.targets" from project "C:\Projects\QuickStockApi\QuickStock\QuickStock.csproj" (target "ResolveReferences" depends on it):
       Task "MSBuild" skipped, due to false condition; ('%(_MSBuildProjectReferenceExistent.BuildReference)' == 'true' and '@(ProjectReferenceWithConfiguration)' != '' and ('$(BuildingInsideVisualStudio)' == 'true' or '$(BuildProjectReferences)' != 'true') and '$(VisualStudioVersion)' != '10.0' and '@(_MSBuildProjectReferenceExistent)' != '') was evaluated as ('' == 'true' and '' != '' and ('' == 'true' or 'true' != 'true') and '17.0' != '10.0' and '' != '').
       Task "MSBuild" skipped, due to false condition; ('%(_MSBuildProjectReferenceExistent.BuildReference)' == 'true' and '@(ProjectReferenceWithConfiguration)' != '' and '$(BuildingInsideVisualStudio)' != 'true' and '$(BuildProjectReferences)' == 'true' and '@(_MSBuildProjectReferenceExistent)' != '') was evaluated as ('' == 'true' and '' != '' and '' != 'true' and 'true' == 'true' and '' != '').
       Task "MSBuild" skipped, due to false condition; ('%(_MSBuildProjectReferenceExistent.BuildReference)' == 'true' and '@(ProjectReferenceWithConfiguration)' != '' and '$(BuildingProject)' == 'true' and '@(_MSBuildProjectReferenceExistent)' != '') was evaluated as ('' == 'true' and '' != '' and 'true' == 'true' and '' != '').
       Task "MSBuildInternalMessage" skipped, due to false condition; ('$(_NonExistentProjectReferenceSeverity)' != '') was evaluated as ('' != '').
   2:6>Done building target "ResolveProjectReferences" in project "QuickStock.csproj".
       Target "FindInvalidProjectReferences" skipped, due to false condition; ('$(FindInvalidProjectReferences)' == 'true') was evaluated as ('' == 'true').
       Target "ResolveNativeReferences" skipped, due to false condition; ('@(NativeReference)'!='') was evaluated as (''!='').
       Target "ResolveProjectReferences" skipped. Previously built successfully.
       Target "FindInvalidProjectReferences" skipped, due to false condition; ('$(FindInvalidProjectReferences)' == 'true') was evaluated as ('' == 'true').
       Target "GetFrameworkPaths" skipped. Previously built successfully.
       Target "GetReferenceAssemblyPaths" skipped. Previously built successfully.
       Target "PrepareForBuild" skipped. Previously built successfully.
       Target "GetInstalledSDKLocations" skipped, due to false condition; ('@(SDKReference)' != '') was evaluated as ('' != '').
   2:6>Target "ResolveSDKReferences" in file "C:\Program Files\dotnet\sdk\9.0.313\Microsoft.Common.CurrentVersion.targets" from project "C:\Projects\QuickStockApi\QuickStock\QuickStock.csproj" (target "ResolveAssemblyReferences" depends on it):
       Task "ResolveSDKReference" skipped, due to false condition; ('@(SDKReference)'!='') was evaluated as (''!='').
   2:6>Done building target "ResolveSDKReferences" in project "QuickStock.csproj".
       Target "ResolveSDKReferences" skipped. Previously built successfully.
   2:6>Target "ExpandSDKReferences" in file "C:\Program Files\dotnet\sdk\9.0.313\Microsoft.Common.CurrentVersion.targets" from project "C:\Projects\QuickStockApi\QuickStock\QuickStock.csproj" (target "ResolveAssemblyReferences" depends on it):
       Task "GetSDKReferenceFiles" skipped, due to false condition; ('@(ResolvedSDKReference)'!='') was evaluated as (''!='').
   2:6>Done building target "ExpandSDKReferences" in project "QuickStock.csproj".
       Target "ResolvePackageDependenciesForBuild" skipped. Previously built successfully.
       Target "GetFrameworkPaths" skipped. Previously built successfully.
       Target "GetReferenceAssemblyPaths" skipped. Previously built successfully.
       Target "ProcessFrameworkReferences" skipped. Previously built successfully.
       Target "ResolvePackageAssets" skipped. Previously built successfully.
   2:6>Target "ResolveFrameworkReferences" in file "C:\Program Files\dotnet\sdk\9.0.313\Sdks\Microsoft.NET.Sdk\targets\Microsoft.NET.Sdk.FrameworkReferenceResolution.targets" from project "C:\Projects\QuickStockApi\QuickStock\QuickStock.csproj" (target "ResolveTargetingPackAssets" depends on it):
       Using "GetPackageDirectory" task from assembly "C:\Program Files\dotnet\sdk\9.0.313\Sdks\Microsoft.NET.Sdk\targets\..\tools\net9.0\Microsoft.NET.Build.Tasks.dll".
       Task "GetPackageDirectory"
       Done executing task "GetPackageDirectory".
       Task "GetPackageDirectory"
       Done executing task "GetPackageDirectory".
       Task "GetPackageDirectory"
       Done executing task "GetPackageDirectory".
       Task "GetPackageDirectory"
       Done executing task "GetPackageDirectory".
       Task "GetPackageDirectory"
       Done executing task "GetPackageDirectory".
       Task "GetPackageDirectory"
       Done executing task "GetPackageDirectory".
       Task "GetPackageDirectory"
       Done executing task "GetPackageDirectory".
       Task "GetPackageDirectory"
       Done executing task "GetPackageDirectory".
       Task "GetPackageDirectory"
       Done executing task "GetPackageDirectory".
       Task "GetPackageDirectory"
       Done executing task "GetPackageDirectory".
       Using "ResolveFrameworkReferences" task from assembly "C:\Program Files\dotnet\sdk\9.0.313\Sdks\Microsoft.NET.Sdk\targets\..\tools\net9.0\Microsoft.NET.Build.Tasks.dll".
       Task "ResolveFrameworkReferences"
       Done executing task "ResolveFrameworkReferences".
   2:6>Done building target "ResolveFrameworkReferences" in project "QuickStock.csproj".
   2:6>Target "ResolveTargetingPackAssets" in file "C:\Program Files\dotnet\sdk\9.0.313\Sdks\Microsoft.NET.Sdk\targets\Microsoft.NET.Sdk.FrameworkReferenceResolution.targets" from project "C:\Projects\QuickStockApi\QuickStock\QuickStock.csproj" (target "_HandlePackageFileConflicts" depends on it):
       Using "ResolveTargetingPackAssets" task from assembly "C:\Program Files\dotnet\sdk\9.0.313\Sdks\Microsoft.NET.Sdk\targets\..\tools\net9.0\Microsoft.NET.Build.Tasks.dll".
       Task "ResolveTargetingPackAssets"
       Done executing task "ResolveTargetingPackAssets".
   2:6>Done building target "ResolveTargetingPackAssets" in project "QuickStock.csproj".
   2:6>Target "ResolveOffByDefaultAnalyzers" in file "C:\Program Files\dotnet\sdk\9.0.313\Sdks\Microsoft.NET.Sdk\targets\Microsoft.NET.Sdk.FrameworkReferenceResolution.targets" from project "C:\Projects\QuickStockApi\QuickStock\QuickStock.csproj" (target "_HandlePackageFileConflicts" depends on it):
   2:6>Done building target "ResolveOffByDefaultAnalyzers" in project "QuickStock.csproj".
   2:6>Target "_HandlePackageFileConflicts" in file "C:\Program Files\dotnet\sdk\9.0.313\Sdks\Microsoft.NET.Sdk\targets\Microsoft.NET.ConflictResolution.targets" from project "C:\Projects\QuickStockApi\QuickStock\QuickStock.csproj" (target "ResolveAssemblyReferences" depends on it):
       Using "ResolvePackageFileConflicts" task from assembly "C:\Program Files\dotnet\sdk\9.0.313\Sdks\Microsoft.NET.Sdk\targets\..\tools\net9.0\Microsoft.NET.Build.Tasks.dll".
       Task "ResolvePackageFileConflicts"
         Encountered conflict between 'Reference:C:\Users\Unknown\.nuget\packages\microsoft.extensions.caching.memory\8.0.1\lib\net8.0\Microsoft.Extensions.Caching.Memory.dll' and 'Reference:C:\Program Files\dotnet\packs\Microsoft.AspNetCore.App.Ref\8.0.26\ref\net8.0\Microsoft.Extensions.Caching.Memory.dll'. Choosing 'Reference:C:\Program Files\dotnet\packs\Microsoft.AspNetCore.App.Ref\8.0.26\ref\net8.0\Microsoft.Extensions.Caching.Memory.dll' because file version '8.0.2626.16921' is greater than '8.0.1024.46610'.
         Encountered conflict between 'Reference:C:\Users\Unknown\.nuget\packages\microsoft.extensions.dependencyinjection.abstractions\8.0.2\lib\net8.0\Microsoft.Extensions.DependencyInjection.Abstractions.dll' and 'Reference:C:\Program Files\dotnet\packs\Microsoft.AspNetCore.App.Ref\8.0.26\ref\net8.0\Microsoft.Extensions.DependencyInjection.Abstractions.dll'. Choosing 'Reference:C:\Program Files\dotnet\packs\Microsoft.AspNetCore.App.Ref\8.0.26\ref\net8.0\Microsoft.Extensions.DependencyInjection.Abstractions.dll' because file version '8.0.2626.16921' is greater than '8.0.1024.46610'.
         Encountered conflict between 'Reference:C:\Users\Unknown\.nuget\packages\microsoft.extensions.dependencyinjection\8.0.1\lib\net8.0\Microsoft.Extensions.DependencyInjection.dll' and 'Reference:C:\Program Files\dotnet\packs\Microsoft.AspNetCore.App.Ref\8.0.26\ref\net8.0\Microsoft.Extensions.DependencyInjection.dll'. Choosing 'Reference:C:\Program Files\dotnet\packs\Microsoft.AspNetCore.App.Ref\8.0.26\ref\net8.0\Microsoft.Extensions.DependencyInjection.dll' because file version '8.0.2626.16921' is greater than '8.0.1024.46610'.
         Encountered conflict between 'Reference:C:\Users\Unknown\.nuget\packages\microsoft.extensions.logging.abstractions\8.0.2\lib\net8.0\Microsoft.Extensions.Logging.Abstractions.dll' and 'Reference:C:\Program Files\dotnet\packs\Microsoft.AspNetCore.App.Ref\8.0.26\ref\net8.0\Microsoft.Extensions.Logging.Abstractions.dll'. Choosing 'Reference:C:\Program Files\dotnet\packs\Microsoft.AspNetCore.App.Ref\8.0.26\ref\net8.0\Microsoft.Extensions.Logging.Abstractions.dll' because file version '8.0.2626.16921' is greater than '8.0.1024.46610'.
         Encountered conflict between 'Reference:C:\Users\Unknown\.nuget\packages\microsoft.extensions.logging\8.0.1\lib\net8.0\Microsoft.Extensions.Logging.dll' and 'Reference:C:\Program Files\dotnet\packs\Microsoft.AspNetCore.App.Ref\8.0.26\ref\net8.0\Microsoft.Extensions.Logging.dll'. Choosing 'Reference:C:\Program Files\dotnet\packs\Microsoft.AspNetCore.App.Ref\8.0.26\ref\net8.0\Microsoft.Extensions.Logging.dll' because file version '8.0.2626.16921' is greater than '8.0.1024.46610'.
         Encountered conflict between 'Reference:C:\Users\Unknown\.nuget\packages\microsoft.extensions.options\8.0.2\lib\net8.0\Microsoft.Extensions.Options.dll' and 'Reference:C:\Program Files\dotnet\packs\Microsoft.AspNetCore.App.Ref\8.0.26\ref\net8.0\Microsoft.Extensions.Options.dll'. Choosing 'Reference:C:\Program Files\dotnet\packs\Microsoft.AspNetCore.App.Ref\8.0.26\ref\net8.0\Microsoft.Extensions.Options.dll' because file version '8.0.2626.16921' is greater than '8.0.224.6711'.
         Encountered conflict between 'Analyzer:C:\Users\Unknown\.nuget\packages\microsoft.extensions.logging.abstractions\8.0.2\analyzers\dotnet\roslyn4.4\cs\Microsoft.Extensions.Logging.Generators.dll' and 'Analyzer:C:\Program Files\dotnet\packs\Microsoft.AspNetCore.App.Ref\8.0.26\analyzers/dotnet/roslyn4.4/cs/Microsoft.Extensions.Logging.Generators.dll'. Choosing 'Analyzer:C:\Program Files\dotnet\packs\Microsoft.AspNetCore.App.Ref\8.0.26\analyzers/dotnet/roslyn4.4/cs/Microsoft.Extensions.Logging.Generators.dll' because AssemblyVersion '8.0.14.16921' is greater than '8.0.10.46610'.
         Encountered conflict between 'Analyzer:C:\Users\Unknown\.nuget\packages\microsoft.extensions.options\8.0.2\analyzers\dotnet\roslyn4.4\cs\Microsoft.Extensions.Options.SourceGeneration.dll' and 'Analyzer:C:\Program Files\dotnet\packs\Microsoft.AspNetCore.App.Ref\8.0.26\analyzers/dotnet/roslyn4.4/cs/Microsoft.Extensions.Options.SourceGeneration.dll'. Choosing 'Analyzer:C:\Program Files\dotnet\packs\Microsoft.AspNetCore.App.Ref\8.0.26\analyzers/dotnet/roslyn4.4/cs/Microsoft.Extensions.Options.SourceGeneration.dll' because AssemblyVersion '8.0.14.16921' is greater than '8.0.10.6711'.
         Encountered conflict between 'Platform:Microsoft.Extensions.Caching.Memory.dll' and 'CopyLocal:C:\Users\Unknown\.nuget\packages\microsoft.extensions.caching.memory\8.0.1\lib\net8.0\Microsoft.Extensions.Caching.Memory.dll'. Choosing 'CopyLocal:C:\Users\Unknown\.nuget\packages\microsoft.extensions.caching.memory\8.0.1\lib\net8.0\Microsoft.Extensions.Caching.Memory.dll' because file version '8.0.1024.46610' is greater than '8.0.23.53103'.
         Encountered conflict between 'Platform:Microsoft.Extensions.DependencyInjection.dll' and 'CopyLocal:C:\Users\Unknown\.nuget\packages\microsoft.extensions.dependencyinjection\8.0.1\lib\net8.0\Microsoft.Extensions.DependencyInjection.dll'. Choosing 'CopyLocal:C:\Users\Unknown\.nuget\packages\microsoft.extensions.dependencyinjection\8.0.1\lib\net8.0\Microsoft.Extensions.DependencyInjection.dll' because file version '8.0.1024.46610' is greater than '8.0.23.53103'.
         Encountered conflict between 'Platform:Microsoft.Extensions.DependencyInjection.Abstractions.dll' and 'CopyLocal:C:\Users\Unknown\.nuget\packages\microsoft.extensions.dependencyinjection.abstractions\8.0.2\lib\net8.0\Microsoft.Extensions.DependencyInjection.Abstractions.dll'. Choosing 'CopyLocal:C:\Users\Unknown\.nuget\packages\microsoft.extensions.dependencyinjection.abstractions\8.0.2\lib\net8.0\Microsoft.Extensions.DependencyInjection.Abstractions.dll' because file version '8.0.1024.46610' is greater than '8.0.23.53103'.
         Encountered conflict between 'Platform:Microsoft.Extensions.Logging.dll' and 'CopyLocal:C:\Users\Unknown\.nuget\packages\microsoft.extensions.logging\8.0.1\lib\net8.0\Microsoft.Extensions.Logging.dll'. Choosing 'CopyLocal:C:\Users\Unknown\.nuget\packages\microsoft.extensions.logging\8.0.1\lib\net8.0\Microsoft.Extensions.Logging.dll' because file version '8.0.1024.46610' is greater than '8.0.23.53103'.
         Encountered conflict between 'Platform:Microsoft.Extensions.Logging.Abstractions.dll' and 'CopyLocal:C:\Users\Unknown\.nuget\packages\microsoft.extensions.logging.abstractions\8.0.2\lib\net8.0\Microsoft.Extensions.Logging.Abstractions.dll'. Choosing 'CopyLocal:C:\Users\Unknown\.nuget\packages\microsoft.extensions.logging.abstractions\8.0.2\lib\net8.0\Microsoft.Extensions.Logging.Abstractions.dll' because file version '8.0.1024.46610' is greater than '8.0.23.53103'.
         Encountered conflict between 'Platform:Microsoft.Extensions.Options.dll' and 'CopyLocal:C:\Users\Unknown\.nuget\packages\microsoft.extensions.options\8.0.2\lib\net8.0\Microsoft.Extensions.Options.dll'. Choosing 'CopyLocal:C:\Users\Unknown\.nuget\packages\microsoft.extensions.options\8.0.2\lib\net8.0\Microsoft.Extensions.Options.dll' because file version '8.0.224.6711' is greater than '8.0.23.53103'.
         Encountered conflict between 'Platform:System.Collections.Immutable.dll' and 'CopyLocal:C:\Users\Unknown\.nuget\packages\system.collections.immutable\6.0.0\lib\net6.0\System.Collections.Immutable.dll'. Choosing 'Platform:System.Collections.Immutable.dll' because AssemblyVersion '8.0.0.0' is greater than '6.0.0.0'.
         Encountered conflict between 'Platform:System.Reflection.Metadata.dll' and 'CopyLocal:C:\Users\Unknown\.nuget\packages\system.reflection.metadata\6.0.1\lib\net6.0\System.Reflection.Metadata.dll'. Choosing 'Platform:System.Reflection.Metadata.dll' because AssemblyVersion '8.0.0.0' is greater than '6.0.0.0'.
         Encountered conflict between 'Platform:System.Runtime.CompilerServices.Unsafe.dll' and 'CopyLocal:C:\Users\Unknown\.nuget\packages\system.runtime.compilerservices.unsafe\6.0.0\lib\net6.0\System.Runtime.CompilerServices.Unsafe.dll'. Choosing 'Platform:System.Runtime.CompilerServices.Unsafe.dll' because AssemblyVersion '8.0.0.0' is greater than '6.0.0.0'.
         Encountered conflict between 'Platform:System.Text.Encoding.CodePages.dll' and 'CopyLocal:C:\Users\Unknown\.nuget\packages\system.text.encoding.codepages\6.0.0\lib\net6.0\System.Text.Encoding.CodePages.dll'. Choosing 'Platform:System.Text.Encoding.CodePages.dll' because AssemblyVersion '8.0.0.0' is greater than '6.0.0.0'.
         Encountered conflict between 'Platform:System.Threading.Channels.dll' and 'CopyLocal:C:\Users\Unknown\.nuget\packages\system.threading.channels\6.0.0\lib\net6.0\System.Threading.Channels.dll'. Choosing 'Platform:System.Threading.Channels.dll' because AssemblyVersion '8.0.0.0' is greater than '6.0.0.0'.
         Encountered conflict between 'Platform:System.Text.Encoding.CodePages.dll' and 'CopyLocal:C:\Users\Unknown\.nuget\packages\system.text.encoding.codepages\6.0.0\runtimes\win\lib\net6.0\System.Text.Encoding.CodePages.dll'. Choosing 'Platform:System.Text.Encoding.CodePages.dll' because AssemblyVersion '8.0.0.0' is greater than '6.0.0.0'.
         Encountered conflict between 'Platform:mscorlib.dll' and 'Platform:mscorlib.dll'. Could not determine winner due to equal file and assembly versions.
         Encountered conflict between 'Platform:Microsoft.VisualBasic.dll' and 'Platform:Microsoft.VisualBasic.dll'. Could not determine winner due to equal file and assembly versions.
         Encountered conflict between 'Platform:System.dll' and 'Platform:System.dll'. Could not determine winner due to equal file and assembly versions.
         Encountered conflict between 'Platform:System.ComponentModel.DataAnnotations.dll' and 'Platform:System.ComponentModel.DataAnnotations.dll'. Could not determine winner due to equal file and assembly versions.
         Encountered conflict between 'Platform:System.Configuration.dll' and 'Platform:System.Configuration.dll'. Could not determine winner due to equal file and assembly versions.
         Encountered conflict between 'Platform:System.Core.dll' and 'Platform:System.Core.dll'. Could not determine winner due to equal file and assembly versions.
         Encountered conflict between 'Platform:System.Data.dll' and 'Platform:System.Data.dll'. Could not determine winner due to equal file and assembly versions.
         Encountered conflict between 'Platform:System.Drawing.dll' and 'Platform:System.Drawing.dll'. Could not determine winner due to equal file and assembly versions.
         Encountered conflict between 'Platform:System.IO.Compression.FileSystem.dll' and 'Platform:System.IO.Compression.FileSystem.dll'. Could not determine winner due to equal file and assembly versions.
         Encountered conflict between 'Platform:System.Net.dll' and 'Platform:System.Net.dll'. Could not determine winner due to equal file and assembly versions.
         Encountered conflict between 'Platform:System.Numerics.dll' and 'Platform:System.Numerics.dll'. Could not determine winner due to equal file and assembly versions.
         Encountered conflict between 'Platform:System.Runtime.Serialization.dll' and 'Platform:System.Runtime.Serialization.dll'. Could not determine winner due to equal file and assembly versions.
         Encountered conflict between 'Platform:System.Security.dll' and 'Platform:System.Security.dll'. Could not determine winner due to equal file and assembly versions.
         Encountered conflict between 'Platform:System.ServiceProcess.dll' and 'Platform:System.ServiceProcess.dll'. Could not determine winner due to equal file and assembly versions.
         Encountered conflict between 'Platform:System.ServiceModel.Web.dll' and 'Platform:System.ServiceModel.Web.dll'. Could not determine winner due to equal file and assembly versions.
         Encountered conflict between 'Platform:System.Transactions.dll' and 'Platform:System.Transactions.dll'. Could not determine winner due to equal file and assembly versions.
         Encountered conflict between 'Platform:System.Web.dll' and 'Platform:System.Web.dll'. Could not determine winner due to equal file and assembly versions.
         Encountered conflict between 'Platform:System.Windows.dll' and 'Platform:System.Windows.dll'. Could not determine winner due to equal file and assembly versions.
         Encountered conflict between 'Platform:System.Xml.dll' and 'Platform:System.Xml.dll'. Could not determine winner due to equal file and assembly versions.
         Encountered conflict between 'Platform:System.Xml.Serialization.dll' and 'Platform:System.Xml.Serialization.dll'. Could not determine winner due to equal file and assembly versions.
         Encountered conflict between 'Platform:System.Xml.Linq.dll' and 'Platform:System.Xml.Linq.dll'. Could not determine winner due to equal file and assembly versions.
         Encountered conflict between 'Platform:WindowsBase.dll' and 'Platform:WindowsBase.dll'. Could not determine winner due to equal file and assembly versions.
         Encountered conflict between 'Platform:netstandard.dll' and 'Platform:netstandard.dll'. Could not determine winner due to equal file and assembly versions.
         Encountered conflict between 'Platform:System.Private.CoreLib.dll' and 'Platform:System.Private.CoreLib.dll'. Could not determine winner due to equal file and assembly versions.
         Encountered conflict between 'Platform:System.Private.DataContractSerialization.dll' and 'Platform:System.Private.DataContractSerialization.dll'. Could not determine winner due to equal file and assembly versions.
         Encountered conflict between 'Platform:System.Private.Uri.dll' and 'Platform:System.Private.Uri.dll'. Could not determine winner due to equal file and assembly versions.
         Encountered conflict between 'Platform:System.Private.Xml.dll' and 'Platform:System.Private.Xml.dll'. Could not determine winner due to equal file and assembly versions.
         Encountered conflict between 'Platform:System.Private.Xml.Linq.dll' and 'Platform:System.Private.Xml.Linq.dll'. Could not determine winner due to equal file and assembly versions.
         Encountered conflict between 'Platform:mscordaccore_amd64_amd64_8.0.2626.16921.dll' and 'Platform:mscordaccore_amd64_amd64_8.0.2626.16921.dll'. Could not determine winner due to equal file and assembly versions.
       Done executing task "ResolvePackageFileConflicts".
   2:6>Done building target "_HandlePackageFileConflicts" in project "QuickStock.csproj".
       Target "ResolveTargetingPackAssets" skipped. Previously built successfully.
   2:6>Target "ResolveAssemblyReferences" in file "C:\Program Files\dotnet\sdk\9.0.313\Microsoft.Common.CurrentVersion.targets" from project "C:\Projects\QuickStockApi\QuickStock\QuickStock.csproj" (target "ResolveReferences" depends on it):
       Using "ResolveAssemblyReference" task from assembly "Microsoft.Build.Tasks.Core, Version=15.1.0.0, Culture=neutral, PublicKeyToken=b03f5f7f11d50a3a".
       Task "ResolveAssemblyReference"
         TargetFrameworkMoniker:
             .NETCoreApp,Version=v8.0
         TargetFrameworkMonikerDisplayName:
             .NET 8.0
         TargetedRuntimeVersion:
             
         Assemblies:
             C:\Users\Unknown\.nuget\packages\bcrypt.net-next\4.0.3\lib\net6.0\BCrypt.Net-Next.dll
                 Private = 'false'
                 HintPath = 'C:\Users\Unknown\.nuget\packages\bcrypt.net-next\4.0.3\lib\net6.0\BCrypt.Net-Next.dll'
             C:\Users\Unknown\.nuget\packages\bouncycastle.cryptography\2.6.2\lib\net6.0\BouncyCastle.Cryptography.dll
                 Private = 'false'
                 HintPath = 'C:\Users\Unknown\.nuget\packages\bouncycastle.cryptography\2.6.2\lib\net6.0\BouncyCastle.Cryptography.dll'
             C:\Users\Unknown\.nuget\packages\google.protobuf\3.32.0\lib\net5.0\Google.Protobuf.dll
                 Private = 'false'
                 HintPath = 'C:\Users\Unknown\.nuget\packages\google.protobuf\3.32.0\lib\net5.0\Google.Protobuf.dll'
             C:\Users\Unknown\.nuget\packages\k4os.compression.lz4\1.3.8\lib\net6.0\K4os.Compression.LZ4.dll
                 Private = 'false'
                 HintPath = 'C:\Users\Unknown\.nuget\packages\k4os.compression.lz4\1.3.8\lib\net6.0\K4os.Compression.LZ4.dll'
             C:\Users\Unknown\.nuget\packages\k4os.compression.lz4.streams\1.3.8\lib\net6.0\K4os.Compression.LZ4.Streams.dll
                 Private = 'false'
                 HintPath = 'C:\Users\Unknown\.nuget\packages\k4os.compression.lz4.streams\1.3.8\lib\net6.0\K4os.Compression.LZ4.Streams.dll'
             C:\Users\Unknown\.nuget\packages\k4os.hash.xxhash\1.0.8\lib\net6.0\K4os.Hash.xxHash.dll
                 Private = 'false'
                 HintPath = 'C:\Users\Unknown\.nuget\packages\k4os.hash.xxhash\1.0.8\lib\net6.0\K4os.Hash.xxHash.dll'
             C:\Users\Unknown\.nuget\packages\microsoft.aspnetcore.authentication.jwtbearer\8.0.1\lib\net8.0\Microsoft.AspNetCore.Authentication.JwtBearer.dll
                 Private = 'false'
                 HintPath = 'C:\Users\Unknown\.nuget\packages\microsoft.aspnetcore.authentication.jwtbearer\8.0.1\lib\net8.0\Microsoft.AspNetCore.Authentication.JwtBearer.dll'
             C:\Users\Unknown\.nuget\packages\microsoft.entityframeworkcore\8.0.11\lib\net8.0\Microsoft.EntityFrameworkCore.dll
                 Private = 'false'
                 HintPath = 'C:\Users\Unknown\.nuget\packages\microsoft.entityframeworkcore\8.0.11\lib\net8.0\Microsoft.EntityFrameworkCore.dll'
             C:\Users\Unknown\.nuget\packages\microsoft.entityframeworkcore.abstractions\8.0.11\lib\net8.0\Microsoft.EntityFrameworkCore.Abstractions.dll
                 Private = 'false'
                 HintPath = 'C:\Users\Unknown\.nuget\packages\microsoft.entityframeworkcore.abstractions\8.0.11\lib\net8.0\Microsoft.EntityFrameworkCore.Abstractions.dll'
             C:\Users\Unknown\.nuget\packages\microsoft.entityframeworkcore.relational\8.0.11\lib\net8.0\Microsoft.EntityFrameworkCore.Relational.dll
                 Private = 'false'
                 HintPath = 'C:\Users\Unknown\.nuget\packages\microsoft.entityframeworkcore.relational\8.0.11\lib\net8.0\Microsoft.EntityFrameworkCore.Relational.dll'
             C:\Users\Unknown\.nuget\packages\microsoft.identitymodel.abstractions\8.14.0\lib\net8.0\Microsoft.IdentityModel.Abstractions.dll
                 Private = 'false'
                 HintPath = 'C:\Users\Unknown\.nuget\packages\microsoft.identitymodel.abstractions\8.14.0\lib\net8.0\Microsoft.IdentityModel.Abstractions.dll'
             C:\Users\Unknown\.nuget\packages\microsoft.identitymodel.jsonwebtokens\8.14.0\lib\net8.0\Microsoft.IdentityModel.JsonWebTokens.dll
                 Private = 'false'
                 HintPath = 'C:\Users\Unknown\.nuget\packages\microsoft.identitymodel.jsonwebtokens\8.14.0\lib\net8.0\Microsoft.IdentityModel.JsonWebTokens.dll'
             C:\Users\Unknown\.nuget\packages\microsoft.identitymodel.logging\8.14.0\lib\net8.0\Microsoft.IdentityModel.Logging.dll
                 Private = 'false'
                 HintPath = 'C:\Users\Unknown\.nuget\packages\microsoft.identitymodel.logging\8.14.0\lib\net8.0\Microsoft.IdentityModel.Logging.dll'
             C:\Users\Unknown\.nuget\packages\microsoft.identitymodel.protocols\7.1.2\lib\net8.0\Microsoft.IdentityModel.Protocols.dll
                 Private = 'false'
                 HintPath = 'C:\Users\Unknown\.nuget\packages\microsoft.identitymodel.protocols\7.1.2\lib\net8.0\Microsoft.IdentityModel.Protocols.dll'
             C:\Users\Unknown\.nuget\packages\microsoft.identitymodel.protocols.openidconnect\7.1.2\lib\net8.0\Microsoft.IdentityModel.Protocols.OpenIdConnect.dll
                 Private = 'false'
                 HintPath = 'C:\Users\Unknown\.nuget\packages\microsoft.identitymodel.protocols.openidconnect\7.1.2\lib\net8.0\Microsoft.IdentityModel.Protocols.OpenIdConnect.dll'
             C:\Users\Unknown\.nuget\packages\microsoft.identitymodel.tokens\8.14.0\lib\net8.0\Microsoft.IdentityModel.Tokens.dll
                 Private = 'false'
                 HintPath = 'C:\Users\Unknown\.nuget\packages\microsoft.identitymodel.tokens\8.14.0\lib\net8.0\Microsoft.IdentityModel.Tokens.dll'
             C:\Users\Unknown\.nuget\packages\microsoft.openapi\1.6.14\lib\netstandard2.0\Microsoft.OpenApi.dll
                 Private = 'false'
                 HintPath = 'C:\Users\Unknown\.nuget\packages\microsoft.openapi\1.6.14\lib\netstandard2.0\Microsoft.OpenApi.dll'
             C:\Users\Unknown\.nuget\packages\mysql.data\9.7.0\lib\net8.0\MySql.Data.dll
                 Private = 'false'
                 HintPath = 'C:\Users\Unknown\.nuget\packages\mysql.data\9.7.0\lib\net8.0\MySql.Data.dll'
             C:\Users\Unknown\.nuget\packages\mysql.entityframeworkcore\9.0.0\lib\net8.0\MySql.EntityFrameworkCore.dll
                 Private = 'false'
                 HintPath = 'C:\Users\Unknown\.nuget\packages\mysql.entityframeworkcore\9.0.0\lib\net8.0\MySql.EntityFrameworkCore.dll'
             C:\Users\Unknown\.nuget\packages\newtonsoft.json\13.0.4\lib\net6.0\Newtonsoft.Json.dll
                 Private = 'false'
                 HintPath = 'C:\Users\Unknown\.nuget\packages\newtonsoft.json\13.0.4\lib\net6.0\Newtonsoft.Json.dll'
             C:\Users\Unknown\.nuget\packages\swashbuckle.aspnetcore.swagger\6.6.2\lib\net8.0\Swashbuckle.AspNetCore.Swagger.dll
                 Private = 'false'
                 HintPath = 'C:\Users\Unknown\.nuget\packages\swashbuckle.aspnetcore.swagger\6.6.2\lib\net8.0\Swashbuckle.AspNetCore.Swagger.dll'
             C:\Users\Unknown\.nuget\packages\swashbuckle.aspnetcore.swaggergen\6.6.2\lib\net8.0\Swashbuckle.AspNetCore.SwaggerGen.dll
                 Private = 'false'
                 HintPath = 'C:\Users\Unknown\.nuget\packages\swashbuckle.aspnetcore.swaggergen\6.6.2\lib\net8.0\Swashbuckle.AspNetCore.SwaggerGen.dll'
             C:\Users\Unknown\.nuget\packages\swashbuckle.aspnetcore.swaggerui\6.6.2\lib\net8.0\Swashbuckle.AspNetCore.SwaggerUI.dll
                 Private = 'false'
                 HintPath = 'C:\Users\Unknown\.nuget\packages\swashbuckle.aspnetcore.swaggerui\6.6.2\lib\net8.0\Swashbuckle.AspNetCore.SwaggerUI.dll'
             C:\Users\Unknown\.nuget\packages\system.configuration.configurationmanager\8.0.0\lib\net8.0\System.Configuration.ConfigurationManager.dll
                 Private = 'false'
                 HintPath = 'C:\Users\Unknown\.nuget\packages\system.configuration.configurationmanager\8.0.0\lib\net8.0\System.Configuration.ConfigurationManager.dll'
             C:\Users\Unknown\.nuget\packages\system.identitymodel.tokens.jwt\8.14.0\lib\net8.0\System.IdentityModel.Tokens.Jwt.dll
                 Private = 'false'
                 HintPath = 'C:\Users\Unknown\.nuget\packages\system.identitymodel.tokens.jwt\8.14.0\lib\net8.0\System.IdentityModel.Tokens.Jwt.dll'
             C:\Users\Unknown\.nuget\packages\system.security.cryptography.protecteddata\8.0.0\lib\net8.0\System.Security.Cryptography.ProtectedData.dll
                 Private = 'false'
                 HintPath = 'C:\Users\Unknown\.nuget\packages\system.security.cryptography.protecteddata\8.0.0\lib\net8.0\System.Security.Cryptography.ProtectedData.dll'
             C:\Users\Unknown\.nuget\packages\system.security.permissions\8.0.0\lib\net8.0\System.Security.Permissions.dll
                 Private = 'false'
                 HintPath = 'C:\Users\Unknown\.nuget\packages\system.security.permissions\8.0.0\lib\net8.0\System.Security.Permissions.dll'
             C:\Users\Unknown\.nuget\packages\system.windows.extensions\8.0.0\lib\net8.0\System.Windows.Extensions.dll
                 Private = 'false'
                 HintPath = 'C:\Users\Unknown\.nuget\packages\system.windows.extensions\8.0.0\lib\net8.0\System.Windows.Extensions.dll'
             C:\Users\Unknown\.nuget\packages\zstdsharp.port\0.8.6\lib\net8.0\ZstdSharp.dll
                 Private = 'false'
                 HintPath = 'C:\Users\Unknown\.nuget\packages\zstdsharp.port\0.8.6\lib\net8.0\ZstdSharp.dll'
             C:\Program Files\dotnet\packs\Microsoft.NETCore.App.Ref\8.0.26\ref/net8.0/Microsoft.CSharp.dll
                 Private = 'false'
             C:\Program Files\dotnet\packs\Microsoft.NETCore.App.Ref\8.0.26\ref/net8.0/Microsoft.VisualBasic.Core.dll
                 Private = 'false'
             C:\Program Files\dotnet\packs\Microsoft.NETCore.App.Ref\8.0.26\ref/net8.0/Microsoft.VisualBasic.dll
                 Private = 'false'
             C:\Program Files\dotnet\packs\Microsoft.NETCore.App.Ref\8.0.26\ref/net8.0/Microsoft.Win32.Primitives.dll
                 Private = 'false'
             C:\Program Files\dotnet\packs\Microsoft.NETCore.App.Ref\8.0.26\ref/net8.0/Microsoft.Win32.Registry.dll
                 Private = 'false'
             C:\Program Files\dotnet\packs\Microsoft.NETCore.App.Ref\8.0.26\ref/net8.0/System.AppContext.dll
                 Private = 'false'
             C:\Program Files\dotnet\packs\Microsoft.NETCore.App.Ref\8.0.26\ref/net8.0/System.Buffers.dll
                 Private = 'false'
             C:\Program Files\dotnet\packs\Microsoft.NETCore.App.Ref\8.0.26\ref/net8.0/System.Collections.Concurrent.dll
                 Private = 'false'
             C:\Program Files\dotnet\packs\Microsoft.NETCore.App.Ref\8.0.26\ref/net8.0/System.Collections.Immutable.dll
                 Private = 'false'
             C:\Program Files\dotnet\packs\Microsoft.NETCore.App.Ref\8.0.26\ref/net8.0/System.Collections.NonGeneric.dll
                 Private = 'false'
             C:\Program Files\dotnet\packs\Microsoft.NETCore.App.Ref\8.0.26\ref/net8.0/System.Collections.Specialized.dll
                 Private = 'false'
             C:\Program Files\dotnet\packs\Microsoft.NETCore.App.Ref\8.0.26\ref/net8.0/System.Collections.dll
                 Private = 'false'
             C:\Program Files\dotnet\packs\Microsoft.NETCore.App.Ref\8.0.26\ref/net8.0/System.ComponentModel.Annotations.dll
                 Private = 'false'
             C:\Program Files\dotnet\packs\Microsoft.NETCore.App.Ref\8.0.26\ref/net8.0/System.ComponentModel.DataAnnotations.dll
                 Private = 'false'
             C:\Program Files\dotnet\packs\Microsoft.NETCore.App.Ref\8.0.26\ref/net8.0/System.ComponentModel.EventBasedAsync.dll
                 Private = 'false'
             C:\Program Files\dotnet\packs\Microsoft.NETCore.App.Ref\8.0.26\ref/net8.0/System.ComponentModel.Primitives.dll
                 Private = 'false'
             C:\Program Files\dotnet\packs\Microsoft.NETCore.App.Ref\8.0.26\ref/net8.0/System.ComponentModel.TypeConverter.dll
                 Private = 'false'
             C:\Program Files\dotnet\packs\Microsoft.NETCore.App.Ref\8.0.26\ref/net8.0/System.ComponentModel.dll
                 Private = 'false'
             C:\Program Files\dotnet\packs\Microsoft.NETCore.App.Ref\8.0.26\ref/net8.0/System.Configuration.dll
                 Private = 'false'
             C:\Program Files\dotnet\packs\Microsoft.NETCore.App.Ref\8.0.26\ref/net8.0/System.Console.dll
                 Private = 'false'
             C:\Program Files\dotnet\packs\Microsoft.NETCore.App.Ref\8.0.26\ref/net8.0/System.Core.dll
                 Private = 'false'
             C:\Program Files\dotnet\packs\Microsoft.NETCore.App.Ref\8.0.26\ref/net8.0/System.Data.Common.dll
                 Private = 'false'
             C:\Program Files\dotnet\packs\Microsoft.NETCore.App.Ref\8.0.26\ref/net8.0/System.Data.DataSetExtensions.dll
                 Private = 'false'
             C:\Program Files\dotnet\packs\Microsoft.NETCore.App.Ref\8.0.26\ref/net8.0/System.Data.dll
                 Private = 'false'
             C:\Program Files\dotnet\packs\Microsoft.NETCore.App.Ref\8.0.26\ref/net8.0/System.Diagnostics.Contracts.dll
                 Private = 'false'
             C:\Program Files\dotnet\packs\Microsoft.NETCore.App.Ref\8.0.26\ref/net8.0/System.Diagnostics.Debug.dll
                 Private = 'false'
             C:\Program Files\dotnet\packs\Microsoft.NETCore.App.Ref\8.0.26\ref/net8.0/System.Diagnostics.DiagnosticSource.dll
                 Private = 'false'
             C:\Program Files\dotnet\packs\Microsoft.NETCore.App.Ref\8.0.26\ref/net8.0/System.Diagnostics.FileVersionInfo.dll
                 Private = 'false'
             C:\Program Files\dotnet\packs\Microsoft.NETCore.App.Ref\8.0.26\ref/net8.0/System.Diagnostics.Process.dll
                 Private = 'false'
             C:\Program Files\dotnet\packs\Microsoft.NETCore.App.Ref\8.0.26\ref/net8.0/System.Diagnostics.StackTrace.dll
                 Private = 'false'
             C:\Program Files\dotnet\packs\Microsoft.NETCore.App.Ref\8.0.26\ref/net8.0/System.Diagnostics.TextWriterTraceListener.dll
                 Private = 'false'
             C:\Program Files\dotnet\packs\Microsoft.NETCore.App.Ref\8.0.26\ref/net8.0/System.Diagnostics.Tools.dll
                 Private = 'false'
             C:\Program Files\dotnet\packs\Microsoft.NETCore.App.Ref\8.0.26\ref/net8.0/System.Diagnostics.TraceSource.dll
                 Private = 'false'
             C:\Program Files\dotnet\packs\Microsoft.NETCore.App.Ref\8.0.26\ref/net8.0/System.Diagnostics.Tracing.dll
                 Private = 'false'
             C:\Program Files\dotnet\packs\Microsoft.NETCore.App.Ref\8.0.26\ref/net8.0/System.Drawing.Primitives.dll
                 Private = 'false'
             C:\Program Files\dotnet\packs\Microsoft.NETCore.App.Ref\8.0.26\ref/net8.0/System.Drawing.dll
                 Private = 'false'
             C:\Program Files\dotnet\packs\Microsoft.NETCore.App.Ref\8.0.26\ref/net8.0/System.Dynamic.Runtime.dll
                 Private = 'false'
             C:\Program Files\dotnet\packs\Microsoft.NETCore.App.Ref\8.0.26\ref/net8.0/System.Formats.Asn1.dll
                 Private = 'false'
             C:\Program Files\dotnet\packs\Microsoft.NETCore.App.Ref\8.0.26\ref/net8.0/System.Formats.Tar.dll
                 Private = 'false'
             C:\Program Files\dotnet\packs\Microsoft.NETCore.App.Ref\8.0.26\ref/net8.0/System.Globalization.Calendars.dll
                 Private = 'false'
             C:\Program Files\dotnet\packs\Microsoft.NETCore.App.Ref\8.0.26\ref/net8.0/System.Globalization.Extensions.dll
                 Private = 'false'
             C:\Program Files\dotnet\packs\Microsoft.NETCore.App.Ref\8.0.26\ref/net8.0/System.Globalization.dll
                 Private = 'false'
             C:\Program Files\dotnet\packs\Microsoft.NETCore.App.Ref\8.0.26\ref/net8.0/System.IO.Compression.Brotli.dll
                 Private = 'false'
             C:\Program Files\dotnet\packs\Microsoft.NETCore.App.Ref\8.0.26\ref/net8.0/System.IO.Compression.FileSystem.dll
                 Private = 'false'
             C:\Program Files\dotnet\packs\Microsoft.NETCore.App.Ref\8.0.26\ref/net8.0/System.IO.Compression.ZipFile.dll
                 Private = 'false'
             C:\Program Files\dotnet\packs\Microsoft.NETCore.App.Ref\8.0.26\ref/net8.0/System.IO.Compression.dll
                 Private = 'false'
             C:\Program Files\dotnet\packs\Microsoft.NETCore.App.Ref\8.0.26\ref/net8.0/System.IO.FileSystem.AccessControl.dll
                 Private = 'false'
             C:\Program Files\dotnet\packs\Microsoft.NETCore.App.Ref\8.0.26\ref/net8.0/System.IO.FileSystem.DriveInfo.dll
                 Private = 'false'
             C:\Program Files\dotnet\packs\Microsoft.NETCore.App.Ref\8.0.26\ref/net8.0/System.IO.FileSystem.Primitives.dll
                 Private = 'false'
             C:\Program Files\dotnet\packs\Microsoft.NETCore.App.Ref\8.0.26\ref/net8.0/System.IO.FileSystem.Watcher.dll
                 Private = 'false'
             C:\Program Files\dotnet\packs\Microsoft.NETCore.App.Ref\8.0.26\ref/net8.0/System.IO.FileSystem.dll
                 Private = 'false'
             C:\Program Files\dotnet\packs\Microsoft.NETCore.App.Ref\8.0.26\ref/net8.0/System.IO.IsolatedStorage.dll
                 Private = 'false'
             C:\Program Files\dotnet\packs\Microsoft.NETCore.App.Ref\8.0.26\ref/net8.0/System.IO.MemoryMappedFiles.dll
                 Private = 'false'
             C:\Program Files\dotnet\packs\Microsoft.NETCore.App.Ref\8.0.26\ref/net8.0/System.IO.Pipes.AccessControl.dll
                 Private = 'false'
             C:\Program Files\dotnet\packs\Microsoft.NETCore.App.Ref\8.0.26\ref/net8.0/System.IO.Pipes.dll
                 Private = 'false'
             C:\Program Files\dotnet\packs\Microsoft.NETCore.App.Ref\8.0.26\ref/net8.0/System.IO.UnmanagedMemoryStream.dll
                 Private = 'false'
             C:\Program Files\dotnet\packs\Microsoft.NETCore.App.Ref\8.0.26\ref/net8.0/System.IO.dll
                 Private = 'false'
             C:\Program Files\dotnet\packs\Microsoft.NETCore.App.Ref\8.0.26\ref/net8.0/System.Linq.Expressions.dll
                 Private = 'false'
             C:\Program Files\dotnet\packs\Microsoft.NETCore.App.Ref\8.0.26\ref/net8.0/System.Linq.Parallel.dll
                 Private = 'false'
             C:\Program Files\dotnet\packs\Microsoft.NETCore.App.Ref\8.0.26\ref/net8.0/System.Linq.Queryable.dll
                 Private = 'false'
             C:\Program Files\dotnet\packs\Microsoft.NETCore.App.Ref\8.0.26\ref/net8.0/System.Linq.dll
                 Private = 'false'
             C:\Program Files\dotnet\packs\Microsoft.NETCore.App.Ref\8.0.26\ref/net8.0/System.Memory.dll
                 Private = 'false'
             C:\Program Files\dotnet\packs\Microsoft.NETCore.App.Ref\8.0.26\ref/net8.0/System.Net.Http.Json.dll
                 Private = 'false'
             C:\Program Files\dotnet\packs\Microsoft.NETCore.App.Ref\8.0.26\ref/net8.0/System.Net.Http.dll
                 Private = 'false'
             C:\Program Files\dotnet\packs\Microsoft.NETCore.App.Ref\8.0.26\ref/net8.0/System.Net.HttpListener.dll
                 Private = 'false'
             C:\Program Files\dotnet\packs\Microsoft.NETCore.App.Ref\8.0.26\ref/net8.0/System.Net.Mail.dll
                 Private = 'false'
             C:\Program Files\dotnet\packs\Microsoft.NETCore.App.Ref\8.0.26\ref/net8.0/System.Net.NameResolution.dll
                 Private = 'false'
             C:\Program Files\dotnet\packs\Microsoft.NETCore.App.Ref\8.0.26\ref/net8.0/System.Net.NetworkInformation.dll
                 Private = 'false'
             C:\Program Files\dotnet\packs\Microsoft.NETCore.App.Ref\8.0.26\ref/net8.0/System.Net.Ping.dll
                 Private = 'false'
             C:\Program Files\dotnet\packs\Microsoft.NETCore.App.Ref\8.0.26\ref/net8.0/System.Net.Primitives.dll
                 Private = 'false'
             C:\Program Files\dotnet\packs\Microsoft.NETCore.App.Ref\8.0.26\ref/net8.0/System.Net.Quic.dll
                 Private = 'false'
             C:\Program Files\dotnet\packs\Microsoft.NETCore.App.Ref\8.0.26\ref/net8.0/System.Net.Requests.dll
                 Private = 'false'
             C:\Program Files\dotnet\packs\Microsoft.NETCore.App.Ref\8.0.26\ref/net8.0/System.Net.Security.dll
                 Private = 'false'
             C:\Program Files\dotnet\packs\Microsoft.NETCore.App.Ref\8.0.26\ref/net8.0/System.Net.ServicePoint.dll
                 Private = 'false'
             C:\Program Files\dotnet\packs\Microsoft.NETCore.App.Ref\8.0.26\ref/net8.0/System.Net.Sockets.dll
                 Private = 'false'
             C:\Program Files\dotnet\packs\Microsoft.NETCore.App.Ref\8.0.26\ref/net8.0/System.Net.WebClient.dll
                 Private = 'false'
             C:\Program Files\dotnet\packs\Microsoft.NETCore.App.Ref\8.0.26\ref/net8.0/System.Net.WebHeaderCollection.dll
                 Private = 'false'
             C:\Program Files\dotnet\packs\Microsoft.NETCore.App.Ref\8.0.26\ref/net8.0/System.Net.WebProxy.dll
                 Private = 'false'
             C:\Program Files\dotnet\packs\Microsoft.NETCore.App.Ref\8.0.26\ref/net8.0/System.Net.WebSockets.Client.dll
                 Private = 'false'
             C:\Program Files\dotnet\packs\Microsoft.NETCore.App.Ref\8.0.26\ref/net8.0/System.Net.WebSockets.dll
                 Private = 'false'
             C:\Program Files\dotnet\packs\Microsoft.NETCore.App.Ref\8.0.26\ref/net8.0/System.Net.dll
                 Private = 'false'
             C:\Program Files\dotnet\packs\Microsoft.NETCore.App.Ref\8.0.26\ref/net8.0/System.Numerics.Vectors.dll
                 Private = 'false'
             C:\Program Files\dotnet\packs\Microsoft.NETCore.App.Ref\8.0.26\ref/net8.0/System.Numerics.dll
                 Private = 'false'
             C:\Program Files\dotnet\packs\Microsoft.NETCore.App.Ref\8.0.26\ref/net8.0/System.ObjectModel.dll
                 Private = 'false'
             C:\Program Files\dotnet\packs\Microsoft.NETCore.App.Ref\8.0.26\ref/net8.0/System.Reflection.DispatchProxy.dll
                 Private = 'false'
             C:\Program Files\dotnet\packs\Microsoft.NETCore.App.Ref\8.0.26\ref/net8.0/System.Reflection.Emit.ILGeneration.dll
                 Private = 'false'
             C:\Program Files\dotnet\packs\Microsoft.NETCore.App.Ref\8.0.26\ref/net8.0/System.Reflection.Emit.Lightweight.dll
                 Private = 'false'
             C:\Program Files\dotnet\packs\Microsoft.NETCore.App.Ref\8.0.26\ref/net8.0/System.Reflection.Emit.dll
                 Private = 'false'
             C:\Program Files\dotnet\packs\Microsoft.NETCore.App.Ref\8.0.26\ref/net8.0/System.Reflection.Extensions.dll
                 Private = 'false'
             C:\Program Files\dotnet\packs\Microsoft.NETCore.App.Ref\8.0.26\ref/net8.0/System.Reflection.Metadata.dll
                 Private = 'false'
             C:\Program Files\dotnet\packs\Microsoft.NETCore.App.Ref\8.0.26\ref/net8.0/System.Reflection.Primitives.dll
                 Private = 'false'
             C:\Program Files\dotnet\packs\Microsoft.NETCore.App.Ref\8.0.26\ref/net8.0/System.Reflection.TypeExtensions.dll
                 Private = 'false'
             C:\Program Files\dotnet\packs\Microsoft.NETCore.App.Ref\8.0.26\ref/net8.0/System.Reflection.dll
                 Private = 'false'
             C:\Program Files\dotnet\packs\Microsoft.NETCore.App.Ref\8.0.26\ref/net8.0/System.Resources.Reader.dll
                 Private = 'false'
             C:\Program Files\dotnet\packs\Microsoft.NETCore.App.Ref\8.0.26\ref/net8.0/System.Resources.ResourceManager.dll
                 Private = 'false'
             C:\Program Files\dotnet\packs\Microsoft.NETCore.App.Ref\8.0.26\ref/net8.0/System.Resources.Writer.dll
                 Private = 'false'
             C:\Program Files\dotnet\packs\Microsoft.NETCore.App.Ref\8.0.26\ref/net8.0/System.Runtime.CompilerServices.Unsafe.dll
                 Private = 'false'
             C:\Program Files\dotnet\packs\Microsoft.NETCore.App.Ref\8.0.26\ref/net8.0/System.Runtime.CompilerServices.VisualC.dll
                 Private = 'false'
             C:\Program Files\dotnet\packs\Microsoft.NETCore.App.Ref\8.0.26\ref/net8.0/System.Runtime.Extensions.dll
                 Private = 'false'
             C:\Program Files\dotnet\packs\Microsoft.NETCore.App.Ref\8.0.26\ref/net8.0/System.Runtime.Handles.dll
                 Private = 'false'
             C:\Program Files\dotnet\packs\Microsoft.NETCore.App.Ref\8.0.26\ref/net8.0/System.Runtime.InteropServices.JavaScript.dll
                 Private = 'false'
             C:\Program Files\dotnet\packs\Microsoft.NETCore.App.Ref\8.0.26\ref/net8.0/System.Runtime.InteropServices.RuntimeInformation.dll
                 Private = 'false'
             C:\Program Files\dotnet\packs\Microsoft.NETCore.App.Ref\8.0.26\ref/net8.0/System.Runtime.InteropServices.dll
                 Private = 'false'
             C:\Program Files\dotnet\packs\Microsoft.NETCore.App.Ref\8.0.26\ref/net8.0/System.Runtime.Intrinsics.dll
                 Private = 'false'
             C:\Program Files\dotnet\packs\Microsoft.NETCore.App.Ref\8.0.26\ref/net8.0/System.Runtime.Loader.dll
                 Private = 'false'
             C:\Program Files\dotnet\packs\Microsoft.NETCore.App.Ref\8.0.26\ref/net8.0/System.Runtime.Numerics.dll
                 Private = 'false'
             C:\Program Files\dotnet\packs\Microsoft.NETCore.App.Ref\8.0.26\ref/net8.0/System.Runtime.Serialization.Formatters.dll
                 Private = 'false'
             C:\Program Files\dotnet\packs\Microsoft.NETCore.App.Ref\8.0.26\ref/net8.0/System.Runtime.Serialization.Json.dll
                 Private = 'false'
             C:\Program Files\dotnet\packs\Microsoft.NETCore.App.Ref\8.0.26\ref/net8.0/System.Runtime.Serialization.Primitives.dll
                 Private = 'false'
             C:\Program Files\dotnet\packs\Microsoft.NETCore.App.Ref\8.0.26\ref/net8.0/System.Runtime.Serialization.Xml.dll
                 Private = 'false'
             C:\Program Files\dotnet\packs\Microsoft.NETCore.App.Ref\8.0.26\ref/net8.0/System.Runtime.Serialization.dll
                 Private = 'false'
             C:\Program Files\dotnet\packs\Microsoft.NETCore.App.Ref\8.0.26\ref/net8.0/System.Runtime.dll
                 Private = 'false'
             C:\Program Files\dotnet\packs\Microsoft.NETCore.App.Ref\8.0.26\ref/net8.0/System.Security.AccessControl.dll
                 Private = 'false'
             C:\Program Files\dotnet\packs\Microsoft.NETCore.App.Ref\8.0.26\ref/net8.0/System.Security.Claims.dll
                 Private = 'false'
             C:\Program Files\dotnet\packs\Microsoft.NETCore.App.Ref\8.0.26\ref/net8.0/System.Security.Cryptography.Algorithms.dll
                 Private = 'false'
             C:\Program Files\dotnet\packs\Microsoft.NETCore.App.Ref\8.0.26\ref/net8.0/System.Security.Cryptography.Cng.dll
                 Private = 'false'
             C:\Program Files\dotnet\packs\Microsoft.NETCore.App.Ref\8.0.26\ref/net8.0/System.Security.Cryptography.Csp.dll
                 Private = 'false'
             C:\Program Files\dotnet\packs\Microsoft.NETCore.App.Ref\8.0.26\ref/net8.0/System.Security.Cryptography.Encoding.dll
                 Private = 'false'
             C:\Program Files\dotnet\packs\Microsoft.NETCore.App.Ref\8.0.26\ref/net8.0/System.Security.Cryptography.OpenSsl.dll
                 Private = 'false'
             C:\Program Files\dotnet\packs\Microsoft.NETCore.App.Ref\8.0.26\ref/net8.0/System.Security.Cryptography.Primitives.dll
                 Private = 'false'
             C:\Program Files\dotnet\packs\Microsoft.NETCore.App.Ref\8.0.26\ref/net8.0/System.Security.Cryptography.X509Certificates.dll
                 Private = 'false'
             C:\Program Files\dotnet\packs\Microsoft.NETCore.App.Ref\8.0.26\ref/net8.0/System.Security.Cryptography.dll
                 Private = 'false'
             C:\Program Files\dotnet\packs\Microsoft.NETCore.App.Ref\8.0.26\ref/net8.0/System.Security.Principal.Windows.dll
                 Private = 'false'
             C:\Program Files\dotnet\packs\Microsoft.NETCore.App.Ref\8.0.26\ref/net8.0/System.Security.Principal.dll
                 Private = 'false'
             C:\Program Files\dotnet\packs\Microsoft.NETCore.App.Ref\8.0.26\ref/net8.0/System.Security.SecureString.dll
                 Private = 'false'
             C:\Program Files\dotnet\packs\Microsoft.NETCore.App.Ref\8.0.26\ref/net8.0/System.Security.dll
                 Private = 'false'
             C:\Program Files\dotnet\packs\Microsoft.NETCore.App.Ref\8.0.26\ref/net8.0/System.ServiceModel.Web.dll
                 Private = 'false'
             C:\Program Files\dotnet\packs\Microsoft.NETCore.App.Ref\8.0.26\ref/net8.0/System.ServiceProcess.dll
                 Private = 'false'
             C:\Program Files\dotnet\packs\Microsoft.NETCore.App.Ref\8.0.26\ref/net8.0/System.Text.Encoding.CodePages.dll
                 Private = 'false'
             C:\Program Files\dotnet\packs\Microsoft.NETCore.App.Ref\8.0.26\ref/net8.0/System.Text.Encoding.Extensions.dll
                 Private = 'false'
             C:\Program Files\dotnet\packs\Microsoft.NETCore.App.Ref\8.0.26\ref/net8.0/System.Text.Encoding.dll
                 Private = 'false'
             C:\Program Files\dotnet\packs\Microsoft.NETCore.App.Ref\8.0.26\ref/net8.0/System.Text.Encodings.Web.dll
                 Private = 'false'
             C:\Program Files\dotnet\packs\Microsoft.NETCore.App.Ref\8.0.26\ref/net8.0/System.Text.Json.dll
                 Private = 'false'
             C:\Program Files\dotnet\packs\Microsoft.NETCore.App.Ref\8.0.26\ref/net8.0/System.Text.RegularExpressions.dll
                 Private = 'false'
             C:\Program Files\dotnet\packs\Microsoft.NETCore.App.Ref\8.0.26\ref/net8.0/System.Threading.Channels.dll
                 Private = 'false'
             C:\Program Files\dotnet\packs\Microsoft.NETCore.App.Ref\8.0.26\ref/net8.0/System.Threading.Overlapped.dll
                 Private = 'false'
             C:\Program Files\dotnet\packs\Microsoft.NETCore.App.Ref\8.0.26\ref/net8.0/System.Threading.Tasks.Dataflow.dll
                 Private = 'false'
             C:\Program Files\dotnet\packs\Microsoft.NETCore.App.Ref\8.0.26\ref/net8.0/System.Threading.Tasks.Extensions.dll
                 Private = 'false'
             C:\Program Files\dotnet\packs\Microsoft.NETCore.App.Ref\8.0.26\ref/net8.0/System.Threading.Tasks.Parallel.dll
                 Private = 'false'
             C:\Program Files\dotnet\packs\Microsoft.NETCore.App.Ref\8.0.26\ref/net8.0/System.Threading.Tasks.dll
                 Private = 'false'
             C:\Program Files\dotnet\packs\Microsoft.NETCore.App.Ref\8.0.26\ref/net8.0/System.Threading.Thread.dll
                 Private = 'false'
             C:\Program Files\dotnet\packs\Microsoft.NETCore.App.Ref\8.0.26\ref/net8.0/System.Threading.ThreadPool.dll
                 Private = 'false'
             C:\Program Files\dotnet\packs\Microsoft.NETCore.App.Ref\8.0.26\ref/net8.0/System.Threading.Timer.dll
                 Private = 'false'
             C:\Program Files\dotnet\packs\Microsoft.NETCore.App.Ref\8.0.26\ref/net8.0/System.Threading.dll
                 Private = 'false'
             C:\Program Files\dotnet\packs\Microsoft.NETCore.App.Ref\8.0.26\ref/net8.0/System.Transactions.Local.dll
                 Private = 'false'
             C:\Program Files\dotnet\packs\Microsoft.NETCore.App.Ref\8.0.26\ref/net8.0/System.Transactions.dll
                 Private = 'false'
             C:\Program Files\dotnet\packs\Microsoft.NETCore.App.Ref\8.0.26\ref/net8.0/System.ValueTuple.dll
                 Private = 'false'
             C:\Program Files\dotnet\packs\Microsoft.NETCore.App.Ref\8.0.26\ref/net8.0/System.Web.HttpUtility.dll
                 Private = 'false'
             C:\Program Files\dotnet\packs\Microsoft.NETCore.App.Ref\8.0.26\ref/net8.0/System.Web.dll
                 Private = 'false'
             C:\Program Files\dotnet\packs\Microsoft.NETCore.App.Ref\8.0.26\ref/net8.0/System.Windows.dll
                 Private = 'false'
             C:\Program Files\dotnet\packs\Microsoft.NETCore.App.Ref\8.0.26\ref/net8.0/System.Xml.Linq.dll
                 Private = 'false'
             C:\Program Files\dotnet\packs\Microsoft.NETCore.App.Ref\8.0.26\ref/net8.0/System.Xml.ReaderWriter.dll
                 Private = 'false'
             C:\Program Files\dotnet\packs\Microsoft.NETCore.App.Ref\8.0.26\ref/net8.0/System.Xml.Serialization.dll
                 Private = 'false'
             C:\Program Files\dotnet\packs\Microsoft.NETCore.App.Ref\8.0.26\ref/net8.0/System.Xml.XDocument.dll
                 Private = 'false'
             C:\Program Files\dotnet\packs\Microsoft.NETCore.App.Ref\8.0.26\ref/net8.0/System.Xml.XPath.XDocument.dll
                 Private = 'false'
             C:\Program Files\dotnet\packs\Microsoft.NETCore.App.Ref\8.0.26\ref/net8.0/System.Xml.XPath.dll
                 Private = 'false'
             C:\Program Files\dotnet\packs\Microsoft.NETCore.App.Ref\8.0.26\ref/net8.0/System.Xml.XmlDocument.dll
                 Private = 'false'
             C:\Program Files\dotnet\packs\Microsoft.NETCore.App.Ref\8.0.26\ref/net8.0/System.Xml.XmlSerializer.dll
                 Private = 'false'
             C:\Program Files\dotnet\packs\Microsoft.NETCore.App.Ref\8.0.26\ref/net8.0/System.Xml.dll
                 Private = 'false'
             C:\Program Files\dotnet\packs\Microsoft.NETCore.App.Ref\8.0.26\ref/net8.0/System.dll
                 Private = 'false'
             C:\Program Files\dotnet\packs\Microsoft.NETCore.App.Ref\8.0.26\ref/net8.0/WindowsBase.dll
                 Private = 'false'
             C:\Program Files\dotnet\packs\Microsoft.NETCore.App.Ref\8.0.26\ref/net8.0/mscorlib.dll
                 Private = 'false'
             C:\Program Files\dotnet\packs\Microsoft.NETCore.App.Ref\8.0.26\ref/net8.0/netstandard.dll
                 Private = 'false'
             C:\Program Files\dotnet\packs\Microsoft.AspNetCore.App.Ref\8.0.26\ref\net8.0\Microsoft.AspNetCore.Antiforgery.dll
                 Private = 'false'
             C:\Program Files\dotnet\packs\Microsoft.AspNetCore.App.Ref\8.0.26\ref\net8.0\Microsoft.AspNetCore.Authentication.Abstractions.dll
                 Private = 'false'
             C:\Program Files\dotnet\packs\Microsoft.AspNetCore.App.Ref\8.0.26\ref\net8.0\Microsoft.AspNetCore.Authentication.BearerToken.dll
                 Private = 'false'
             C:\Program Files\dotnet\packs\Microsoft.AspNetCore.App.Ref\8.0.26\ref\net8.0\Microsoft.AspNetCore.Authentication.Cookies.dll
                 Private = 'false'
             C:\Program Files\dotnet\packs\Microsoft.AspNetCore.App.Ref\8.0.26\ref\net8.0\Microsoft.AspNetCore.Authentication.Core.dll
                 Private = 'false'
             C:\Program Files\dotnet\packs\Microsoft.AspNetCore.App.Ref\8.0.26\ref\net8.0\Microsoft.AspNetCore.Authentication.OAuth.dll
                 Private = 'false'
             C:\Program Files\dotnet\packs\Microsoft.AspNetCore.App.Ref\8.0.26\ref\net8.0\Microsoft.AspNetCore.Authentication.dll
                 Private = 'false'
             C:\Program Files\dotnet\packs\Microsoft.AspNetCore.App.Ref\8.0.26\ref\net8.0\Microsoft.AspNetCore.Authorization.Policy.dll
                 Private = 'false'
             C:\Program Files\dotnet\packs\Microsoft.AspNetCore.App.Ref\8.0.26\ref\net8.0\Microsoft.AspNetCore.Authorization.dll
                 Private = 'false'
             C:\Program Files\dotnet\packs\Microsoft.AspNetCore.App.Ref\8.0.26\ref\net8.0\Microsoft.AspNetCore.Components.Authorization.dll
                 Private = 'false'
             C:\Program Files\dotnet\packs\Microsoft.AspNetCore.App.Ref\8.0.26\ref\net8.0\Microsoft.AspNetCore.Components.Endpoints.dll
                 Private = 'false'
             C:\Program Files\dotnet\packs\Microsoft.AspNetCore.App.Ref\8.0.26\ref\net8.0\Microsoft.AspNetCore.Components.Forms.dll
                 Private = 'false'
             C:\Program Files\dotnet\packs\Microsoft.AspNetCore.App.Ref\8.0.26\ref\net8.0\Microsoft.AspNetCore.Components.Server.dll
                 Private = 'false'
             C:\Program Files\dotnet\packs\Microsoft.AspNetCore.App.Ref\8.0.26\ref\net8.0\Microsoft.AspNetCore.Components.Web.dll
                 Private = 'false'
             C:\Program Files\dotnet\packs\Microsoft.AspNetCore.App.Ref\8.0.26\ref\net8.0\Microsoft.AspNetCore.Components.dll
                 Private = 'false'
             C:\Program Files\dotnet\packs\Microsoft.AspNetCore.App.Ref\8.0.26\ref\net8.0\Microsoft.AspNetCore.Connections.Abstractions.dll
                 Private = 'false'
             C:\Program Files\dotnet\packs\Microsoft.AspNetCore.App.Ref\8.0.26\ref\net8.0\Microsoft.AspNetCore.CookiePolicy.dll
                 Private = 'false'
             C:\Program Files\dotnet\packs\Microsoft.AspNetCore.App.Ref\8.0.26\ref\net8.0\Microsoft.AspNetCore.Cors.dll
                 Private = 'false'
             C:\Program Files\dotnet\packs\Microsoft.AspNetCore.App.Ref\8.0.26\ref\net8.0\Microsoft.AspNetCore.Cryptography.Internal.dll
                 Private = 'false'
             C:\Program Files\dotnet\packs\Microsoft.AspNetCore.App.Ref\8.0.26\ref\net8.0\Microsoft.AspNetCore.Cryptography.KeyDerivation.dll
                 Private = 'false'
             C:\Program Files\dotnet\packs\Microsoft.AspNetCore.App.Ref\8.0.26\ref\net8.0\Microsoft.AspNetCore.DataProtection.Abstractions.dll
                 Private = 'false'
             C:\Program Files\dotnet\packs\Microsoft.AspNetCore.App.Ref\8.0.26\ref\net8.0\Microsoft.AspNetCore.DataProtection.Extensions.dll
                 Private = 'false'
             C:\Program Files\dotnet\packs\Microsoft.AspNetCore.App.Ref\8.0.26\ref\net8.0\Microsoft.AspNetCore.DataProtection.dll
                 Private = 'false'
             C:\Program Files\dotnet\packs\Microsoft.AspNetCore.App.Ref\8.0.26\ref\net8.0\Microsoft.AspNetCore.Diagnostics.Abstractions.dll
                 Private = 'false'
             C:\Program Files\dotnet\packs\Microsoft.AspNetCore.App.Ref\8.0.26\ref\net8.0\Microsoft.AspNetCore.Diagnostics.HealthChecks.dll
                 Private = 'false'
             C:\Program Files\dotnet\packs\Microsoft.AspNetCore.App.Ref\8.0.26\ref\net8.0\Microsoft.AspNetCore.Diagnostics.dll
                 Private = 'false'
             C:\Program Files\dotnet\packs\Microsoft.AspNetCore.App.Ref\8.0.26\ref\net8.0\Microsoft.AspNetCore.HostFiltering.dll
                 Private = 'false'
             C:\Program Files\dotnet\packs\Microsoft.AspNetCore.App.Ref\8.0.26\ref\net8.0\Microsoft.AspNetCore.Hosting.Abstractions.dll
                 Private = 'false'
             C:\Program Files\dotnet\packs\Microsoft.AspNetCore.App.Ref\8.0.26\ref\net8.0\Microsoft.AspNetCore.Hosting.Server.Abstractions.dll
                 Private = 'false'
             C:\Program Files\dotnet\packs\Microsoft.AspNetCore.App.Ref\8.0.26\ref\net8.0\Microsoft.AspNetCore.Hosting.dll
                 Private = 'false'
             C:\Program Files\dotnet\packs\Microsoft.AspNetCore.App.Ref\8.0.26\ref\net8.0\Microsoft.AspNetCore.Html.Abstractions.dll
                 Private = 'false'
             C:\Program Files\dotnet\packs\Microsoft.AspNetCore.App.Ref\8.0.26\ref\net8.0\Microsoft.AspNetCore.Http.Abstractions.dll
                 Private = 'false'
             C:\Program Files\dotnet\packs\Microsoft.AspNetCore.App.Ref\8.0.26\ref\net8.0\Microsoft.AspNetCore.Http.Connections.Common.dll
                 Private = 'false'
             C:\Program Files\dotnet\packs\Microsoft.AspNetCore.App.Ref\8.0.26\ref\net8.0\Microsoft.AspNetCore.Http.Connections.dll
                 Private = 'false'
             C:\Program Files\dotnet\packs\Microsoft.AspNetCore.App.Ref\8.0.26\ref\net8.0\Microsoft.AspNetCore.Http.Extensions.dll
                 Private = 'false'
             C:\Program Files\dotnet\packs\Microsoft.AspNetCore.App.Ref\8.0.26\ref\net8.0\Microsoft.AspNetCore.Http.Features.dll
                 Private = 'false'
             C:\Program Files\dotnet\packs\Microsoft.AspNetCore.App.Ref\8.0.26\ref\net8.0\Microsoft.AspNetCore.Http.Results.dll
                 Private = 'false'
             C:\Program Files\dotnet\packs\Microsoft.AspNetCore.App.Ref\8.0.26\ref\net8.0\Microsoft.AspNetCore.Http.dll
                 Private = 'false'
             C:\Program Files\dotnet\packs\Microsoft.AspNetCore.App.Ref\8.0.26\ref\net8.0\Microsoft.AspNetCore.HttpLogging.dll
                 Private = 'false'
             C:\Program Files\dotnet\packs\Microsoft.AspNetCore.App.Ref\8.0.26\ref\net8.0\Microsoft.AspNetCore.HttpOverrides.dll
                 Private = 'false'
             C:\Program Files\dotnet\packs\Microsoft.AspNetCore.App.Ref\8.0.26\ref\net8.0\Microsoft.AspNetCore.HttpsPolicy.dll
                 Private = 'false'
             C:\Program Files\dotnet\packs\Microsoft.AspNetCore.App.Ref\8.0.26\ref\net8.0\Microsoft.AspNetCore.Identity.dll
                 Private = 'false'
             C:\Program Files\dotnet\packs\Microsoft.AspNetCore.App.Ref\8.0.26\ref\net8.0\Microsoft.AspNetCore.Localization.Routing.dll
                 Private = 'false'
             C:\Program Files\dotnet\packs\Microsoft.AspNetCore.App.Ref\8.0.26\ref\net8.0\Microsoft.AspNetCore.Localization.dll
                 Private = 'false'
             C:\Program Files\dotnet\packs\Microsoft.AspNetCore.App.Ref\8.0.26\ref\net8.0\Microsoft.AspNetCore.Metadata.dll
                 Private = 'false'
             C:\Program Files\dotnet\packs\Microsoft.AspNetCore.App.Ref\8.0.26\ref\net8.0\Microsoft.AspNetCore.Mvc.Abstractions.dll
                 Private = 'false'
             C:\Program Files\dotnet\packs\Microsoft.AspNetCore.App.Ref\8.0.26\ref\net8.0\Microsoft.AspNetCore.Mvc.ApiExplorer.dll
                 Private = 'false'
             C:\Program Files\dotnet\packs\Microsoft.AspNetCore.App.Ref\8.0.26\ref\net8.0\Microsoft.AspNetCore.Mvc.Core.dll
                 Private = 'false'
             C:\Program Files\dotnet\packs\Microsoft.AspNetCore.App.Ref\8.0.26\ref\net8.0\Microsoft.AspNetCore.Mvc.Cors.dll
                 Private = 'false'
             C:\Program Files\dotnet\packs\Microsoft.AspNetCore.App.Ref\8.0.26\ref\net8.0\Microsoft.AspNetCore.Mvc.DataAnnotations.dll
                 Private = 'false'
             C:\Program Files\dotnet\packs\Microsoft.AspNetCore.App.Ref\8.0.26\ref\net8.0\Microsoft.AspNetCore.Mvc.Formatters.Json.dll
                 Private = 'false'
             C:\Program Files\dotnet\packs\Microsoft.AspNetCore.App.Ref\8.0.26\ref\net8.0\Microsoft.AspNetCore.Mvc.Formatters.Xml.dll
                 Private = 'false'
             C:\Program Files\dotnet\packs\Microsoft.AspNetCore.App.Ref\8.0.26\ref\net8.0\Microsoft.AspNetCore.Mvc.Localization.dll
                 Private = 'false'
             C:\Program Files\dotnet\packs\Microsoft.AspNetCore.App.Ref\8.0.26\ref\net8.0\Microsoft.AspNetCore.Mvc.Razor.dll
                 Private = 'false'
             C:\Program Files\dotnet\packs\Microsoft.AspNetCore.App.Ref\8.0.26\ref\net8.0\Microsoft.AspNetCore.Mvc.RazorPages.dll
                 Private = 'false'
             C:\Program Files\dotnet\packs\Microsoft.AspNetCore.App.Ref\8.0.26\ref\net8.0\Microsoft.AspNetCore.Mvc.TagHelpers.dll
                 Private = 'false'
             C:\Program Files\dotnet\packs\Microsoft.AspNetCore.App.Ref\8.0.26\ref\net8.0\Microsoft.AspNetCore.Mvc.ViewFeatures.dll
                 Private = 'false'
             C:\Program Files\dotnet\packs\Microsoft.AspNetCore.App.Ref\8.0.26\ref\net8.0\Microsoft.AspNetCore.Mvc.dll
                 Private = 'false'
             C:\Program Files\dotnet\packs\Microsoft.AspNetCore.App.Ref\8.0.26\ref\net8.0\Microsoft.AspNetCore.OutputCaching.dll
                 Private = 'false'
             C:\Program Files\dotnet\packs\Microsoft.AspNetCore.App.Ref\8.0.26\ref\net8.0\Microsoft.AspNetCore.RateLimiting.dll
                 Private = 'false'
             C:\Program Files\dotnet\packs\Microsoft.AspNetCore.App.Ref\8.0.26\ref\net8.0\Microsoft.AspNetCore.Razor.Runtime.dll
                 Private = 'false'
             C:\Program Files\dotnet\packs\Microsoft.AspNetCore.App.Ref\8.0.26\ref\net8.0\Microsoft.AspNetCore.Razor.dll
                 Private = 'false'
             C:\Program Files\dotnet\packs\Microsoft.AspNetCore.App.Ref\8.0.26\ref\net8.0\Microsoft.AspNetCore.RequestDecompression.dll
                 Private = 'false'
             C:\Program Files\dotnet\packs\Microsoft.AspNetCore.App.Ref\8.0.26\ref\net8.0\Microsoft.AspNetCore.ResponseCaching.Abstractions.dll
                 Private = 'false'
             C:\Program Files\dotnet\packs\Microsoft.AspNetCore.App.Ref\8.0.26\ref\net8.0\Microsoft.AspNetCore.ResponseCaching.dll
                 Private = 'false'
             C:\Program Files\dotnet\packs\Microsoft.AspNetCore.App.Ref\8.0.26\ref\net8.0\Microsoft.AspNetCore.ResponseCompression.dll
                 Private = 'false'
             C:\Program Files\dotnet\packs\Microsoft.AspNetCore.App.Ref\8.0.26\ref\net8.0\Microsoft.AspNetCore.Rewrite.dll
                 Private = 'false'
             C:\Program Files\dotnet\packs\Microsoft.AspNetCore.App.Ref\8.0.26\ref\net8.0\Microsoft.AspNetCore.Routing.Abstractions.dll
                 Private = 'false'
             C:\Program Files\dotnet\packs\Microsoft.AspNetCore.App.Ref\8.0.26\ref\net8.0\Microsoft.AspNetCore.Routing.dll
                 Private = 'false'
             C:\Program Files\dotnet\packs\Microsoft.AspNetCore.App.Ref\8.0.26\ref\net8.0\Microsoft.AspNetCore.Server.HttpSys.dll
                 Private = 'false'
             C:\Program Files\dotnet\packs\Microsoft.AspNetCore.App.Ref\8.0.26\ref\net8.0\Microsoft.AspNetCore.Server.IIS.dll
                 Private = 'false'
             C:\Program Files\dotnet\packs\Microsoft.AspNetCore.App.Ref\8.0.26\ref\net8.0\Microsoft.AspNetCore.Server.IISIntegration.dll
                 Private = 'false'
             C:\Program Files\dotnet\packs\Microsoft.AspNetCore.App.Ref\8.0.26\ref\net8.0\Microsoft.AspNetCore.Server.Kestrel.Core.dll
                 Private = 'false'
             C:\Program Files\dotnet\packs\Microsoft.AspNetCore.App.Ref\8.0.26\ref\net8.0\Microsoft.AspNetCore.Server.Kestrel.Transport.NamedPipes.dll
                 Private = 'false'
             C:\Program Files\dotnet\packs\Microsoft.AspNetCore.App.Ref\8.0.26\ref\net8.0\Microsoft.AspNetCore.Server.Kestrel.Transport.Quic.dll
                 Private = 'false'
             C:\Program Files\dotnet\packs\Microsoft.AspNetCore.App.Ref\8.0.26\ref\net8.0\Microsoft.AspNetCore.Server.Kestrel.Transport.Sockets.dll
                 Private = 'false'
             C:\Program Files\dotnet\packs\Microsoft.AspNetCore.App.Ref\8.0.26\ref\net8.0\Microsoft.AspNetCore.Server.Kestrel.dll
                 Private = 'false'
             C:\Program Files\dotnet\packs\Microsoft.AspNetCore.App.Ref\8.0.26\ref\net8.0\Microsoft.AspNetCore.Session.dll
                 Private = 'false'
             C:\Program Files\dotnet\packs\Microsoft.AspNetCore.App.Ref\8.0.26\ref\net8.0\Microsoft.AspNetCore.SignalR.Common.dll
                 Private = 'false'
             C:\Program Files\dotnet\packs\Microsoft.AspNetCore.App.Ref\8.0.26\ref\net8.0\Microsoft.AspNetCore.SignalR.Core.dll
                 Private = 'false'
             C:\Program Files\dotnet\packs\Microsoft.AspNetCore.App.Ref\8.0.26\ref\net8.0\Microsoft.AspNetCore.SignalR.Protocols.Json.dll
                 Private = 'false'
             C:\Program Files\dotnet\packs\Microsoft.AspNetCore.App.Ref\8.0.26\ref\net8.0\Microsoft.AspNetCore.SignalR.dll
                 Private = 'false'
             C:\Program Files\dotnet\packs\Microsoft.AspNetCore.App.Ref\8.0.26\ref\net8.0\Microsoft.AspNetCore.StaticFiles.dll
                 Private = 'false'
             C:\Program Files\dotnet\packs\Microsoft.AspNetCore.App.Ref\8.0.26\ref\net8.0\Microsoft.AspNetCore.WebSockets.dll
                 Private = 'false'
             C:\Program Files\dotnet\packs\Microsoft.AspNetCore.App.Ref\8.0.26\ref\net8.0\Microsoft.AspNetCore.WebUtilities.dll
                 Private = 'false'
             C:\Program Files\dotnet\packs\Microsoft.AspNetCore.App.Ref\8.0.26\ref\net8.0\Microsoft.AspNetCore.dll
                 Private = 'false'
             C:\Program Files\dotnet\packs\Microsoft.AspNetCore.App.Ref\8.0.26\ref\net8.0\Microsoft.Extensions.Caching.Abstractions.dll
                 Private = 'false'
             C:\Program Files\dotnet\packs\Microsoft.AspNetCore.App.Ref\8.0.26\ref\net8.0\Microsoft.Extensions.Caching.Memory.dll
                 Private = 'false'
             C:\Program Files\dotnet\packs\Microsoft.AspNetCore.App.Ref\8.0.26\ref\net8.0\Microsoft.Extensions.Configuration.Abstractions.dll
                 Private = 'false'
             C:\Program Files\dotnet\packs\Microsoft.AspNetCore.App.Ref\8.0.26\ref\net8.0\Microsoft.Extensions.Configuration.Binder.dll
                 Private = 'false'
             C:\Program Files\dotnet\packs\Microsoft.AspNetCore.App.Ref\8.0.26\ref\net8.0\Microsoft.Extensions.Configuration.CommandLine.dll
                 Private = 'false'
             C:\Program Files\dotnet\packs\Microsoft.AspNetCore.App.Ref\8.0.26\ref\net8.0\Microsoft.Extensions.Configuration.EnvironmentVariables.dll
                 Private = 'false'
             C:\Program Files\dotnet\packs\Microsoft.AspNetCore.App.Ref\8.0.26\ref\net8.0\Microsoft.Extensions.Configuration.FileExtensions.dll
                 Private = 'false'
             C:\Program Files\dotnet\packs\Microsoft.AspNetCore.App.Ref\8.0.26\ref\net8.0\Microsoft.Extensions.Configuration.Ini.dll
                 Private = 'false'
             C:\Program Files\dotnet\packs\Microsoft.AspNetCore.App.Ref\8.0.26\ref\net8.0\Microsoft.Extensions.Configuration.Json.dll
                 Private = 'false'
             C:\Program Files\dotnet\packs\Microsoft.AspNetCore.App.Ref\8.0.26\ref\net8.0\Microsoft.Extensions.Configuration.KeyPerFile.dll
                 Private = 'false'
             C:\Program Files\dotnet\packs\Microsoft.AspNetCore.App.Ref\8.0.26\ref\net8.0\Microsoft.Extensions.Configuration.UserSecrets.dll
                 Private = 'false'
             C:\Program Files\dotnet\packs\Microsoft.AspNetCore.App.Ref\8.0.26\ref\net8.0\Microsoft.Extensions.Configuration.Xml.dll
                 Private = 'false'
             C:\Program Files\dotnet\packs\Microsoft.AspNetCore.App.Ref\8.0.26\ref\net8.0\Microsoft.Extensions.Configuration.dll
                 Private = 'false'
             C:\Program Files\dotnet\packs\Microsoft.AspNetCore.App.Ref\8.0.26\ref\net8.0\Microsoft.Extensions.DependencyInjection.Abstractions.dll
                 Private = 'false'
             C:\Program Files\dotnet\packs\Microsoft.AspNetCore.App.Ref\8.0.26\ref\net8.0\Microsoft.Extensions.DependencyInjection.dll
                 Private = 'false'
             C:\Program Files\dotnet\packs\Microsoft.AspNetCore.App.Ref\8.0.26\ref\net8.0\Microsoft.Extensions.Diagnostics.Abstractions.dll
                 Private = 'false'
             C:\Program Files\dotnet\packs\Microsoft.AspNetCore.App.Ref\8.0.26\ref\net8.0\Microsoft.Extensions.Diagnostics.HealthChecks.Abstractions.dll
                 Private = 'false'
             C:\Program Files\dotnet\packs\Microsoft.AspNetCore.App.Ref\8.0.26\ref\net8.0\Microsoft.Extensions.Diagnostics.HealthChecks.dll
                 Private = 'false'
             C:\Program Files\dotnet\packs\Microsoft.AspNetCore.App.Ref\8.0.26\ref\net8.0\Microsoft.Extensions.Diagnostics.dll
                 Private = 'false'
             C:\Program Files\dotnet\packs\Microsoft.AspNetCore.App.Ref\8.0.26\ref\net8.0\Microsoft.Extensions.Features.dll
                 Private = 'false'
             C:\Program Files\dotnet\packs\Microsoft.AspNetCore.App.Ref\8.0.26\ref\net8.0\Microsoft.Extensions.FileProviders.Abstractions.dll
                 Private = 'false'
             C:\Program Files\dotnet\packs\Microsoft.AspNetCore.App.Ref\8.0.26\ref\net8.0\Microsoft.Extensions.FileProviders.Composite.dll
                 Private = 'false'
             C:\Program Files\dotnet\packs\Microsoft.AspNetCore.App.Ref\8.0.26\ref\net8.0\Microsoft.Extensions.FileProviders.Embedded.dll
                 Private = 'false'
             C:\Program Files\dotnet\packs\Microsoft.AspNetCore.App.Ref\8.0.26\ref\net8.0\Microsoft.Extensions.FileProviders.Physical.dll
                 Private = 'false'
             C:\Program Files\dotnet\packs\Microsoft.AspNetCore.App.Ref\8.0.26\ref\net8.0\Microsoft.Extensions.FileSystemGlobbing.dll
                 Private = 'false'
             C:\Program Files\dotnet\packs\Microsoft.AspNetCore.App.Ref\8.0.26\ref\net8.0\Microsoft.Extensions.Hosting.Abstractions.dll
                 Private = 'false'
             C:\Program Files\dotnet\packs\Microsoft.AspNetCore.App.Ref\8.0.26\ref\net8.0\Microsoft.Extensions.Hosting.dll
                 Private = 'false'
             C:\Program Files\dotnet\packs\Microsoft.AspNetCore.App.Ref\8.0.26\ref\net8.0\Microsoft.Extensions.Http.dll
                 Private = 'false'
             C:\Program Files\dotnet\packs\Microsoft.AspNetCore.App.Ref\8.0.26\ref\net8.0\Microsoft.Extensions.Identity.Core.dll
                 Private = 'false'
             C:\Program Files\dotnet\packs\Microsoft.AspNetCore.App.Ref\8.0.26\ref\net8.0\Microsoft.Extensions.Identity.Stores.dll
                 Private = 'false'
             C:\Program Files\dotnet\packs\Microsoft.AspNetCore.App.Ref\8.0.26\ref\net8.0\Microsoft.Extensions.Localization.Abstractions.dll
                 Private = 'false'
             C:\Program Files\dotnet\packs\Microsoft.AspNetCore.App.Ref\8.0.26\ref\net8.0\Microsoft.Extensions.Localization.dll
                 Private = 'false'
             C:\Program Files\dotnet\packs\Microsoft.AspNetCore.App.Ref\8.0.26\ref\net8.0\Microsoft.Extensions.Logging.Abstractions.dll
                 Private = 'false'
             C:\Program Files\dotnet\packs\Microsoft.AspNetCore.App.Ref\8.0.26\ref\net8.0\Microsoft.Extensions.Logging.Configuration.dll
                 Private = 'false'
             C:\Program Files\dotnet\packs\Microsoft.AspNetCore.App.Ref\8.0.26\ref\net8.0\Microsoft.Extensions.Logging.Console.dll
                 Private = 'false'
             C:\Program Files\dotnet\packs\Microsoft.AspNetCore.App.Ref\8.0.26\ref\net8.0\Microsoft.Extensions.Logging.Debug.dll
                 Private = 'false'
             C:\Program Files\dotnet\packs\Microsoft.AspNetCore.App.Ref\8.0.26\ref\net8.0\Microsoft.Extensions.Logging.EventLog.dll
                 Private = 'false'
             C:\Program Files\dotnet\packs\Microsoft.AspNetCore.App.Ref\8.0.26\ref\net8.0\Microsoft.Extensions.Logging.EventSource.dll
                 Private = 'false'
             C:\Program Files\dotnet\packs\Microsoft.AspNetCore.App.Ref\8.0.26\ref\net8.0\Microsoft.Extensions.Logging.TraceSource.dll
                 Private = 'false'
             C:\Program Files\dotnet\packs\Microsoft.AspNetCore.App.Ref\8.0.26\ref\net8.0\Microsoft.Extensions.Logging.dll
                 Private = 'false'
             C:\Program Files\dotnet\packs\Microsoft.AspNetCore.App.Ref\8.0.26\ref\net8.0\Microsoft.Extensions.ObjectPool.dll
                 Private = 'false'
             C:\Program Files\dotnet\packs\Microsoft.AspNetCore.App.Ref\8.0.26\ref\net8.0\Microsoft.Extensions.Options.ConfigurationExtensions.dll
                 Private = 'false'
             C:\Program Files\dotnet\packs\Microsoft.AspNetCore.App.Ref\8.0.26\ref\net8.0\Microsoft.Extensions.Options.DataAnnotations.dll
                 Private = 'false'
             C:\Program Files\dotnet\packs\Microsoft.AspNetCore.App.Ref\8.0.26\ref\net8.0\Microsoft.Extensions.Options.dll
                 Private = 'false'
             C:\Program Files\dotnet\packs\Microsoft.AspNetCore.App.Ref\8.0.26\ref\net8.0\Microsoft.Extensions.Primitives.dll
                 Private = 'false'
             C:\Program Files\dotnet\packs\Microsoft.AspNetCore.App.Ref\8.0.26\ref\net8.0\Microsoft.Extensions.WebEncoders.dll
                 Private = 'false'
             C:\Program Files\dotnet\packs\Microsoft.AspNetCore.App.Ref\8.0.26\ref\net8.0\Microsoft.JSInterop.dll
                 Private = 'false'
             C:\Program Files\dotnet\packs\Microsoft.AspNetCore.App.Ref\8.0.26\ref\net8.0\Microsoft.Net.Http.Headers.dll
                 Private = 'false'
             C:\Program Files\dotnet\packs\Microsoft.AspNetCore.App.Ref\8.0.26\ref\net8.0\System.Diagnostics.EventLog.dll
                 Private = 'false'
             C:\Program Files\dotnet\packs\Microsoft.AspNetCore.App.Ref\8.0.26\ref\net8.0\System.IO.Pipelines.dll
                 Private = 'false'
             C:\Program Files\dotnet\packs\Microsoft.AspNetCore.App.Ref\8.0.26\ref\net8.0\System.Security.Cryptography.Xml.dll
                 Private = 'false'
             C:\Program Files\dotnet\packs\Microsoft.AspNetCore.App.Ref\8.0.26\ref\net8.0\System.Threading.RateLimiting.dll
                 Private = 'false'
         AssemblyFiles:
         CandidateAssemblyFiles:
         TargetFrameworkDirectories:
             
         NonCultureResourceDirectories:
             
         InstalledAssemblyTables:
         IgnoreInstalledAssemblyTable:
             False
         SearchPaths:
             {CandidateAssemblyFiles}
             {HintPathFromItem}
             {TargetFrameworkDirectory}
             {RawFileName}
         AllowedAssemblyExtensions:
             .winmd
             .dll
             .exe
         AllowedRelatedFileExtensions:
             .pdb
             .xml
             .pri
             .dll.config
             .exe.config
         AppConfigFile:
             
         AutoUnify:
             True
         EnableCustomCulture:
             False
         CopyLocalDependenciesWhenParentReferenceInGac:
             True
         FindDependencies:
             True
         TargetProcessorArchitecture:
             msil
         StateFile:
             obj\Debug\net8.0\QuickStock.csproj.AssemblyReference.cache
         InstalledAssemblySubsetTables:
         IgnoreInstalledAssemblySubsetTable:
             False
         TargetFrameworkSubsets:
         FullTargetFrameworkSubsetNames:
             Full
         ProfileName:
             
         FullFrameworkFolders:
         LatestTargetFrameworkDirectories:
         ProfileTablesLocation:
         Primary reference "BCrypt.Net-Next, Version=4.0.3.0, Culture=neutral, PublicKeyToken=1e11be04b6288443".
             Resolved file path is "C:\Users\Unknown\.nuget\packages\bcrypt.net-next\4.0.3\lib\net6.0\BCrypt.Net-Next.dll".
             Reference found at search path location "{HintPathFromItem}".
             This reference is not "CopyLocal" because at least one source item had "Private" set to "false" and no source items had "Private" set to "true".
         Primary reference "BouncyCastle.Cryptography, Version=2.0.0.0, Culture=neutral, PublicKeyToken=072edcf4a5328938".
             Resolved file path is "C:\Users\Unknown\.nuget\packages\bouncycastle.cryptography\2.6.2\lib\net6.0\BouncyCastle.Cryptography.dll".
             Reference found at search path location "{HintPathFromItem}".
             This reference is not "CopyLocal" because at least one source item had "Private" set to "false" and no source items had "Private" set to "true".
         Primary reference "Google.Protobuf, Version=3.32.0.0, Culture=neutral, PublicKeyToken=a7d26565bac4d604".
             Resolved file path is "C:\Users\Unknown\.nuget\packages\google.protobuf\3.32.0\lib\net5.0\Google.Protobuf.dll".
             Reference found at search path location "{HintPathFromItem}".
             This reference is not "CopyLocal" because at least one source item had "Private" set to "false" and no source items had "Private" set to "true".
         Primary reference "K4os.Compression.LZ4, Version=1.3.8.0, Culture=neutral, PublicKeyToken=2186fa9121ef231d".
             Resolved file path is "C:\Users\Unknown\.nuget\packages\k4os.compression.lz4\1.3.8\lib\net6.0\K4os.Compression.LZ4.dll".
             Reference found at search path location "{HintPathFromItem}".
             This reference is not "CopyLocal" because at least one source item had "Private" set to "false" and no source items had "Private" set to "true".
         Primary reference "K4os.Compression.LZ4.Streams, Version=1.3.8.0, Culture=neutral, PublicKeyToken=2186fa9121ef231d".
             Resolved file path is "C:\Users\Unknown\.nuget\packages\k4os.compression.lz4.streams\1.3.8\lib\net6.0\K4os.Compression.LZ4.Streams.dll".
             Reference found at search path location "{HintPathFromItem}".
             This reference is not "CopyLocal" because at least one source item had "Private" set to "false" and no source items had "Private" set to "true".
         Primary reference "K4os.Hash.xxHash, Version=1.0.8.0, Culture=neutral, PublicKeyToken=32cd54395057cec3".
             Resolved file path is "C:\Users\Unknown\.nuget\packages\k4os.hash.xxhash\1.0.8\lib\net6.0\K4os.Hash.xxHash.dll".
             Reference found at search path location "{HintPathFromItem}".
             This reference is not "CopyLocal" because at least one source item had "Private" set to "false" and no source items had "Private" set to "true".
         Primary reference "Microsoft.AspNetCore.Authentication.JwtBearer, Version=8.0.1.0, Culture=neutral, PublicKeyToken=adb9793829ddae60".
             Resolved file path is "C:\Users\Unknown\.nuget\packages\microsoft.aspnetcore.authentication.jwtbearer\8.0.1\lib\net8.0\Microsoft.AspNetCore.Authentication.JwtBearer.dll".
             Reference found at search path location "{HintPathFromItem}".
             This reference is not "CopyLocal" because at least one source item had "Private" set to "false" and no source items had "Private" set to "true".
         Primary reference "Microsoft.EntityFrameworkCore, Version=8.0.11.0, Culture=neutral, PublicKeyToken=adb9793829ddae60".
             Resolved file path is "C:\Users\Unknown\.nuget\packages\microsoft.entityframeworkcore\8.0.11\lib\net8.0\Microsoft.EntityFrameworkCore.dll".
             Reference found at search path location "{HintPathFromItem}".
             This reference is not "CopyLocal" because at least one source item had "Private" set to "false" and no source items had "Private" set to "true".
         Primary reference "Microsoft.EntityFrameworkCore.Abstractions, Version=8.0.11.0, Culture=neutral, PublicKeyToken=adb9793829ddae60".
             Resolved file path is "C:\Users\Unknown\.nuget\packages\microsoft.entityframeworkcore.abstractions\8.0.11\lib\net8.0\Microsoft.EntityFrameworkCore.Abstractions.dll".
             Reference found at search path location "{HintPathFromItem}".
             This reference is not "CopyLocal" because at least one source item had "Private" set to "false" and no source items had "Private" set to "true".
         Primary reference "Microsoft.EntityFrameworkCore.Relational, Version=8.0.11.0, Culture=neutral, PublicKeyToken=adb9793829ddae60".
             Resolved file path is "C:\Users\Unknown\.nuget\packages\microsoft.entityframeworkcore.relational\8.0.11\lib\net8.0\Microsoft.EntityFrameworkCore.Relational.dll".
             Reference found at search path location "{HintPathFromItem}".
             This reference is not "CopyLocal" because at least one source item had "Private" set to "false" and no source items had "Private" set to "true".
         Primary reference "Microsoft.IdentityModel.Abstractions, Version=8.14.0.0, Culture=neutral, PublicKeyToken=31bf3856ad364e35".
             Resolved file path is "C:\Users\Unknown\.nuget\packages\microsoft.identitymodel.abstractions\8.14.0\lib\net8.0\Microsoft.IdentityModel.Abstractions.dll".
             Reference found at search path location "{HintPathFromItem}".
             This reference is not "CopyLocal" because at least one source item had "Private" set to "false" and no source items had "Private" set to "true".
         Primary reference "Microsoft.IdentityModel.JsonWebTokens, Version=8.14.0.0, Culture=neutral, PublicKeyToken=31bf3856ad364e35".
             Resolved file path is "C:\Users\Unknown\.nuget\packages\microsoft.identitymodel.jsonwebtokens\8.14.0\lib\net8.0\Microsoft.IdentityModel.JsonWebTokens.dll".
             Reference found at search path location "{HintPathFromItem}".
             This reference is not "CopyLocal" because at least one source item had "Private" set to "false" and no source items had "Private" set to "true".
         Primary reference "Microsoft.IdentityModel.Logging, Version=8.14.0.0, Culture=neutral, PublicKeyToken=31bf3856ad364e35".
             Resolved file path is "C:\Users\Unknown\.nuget\packages\microsoft.identitymodel.logging\8.14.0\lib\net8.0\Microsoft.IdentityModel.Logging.dll".
             Reference found at search path location "{HintPathFromItem}".
             This reference is not "CopyLocal" because at least one source item had "Private" set to "false" and no source items had "Private" set to "true".
         Primary reference "Microsoft.IdentityModel.Protocols, Version=7.1.2.0, Culture=neutral, PublicKeyToken=31bf3856ad364e35".
             Resolved file path is "C:\Users\Unknown\.nuget\packages\microsoft.identitymodel.protocols\7.1.2\lib\net8.0\Microsoft.IdentityModel.Protocols.dll".
             Reference found at search path location "{HintPathFromItem}".
             This reference is not "CopyLocal" because at least one source item had "Private" set to "false" and no source items had "Private" set to "true".
         Primary reference "Microsoft.IdentityModel.Protocols.OpenIdConnect, Version=7.1.2.0, Culture=neutral, PublicKeyToken=31bf3856ad364e35".
             Resolved file path is "C:\Users\Unknown\.nuget\packages\microsoft.identitymodel.protocols.openidconnect\7.1.2\lib\net8.0\Microsoft.IdentityModel.Protocols.OpenIdConnect.dll".
             Reference found at search path location "{HintPathFromItem}".
             This reference is not "CopyLocal" because at least one source item had "Private" set to "false" and no source items had "Private" set to "true".
         Primary reference "Microsoft.IdentityModel.Tokens, Version=8.14.0.0, Culture=neutral, PublicKeyToken=31bf3856ad364e35".
             Resolved file path is "C:\Users\Unknown\.nuget\packages\microsoft.identitymodel.tokens\8.14.0\lib\net8.0\Microsoft.IdentityModel.Tokens.dll".
             Reference found at search path location "{HintPathFromItem}".
             This reference is not "CopyLocal" because at least one source item had "Private" set to "false" and no source items had "Private" set to "true".
         Primary reference "Microsoft.OpenApi, Version=1.6.14.0, Culture=neutral, PublicKeyToken=3f5743946376f042".
             Resolved file path is "C:\Users\Unknown\.nuget\packages\microsoft.openapi\1.6.14\lib\netstandard2.0\Microsoft.OpenApi.dll".
             Reference found at search path location "{HintPathFromItem}".
             This reference is not "CopyLocal" because at least one source item had "Private" set to "false" and no source items had "Private" set to "true".
         Primary reference "MySql.Data, Version=9.7.0.0, Culture=neutral, PublicKeyToken=c5687fc88969c44d".
             Resolved file path is "C:\Users\Unknown\.nuget\packages\mysql.data\9.7.0\lib\net8.0\MySql.Data.dll".
             Reference found at search path location "{HintPathFromItem}".
             This reference is not "CopyLocal" because at least one source item had "Private" set to "false" and no source items had "Private" set to "true".
         Primary reference "MySql.EntityFrameworkCore, Version=8.0.11.0, Culture=neutral, PublicKeyToken=c5687fc88969c44d".
             Resolved file path is "C:\Users\Unknown\.nuget\packages\mysql.entityframeworkcore\9.0.0\lib\net8.0\MySql.EntityFrameworkCore.dll".
             Reference found at search path location "{HintPathFromItem}".
             This reference is not "CopyLocal" because at least one source item had "Private" set to "false" and no source items had "Private" set to "true".
         Primary reference "Newtonsoft.Json, Version=13.0.0.0, Culture=neutral, PublicKeyToken=30ad4fe6b2a6aeed".
             Resolved file path is "C:\Users\Unknown\.nuget\packages\newtonsoft.json\13.0.4\lib\net6.0\Newtonsoft.Json.dll".
             Reference found at search path location "{HintPathFromItem}".
             This reference is not "CopyLocal" because at least one source item had "Private" set to "false" and no source items had "Private" set to "true".
         Primary reference "Swashbuckle.AspNetCore.Swagger, Version=6.6.2.0, Culture=neutral, PublicKeyToken=62657d7474907593".
             Resolved file path is "C:\Users\Unknown\.nuget\packages\swashbuckle.aspnetcore.swagger\6.6.2\lib\net8.0\Swashbuckle.AspNetCore.Swagger.dll".
             Reference found at search path location "{HintPathFromItem}".
             This reference is not "CopyLocal" because at least one source item had "Private" set to "false" and no source items had "Private" set to "true".
         Primary reference "Swashbuckle.AspNetCore.SwaggerGen, Version=6.6.2.0, Culture=neutral, PublicKeyToken=d84d99fb0135530a".
             Resolved file path is "C:\Users\Unknown\.nuget\packages\swashbuckle.aspnetcore.swaggergen\6.6.2\lib\net8.0\Swashbuckle.AspNetCore.SwaggerGen.dll".
             Reference found at search path location "{HintPathFromItem}".
             This reference is not "CopyLocal" because at least one source item had "Private" set to "false" and no source items had "Private" set to "true".
         Primary reference "Swashbuckle.AspNetCore.SwaggerUI, Version=6.6.2.0, Culture=neutral, PublicKeyToken=4232c99127b3c254".
             Resolved file path is "C:\Users\Unknown\.nuget\packages\swashbuckle.aspnetcore.swaggerui\6.6.2\lib\net8.0\Swashbuckle.AspNetCore.SwaggerUI.dll".
             Reference found at search path location "{HintPathFromItem}".
             This reference is not "CopyLocal" because at least one source item had "Private" set to "false" and no source items had "Private" set to "true".
         Primary reference "System.Configuration.ConfigurationManager, Version=8.0.0.0, Culture=neutral, PublicKeyToken=cc7b13ffcd2ddd51".
             Resolved file path is "C:\Users\Unknown\.nuget\packages\system.configuration.configurationmanager\8.0.0\lib\net8.0\System.Configuration.ConfigurationManager.dll".
             Reference found at search path location "{HintPathFromItem}".
             This reference is not "CopyLocal" because at least one source item had "Private" set to "false" and no source items had "Private" set to "true".
         Primary reference "System.IdentityModel.Tokens.Jwt, Version=8.14.0.0, Culture=neutral, PublicKeyToken=31bf3856ad364e35".
             Resolved file path is "C:\Users\Unknown\.nuget\packages\system.identitymodel.tokens.jwt\8.14.0\lib\net8.0\System.IdentityModel.Tokens.Jwt.dll".
             Reference found at search path location "{HintPathFromItem}".
             This reference is not "CopyLocal" because at least one source item had "Private" set to "false" and no source items had "Private" set to "true".
         Primary reference "System.Security.Cryptography.ProtectedData, Version=8.0.0.0, Culture=neutral, PublicKeyToken=b03f5f7f11d50a3a".
             Resolved file path is "C:\Users\Unknown\.nuget\packages\system.security.cryptography.protecteddata\8.0.0\lib\net8.0\System.Security.Cryptography.ProtectedData.dll".
             Reference found at search path location "{HintPathFromItem}".
             This reference is not "CopyLocal" because at least one source item had "Private" set to "false" and no source items had "Private" set to "true".
         Primary reference "System.Security.Permissions, Version=8.0.0.0, Culture=neutral, PublicKeyToken=cc7b13ffcd2ddd51".
             Resolved file path is "C:\Users\Unknown\.nuget\packages\system.security.permissions\8.0.0\lib\net8.0\System.Security.Permissions.dll".
             Reference found at search path location "{HintPathFromItem}".
             This reference is not "CopyLocal" because at least one source item had "Private" set to "false" and no source items had "Private" set to "true".
         Primary reference "System.Windows.Extensions, Version=8.0.0.0, Culture=neutral, PublicKeyToken=cc7b13ffcd2ddd51".
             Resolved file path is "C:\Users\Unknown\.nuget\packages\system.windows.extensions\8.0.0\lib\net8.0\System.Windows.Extensions.dll".
             Reference found at search path location "{HintPathFromItem}".
             This reference is not "CopyLocal" because at least one source item had "Private" set to "false" and no source items had "Private" set to "true".
         Primary reference "ZstdSharp, Version=0.8.6.0, Culture=neutral, PublicKeyToken=8d151af33a4ad5cf".
             Resolved file path is "C:\Users\Unknown\.nuget\packages\zstdsharp.port\0.8.6\lib\net8.0\ZstdSharp.dll".
             Reference found at search path location "{HintPathFromItem}".
             This reference is not "CopyLocal" because at least one source item had "Private" set to "false" and no source items had "Private" set to "true".
         Primary reference "Microsoft.CSharp, Version=8.0.0.0, Culture=neutral, PublicKeyToken=b03f5f7f11d50a3a".
             Resolved file path is "C:\Program Files\dotnet\packs\Microsoft.NETCore.App.Ref\8.0.26\ref\net8.0\Microsoft.CSharp.dll".
             Reference found at search path location "{RawFileName}".
             This reference is not "CopyLocal" because at least one source item had "Private" set to "false" and no source items had "Private" set to "true".
         Primary reference "Microsoft.VisualBasic.Core, Version=13.0.0.0, Culture=neutral, PublicKeyToken=b03f5f7f11d50a3a".
             Resolved file path is "C:\Program Files\dotnet\packs\Microsoft.NETCore.App.Ref\8.0.26\ref\net8.0\Microsoft.VisualBasic.Core.dll".
             Reference found at search path location "{RawFileName}".
             This reference is not "CopyLocal" because at least one source item had "Private" set to "false" and no source items had "Private" set to "true".
         Primary reference "Microsoft.VisualBasic, Version=10.0.0.0, Culture=neutral, PublicKeyToken=b03f5f7f11d50a3a".
             Resolved file path is "C:\Program Files\dotnet\packs\Microsoft.NETCore.App.Ref\8.0.26\ref\net8.0\Microsoft.VisualBasic.dll".
             Reference found at search path location "{RawFileName}".
             This reference is not "CopyLocal" because at least one source item had "Private" set to "false" and no source items had "Private" set to "true".
         Primary reference "Microsoft.Win32.Primitives, Version=8.0.0.0, Culture=neutral, PublicKeyToken=b03f5f7f11d50a3a".
             Resolved file path is "C:\Program Files\dotnet\packs\Microsoft.NETCore.App.Ref\8.0.26\ref\net8.0\Microsoft.Win32.Primitives.dll".
             Reference found at search path location "{RawFileName}".
             This reference is not "CopyLocal" because at least one source item had "Private" set to "false" and no source items had "Private" set to "true".
         Primary reference "Microsoft.Win32.Registry, Version=8.0.0.0, Culture=neutral, PublicKeyToken=b03f5f7f11d50a3a".
             Resolved file path is "C:\Program Files\dotnet\packs\Microsoft.NETCore.App.Ref\8.0.26\ref\net8.0\Microsoft.Win32.Registry.dll".
             Reference found at search path location "{RawFileName}".
             This reference is not "CopyLocal" because at least one source item had "Private" set to "false" and no source items had "Private" set to "true".
         Primary reference "System.AppContext, Version=8.0.0.0, Culture=neutral, PublicKeyToken=b03f5f7f11d50a3a".
             Resolved file path is "C:\Program Files\dotnet\packs\Microsoft.NETCore.App.Ref\8.0.26\ref\net8.0\System.AppContext.dll".
             Reference found at search path location "{RawFileName}".
             This reference is not "CopyLocal" because at least one source item had "Private" set to "false" and no source items had "Private" set to "true".
         Primary reference "System.Buffers, Version=8.0.0.0, Culture=neutral, PublicKeyToken=cc7b13ffcd2ddd51".
             Resolved file path is "C:\Program Files\dotnet\packs\Microsoft.NETCore.App.Ref\8.0.26\ref\net8.0\System.Buffers.dll".
             Reference found at search path location "{RawFileName}".
             This reference is not "CopyLocal" because at least one source item had "Private" set to "false" and no source items had "Private" set to "true".
         Primary reference "System.Collections.Concurrent, Version=8.0.0.0, Culture=neutral, PublicKeyToken=b03f5f7f11d50a3a".
             Resolved file path is "C:\Program Files\dotnet\packs\Microsoft.NETCore.App.Ref\8.0.26\ref\net8.0\System.Collections.Concurrent.dll".
             Reference found at search path location "{RawFileName}".
             This reference is not "CopyLocal" because at least one source item had "Private" set to "false" and no source items had "Private" set to "true".
         Primary reference "System.Collections.Immutable, Version=8.0.0.0, Culture=neutral, PublicKeyToken=b03f5f7f11d50a3a".
             Resolved file path is "C:\Program Files\dotnet\packs\Microsoft.NETCore.App.Ref\8.0.26\ref\net8.0\System.Collections.Immutable.dll".
             Reference found at search path location "{RawFileName}".
             This reference is not "CopyLocal" because at least one source item had "Private" set to "false" and no source items had "Private" set to "true".
         Primary reference "System.Collections.NonGeneric, Version=8.0.0.0, Culture=neutral, PublicKeyToken=b03f5f7f11d50a3a".
             Resolved file path is "C:\Program Files\dotnet\packs\Microsoft.NETCore.App.Ref\8.0.26\ref\net8.0\System.Collections.NonGeneric.dll".
             Reference found at search path location "{RawFileName}".
             This reference is not "CopyLocal" because at least one source item had "Private" set to "false" and no source items had "Private" set to "true".
         Primary reference "System.Collections.Specialized, Version=8.0.0.0, Culture=neutral, PublicKeyToken=b03f5f7f11d50a3a".
             Resolved file path is "C:\Program Files\dotnet\packs\Microsoft.NETCore.App.Ref\8.0.26\ref\net8.0\System.Collections.Specialized.dll".
             Reference found at search path location "{RawFileName}".
             This reference is not "CopyLocal" because at least one source item had "Private" set to "false" and no source items had "Private" set to "true".
         Primary reference "System.Collections, Version=8.0.0.0, Culture=neutral, PublicKeyToken=b03f5f7f11d50a3a".
             Resolved file path is "C:\Program Files\dotnet\packs\Microsoft.NETCore.App.Ref\8.0.26\ref\net8.0\System.Collections.dll".
             Reference found at search path location "{RawFileName}".
             This reference is not "CopyLocal" because at least one source item had "Private" set to "false" and no source items had "Private" set to "true".
         Primary reference "System.ComponentModel.Annotations, Version=8.0.0.0, Culture=neutral, PublicKeyToken=b03f5f7f11d50a3a".
             Resolved file path is "C:\Program Files\dotnet\packs\Microsoft.NETCore.App.Ref\8.0.26\ref\net8.0\System.ComponentModel.Annotations.dll".
             Reference found at search path location "{RawFileName}".
             This reference is not "CopyLocal" because at least one source item had "Private" set to "false" and no source items had "Private" set to "true".
         Primary reference "System.ComponentModel.DataAnnotations, Version=4.0.0.0, Culture=neutral, PublicKeyToken=31bf3856ad364e35".
             Resolved file path is "C:\Program Files\dotnet\packs\Microsoft.NETCore.App.Ref\8.0.26\ref\net8.0\System.ComponentModel.DataAnnotations.dll".
             Reference found at search path location "{RawFileName}".
             This reference is not "CopyLocal" because at least one source item had "Private" set to "false" and no source items had "Private" set to "true".
         Primary reference "System.ComponentModel.EventBasedAsync, Version=8.0.0.0, Culture=neutral, PublicKeyToken=b03f5f7f11d50a3a".
             Resolved file path is "C:\Program Files\dotnet\packs\Microsoft.NETCore.App.Ref\8.0.26\ref\net8.0\System.ComponentModel.EventBasedAsync.dll".
             Reference found at search path location "{RawFileName}".
             This reference is not "CopyLocal" because at least one source item had "Private" set to "false" and no source items had "Private" set to "true".
         Primary reference "System.ComponentModel.Primitives, Version=8.0.0.0, Culture=neutral, PublicKeyToken=b03f5f7f11d50a3a".
             Resolved file path is "C:\Program Files\dotnet\packs\Microsoft.NETCore.App.Ref\8.0.26\ref\net8.0\System.ComponentModel.Primitives.dll".
             Reference found at search path location "{RawFileName}".
             This reference is not "CopyLocal" because at least one source item had "Private" set to "false" and no source items had "Private" set to "true".
         Primary reference "System.ComponentModel.TypeConverter, Version=8.0.0.0, Culture=neutral, PublicKeyToken=b03f5f7f11d50a3a".
             Resolved file path is "C:\Program Files\dotnet\packs\Microsoft.NETCore.App.Ref\8.0.26\ref\net8.0\System.ComponentModel.TypeConverter.dll".
             Reference found at search path location "{RawFileName}".
             This reference is not "CopyLocal" because at least one source item had "Private" set to "false" and no source items had "Private" set to "true".
         Primary reference "System.ComponentModel, Version=8.0.0.0, Culture=neutral, PublicKeyToken=b03f5f7f11d50a3a".
             Resolved file path is "C:\Program Files\dotnet\packs\Microsoft.NETCore.App.Ref\8.0.26\ref\net8.0\System.ComponentModel.dll".
             Reference found at search path location "{RawFileName}".
             This reference is not "CopyLocal" because at least one source item had "Private" set to "false" and no source items had "Private" set to "true".
         Primary reference "System.Configuration, Version=4.0.0.0, Culture=neutral, PublicKeyToken=b03f5f7f11d50a3a".
             Resolved file path is "C:\Program Files\dotnet\packs\Microsoft.NETCore.App.Ref\8.0.26\ref\net8.0\System.Configuration.dll".
             Reference found at search path location "{RawFileName}".
             This reference is not "CopyLocal" because at least one source item had "Private" set to "false" and no source items had "Private" set to "true".
         Primary reference "System.Console, Version=8.0.0.0, Culture=neutral, PublicKeyToken=b03f5f7f11d50a3a".
             Resolved file path is "C:\Program Files\dotnet\packs\Microsoft.NETCore.App.Ref\8.0.26\ref\net8.0\System.Console.dll".
             Reference found at search path location "{RawFileName}".
             This reference is not "CopyLocal" because at least one source item had "Private" set to "false" and no source items had "Private" set to "true".
         Primary reference "System.Core, Version=4.0.0.0, Culture=neutral, PublicKeyToken=b77a5c561934e089".
             Resolved file path is "C:\Program Files\dotnet\packs\Microsoft.NETCore.App.Ref\8.0.26\ref\net8.0\System.Core.dll".
             Reference found at search path location "{RawFileName}".
             This reference is not "CopyLocal" because at least one source item had "Private" set to "false" and no source items had "Private" set to "true".
         Primary reference "System.Data.Common, Version=8.0.0.0, Culture=neutral, PublicKeyToken=b03f5f7f11d50a3a".
             Resolved file path is "C:\Program Files\dotnet\packs\Microsoft.NETCore.App.Ref\8.0.26\ref\net8.0\System.Data.Common.dll".
             Reference found at search path location "{RawFileName}".
             This reference is not "CopyLocal" because at least one source item had "Private" set to "false" and no source items had "Private" set to "true".
         Primary reference "System.Data.DataSetExtensions, Version=8.0.0.0, Culture=neutral, PublicKeyToken=b77a5c561934e089".
             Resolved file path is "C:\Program Files\dotnet\packs\Microsoft.NETCore.App.Ref\8.0.26\ref\net8.0\System.Data.DataSetExtensions.dll".
             Reference found at search path location "{RawFileName}".
             This reference is not "CopyLocal" because at least one source item had "Private" set to "false" and no source items had "Private" set to "true".
         Primary reference "System.Data, Version=4.0.0.0, Culture=neutral, PublicKeyToken=b77a5c561934e089".
             Resolved file path is "C:\Program Files\dotnet\packs\Microsoft.NETCore.App.Ref\8.0.26\ref\net8.0\System.Data.dll".
             Reference found at search path location "{RawFileName}".
             This reference is not "CopyLocal" because at least one source item had "Private" set to "false" and no source items had "Private" set to "true".
         Primary reference "System.Diagnostics.Contracts, Version=8.0.0.0, Culture=neutral, PublicKeyToken=b03f5f7f11d50a3a".
             Resolved file path is "C:\Program Files\dotnet\packs\Microsoft.NETCore.App.Ref\8.0.26\ref\net8.0\System.Diagnostics.Contracts.dll".
             Reference found at search path location "{RawFileName}".
             This reference is not "CopyLocal" because at least one source item had "Private" set to "false" and no source items had "Private" set to "true".
         Primary reference "System.Diagnostics.Debug, Version=8.0.0.0, Culture=neutral, PublicKeyToken=b03f5f7f11d50a3a".
             Resolved file path is "C:\Program Files\dotnet\packs\Microsoft.NETCore.App.Ref\8.0.26\ref\net8.0\System.Diagnostics.Debug.dll".
             Reference found at search path location "{RawFileName}".
             This reference is not "CopyLocal" because at least one source item had "Private" set to "false" and no source items had "Private" set to "true".
         Primary reference "System.Diagnostics.DiagnosticSource, Version=8.0.0.0, Culture=neutral, PublicKeyToken=cc7b13ffcd2ddd51".
             Resolved file path is "C:\Program Files\dotnet\packs\Microsoft.NETCore.App.Ref\8.0.26\ref\net8.0\System.Diagnostics.DiagnosticSource.dll".
             Reference found at search path location "{RawFileName}".
             This reference is not "CopyLocal" because at least one source item had "Private" set to "false" and no source items had "Private" set to "true".
         Primary reference "System.Diagnostics.FileVersionInfo, Version=8.0.0.0, Culture=neutral, PublicKeyToken=b03f5f7f11d50a3a".
             Resolved file path is "C:\Program Files\dotnet\packs\Microsoft.NETCore.App.Ref\8.0.26\ref\net8.0\System.Diagnostics.FileVersionInfo.dll".
             Reference found at search path location "{RawFileName}".
             This reference is not "CopyLocal" because at least one source item had "Private" set to "false" and no source items had "Private" set to "true".
         Primary reference "System.Diagnostics.Process, Version=8.0.0.0, Culture=neutral, PublicKeyToken=b03f5f7f11d50a3a".
             Resolved file path is "C:\Program Files\dotnet\packs\Microsoft.NETCore.App.Ref\8.0.26\ref\net8.0\System.Diagnostics.Process.dll".
             Reference found at search path location "{RawFileName}".
             This reference is not "CopyLocal" because at least one source item had "Private" set to "false" and no source items had "Private" set to "true".
         Primary reference "System.Diagnostics.StackTrace, Version=8.0.0.0, Culture=neutral, PublicKeyToken=b03f5f7f11d50a3a".
             Resolved file path is "C:\Program Files\dotnet\packs\Microsoft.NETCore.App.Ref\8.0.26\ref\net8.0\System.Diagnostics.StackTrace.dll".
             Reference found at search path location "{RawFileName}".
             This reference is not "CopyLocal" because at least one source item had "Private" set to "false" and no source items had "Private" set to "true".
         Primary reference "System.Diagnostics.TextWriterTraceListener, Version=8.0.0.0, Culture=neutral, PublicKeyToken=b03f5f7f11d50a3a".
             Resolved file path is "C:\Program Files\dotnet\packs\Microsoft.NETCore.App.Ref\8.0.26\ref\net8.0\System.Diagnostics.TextWriterTraceListener.dll".
             Reference found at search path location "{RawFileName}".
             This reference is not "CopyLocal" because at least one source item had "Private" set to "false" and no source items had "Private" set to "true".
         Primary reference "System.Diagnostics.Tools, Version=8.0.0.0, Culture=neutral, PublicKeyToken=b03f5f7f11d50a3a".
             Resolved file path is "C:\Program Files\dotnet\packs\Microsoft.NETCore.App.Ref\8.0.26\ref\net8.0\System.Diagnostics.Tools.dll".
             Reference found at search path location "{RawFileName}".
             This reference is not "CopyLocal" because at least one source item had "Private" set to "false" and no source items had "Private" set to "true".
         Primary reference "System.Diagnostics.TraceSource, Version=8.0.0.0, Culture=neutral, PublicKeyToken=b03f5f7f11d50a3a".
             Resolved file path is "C:\Program Files\dotnet\packs\Microsoft.NETCore.App.Ref\8.0.26\ref\net8.0\System.Diagnostics.TraceSource.dll".
             Reference found at search path location "{RawFileName}".
             This reference is not "CopyLocal" because at least one source item had "Private" set to "false" and no source items had "Private" set to "true".
         Primary reference "System.Diagnostics.Tracing, Version=8.0.0.0, Culture=neutral, PublicKeyToken=b03f5f7f11d50a3a".
             Resolved file path is "C:\Program Files\dotnet\packs\Microsoft.NETCore.App.Ref\8.0.26\ref\net8.0\System.Diagnostics.Tracing.dll".
             Reference found at search path location "{RawFileName}".
             This reference is not "CopyLocal" because at least one source item had "Private" set to "false" and no source items had "Private" set to "true".
         Primary reference "System.Drawing.Primitives, Version=8.0.0.0, Culture=neutral, PublicKeyToken=b03f5f7f11d50a3a".
             Resolved file path is "C:\Program Files\dotnet\packs\Microsoft.NETCore.App.Ref\8.0.26\ref\net8.0\System.Drawing.Primitives.dll".
             Reference found at search path location "{RawFileName}".
             This reference is not "CopyLocal" because at least one source item had "Private" set to "false" and no source items had "Private" set to "true".
         Primary reference "System.Drawing, Version=4.0.0.0, Culture=neutral, PublicKeyToken=b03f5f7f11d50a3a".
             Resolved file path is "C:\Program Files\dotnet\packs\Microsoft.NETCore.App.Ref\8.0.26\ref\net8.0\System.Drawing.dll".
             Reference found at search path location "{RawFileName}".
             This reference is not "CopyLocal" because at least one source item had "Private" set to "false" and no source items had "Private" set to "true".
         Primary reference "System.Dynamic.Runtime, Version=8.0.0.0, Culture=neutral, PublicKeyToken=b03f5f7f11d50a3a".
             Resolved file path is "C:\Program Files\dotnet\packs\Microsoft.NETCore.App.Ref\8.0.26\ref\net8.0\System.Dynamic.Runtime.dll".
             Reference found at search path location "{RawFileName}".
             This reference is not "CopyLocal" because at least one source item had "Private" set to "false" and no source items had "Private" set to "true".
         Primary reference "System.Formats.Asn1, Version=8.0.0.0, Culture=neutral, PublicKeyToken=cc7b13ffcd2ddd51".
             Resolved file path is "C:\Program Files\dotnet\packs\Microsoft.NETCore.App.Ref\8.0.26\ref\net8.0\System.Formats.Asn1.dll".
             Reference found at search path location "{RawFileName}".
             This reference is not "CopyLocal" because at least one source item had "Private" set to "false" and no source items had "Private" set to "true".
         Primary reference "System.Formats.Tar, Version=8.0.0.0, Culture=neutral, PublicKeyToken=cc7b13ffcd2ddd51".
             Resolved file path is "C:\Program Files\dotnet\packs\Microsoft.NETCore.App.Ref\8.0.26\ref\net8.0\System.Formats.Tar.dll".
             Reference found at search path location "{RawFileName}".
             This reference is not "CopyLocal" because at least one source item had "Private" set to "false" and no source items had "Private" set to "true".
         Primary reference "System.Globalization.Calendars, Version=8.0.0.0, Culture=neutral, PublicKeyToken=b03f5f7f11d50a3a".
             Resolved file path is "C:\Program Files\dotnet\packs\Microsoft.NETCore.App.Ref\8.0.26\ref\net8.0\System.Globalization.Calendars.dll".
             Reference found at search path location "{RawFileName}".
             This reference is not "CopyLocal" because at least one source item had "Private" set to "false" and no source items had "Private" set to "true".
         Primary reference "System.Globalization.Extensions, Version=8.0.0.0, Culture=neutral, PublicKeyToken=b03f5f7f11d50a3a".
             Resolved file path is "C:\Program Files\dotnet\packs\Microsoft.NETCore.App.Ref\8.0.26\ref\net8.0\System.Globalization.Extensions.dll".
             Reference found at search path location "{RawFileName}".
             This reference is not "CopyLocal" because at least one source item had "Private" set to "false" and no source items had "Private" set to "true".
         Primary reference "System.Globalization, Version=8.0.0.0, Culture=neutral, PublicKeyToken=b03f5f7f11d50a3a".
             Resolved file path is "C:\Program Files\dotnet\packs\Microsoft.NETCore.App.Ref\8.0.26\ref\net8.0\System.Globalization.dll".
             Reference found at search path location "{RawFileName}".
             This reference is not "CopyLocal" because at least one source item had "Private" set to "false" and no source items had "Private" set to "true".
         Primary reference "System.IO.Compression.Brotli, Version=8.0.0.0, Culture=neutral, PublicKeyToken=b77a5c561934e089".
             Resolved file path is "C:\Program Files\dotnet\packs\Microsoft.NETCore.App.Ref\8.0.26\ref\net8.0\System.IO.Compression.Brotli.dll".
             Reference found at search path location "{RawFileName}".
             This reference is not "CopyLocal" because at least one source item had "Private" set to "false" and no source items had "Private" set to "true".
         Primary reference "System.IO.Compression.FileSystem, Version=4.0.0.0, Culture=neutral, PublicKeyToken=b77a5c561934e089".
             Resolved file path is "C:\Program Files\dotnet\packs\Microsoft.NETCore.App.Ref\8.0.26\ref\net8.0\System.IO.Compression.FileSystem.dll".
             Reference found at search path location "{RawFileName}".
             This reference is not "CopyLocal" because at least one source item had "Private" set to "false" and no source items had "Private" set to "true".
         Primary reference "System.IO.Compression.ZipFile, Version=8.0.0.0, Culture=neutral, PublicKeyToken=b77a5c561934e089".
             Resolved file path is "C:\Program Files\dotnet\packs\Microsoft.NETCore.App.Ref\8.0.26\ref\net8.0\System.IO.Compression.ZipFile.dll".
             Reference found at search path location "{RawFileName}".
             This reference is not "CopyLocal" because at least one source item had "Private" set to "false" and no source items had "Private" set to "true".
         Primary reference "System.IO.Compression, Version=8.0.0.0, Culture=neutral, PublicKeyToken=b77a5c561934e089".
             Resolved file path is "C:\Program Files\dotnet\packs\Microsoft.NETCore.App.Ref\8.0.26\ref\net8.0\System.IO.Compression.dll".
             Reference found at search path location "{RawFileName}".
             This reference is not "CopyLocal" because at least one source item had "Private" set to "false" and no source items had "Private" set to "true".
         Primary reference "System.IO.FileSystem.AccessControl, Version=8.0.0.0, Culture=neutral, PublicKeyToken=b03f5f7f11d50a3a".
             Resolved file path is "C:\Program Files\dotnet\packs\Microsoft.NETCore.App.Ref\8.0.26\ref\net8.0\System.IO.FileSystem.AccessControl.dll".
             Reference found at search path location "{RawFileName}".
             This reference is not "CopyLocal" because at least one source item had "Private" set to "false" and no source items had "Private" set to "true".
         Primary reference "System.IO.FileSystem.DriveInfo, Version=8.0.0.0, Culture=neutral, PublicKeyToken=b03f5f7f11d50a3a".
             Resolved file path is "C:\Program Files\dotnet\packs\Microsoft.NETCore.App.Ref\8.0.26\ref\net8.0\System.IO.FileSystem.DriveInfo.dll".
             Reference found at search path location "{RawFileName}".
             This reference is not "CopyLocal" because at least one source item had "Private" set to "false" and no source items had "Private" set to "true".
         Primary reference "System.IO.FileSystem.Primitives, Version=8.0.0.0, Culture=neutral, PublicKeyToken=b03f5f7f11d50a3a".
             Resolved file path is "C:\Program Files\dotnet\packs\Microsoft.NETCore.App.Ref\8.0.26\ref\net8.0\System.IO.FileSystem.Primitives.dll".
             Reference found at search path location "{RawFileName}".
             This reference is not "CopyLocal" because at least one source item had "Private" set to "false" and no source items had "Private" set to "true".
         Primary reference "System.IO.FileSystem.Watcher, Version=8.0.0.0, Culture=neutral, PublicKeyToken=b03f5f7f11d50a3a".
             Resolved file path is "C:\Program Files\dotnet\packs\Microsoft.NETCore.App.Ref\8.0.26\ref\net8.0\System.IO.FileSystem.Watcher.dll".
             Reference found at search path location "{RawFileName}".
             This reference is not "CopyLocal" because at least one source item had "Private" set to "false" and no source items had "Private" set to "true".
         Primary reference "System.IO.FileSystem, Version=8.0.0.0, Culture=neutral, PublicKeyToken=b03f5f7f11d50a3a".
             Resolved file path is "C:\Program Files\dotnet\packs\Microsoft.NETCore.App.Ref\8.0.26\ref\net8.0\System.IO.FileSystem.dll".
             Reference found at search path location "{RawFileName}".
             This reference is not "CopyLocal" because at least one source item had "Private" set to "false" and no source items had "Private" set to "true".
         Primary reference "System.IO.IsolatedStorage, Version=8.0.0.0, Culture=neutral, PublicKeyToken=b03f5f7f11d50a3a".
             Resolved file path is "C:\Program Files\dotnet\packs\Microsoft.NETCore.App.Ref\8.0.26\ref\net8.0\System.IO.IsolatedStorage.dll".
             Reference found at search path location "{RawFileName}".
             This reference is not "CopyLocal" because at least one source item had "Private" set to "false" and no source items had "Private" set to "true".
         Primary reference "System.IO.MemoryMappedFiles, Version=8.0.0.0, Culture=neutral, PublicKeyToken=b03f5f7f11d50a3a".
             Resolved file path is "C:\Program Files\dotnet\packs\Microsoft.NETCore.App.Ref\8.0.26\ref\net8.0\System.IO.MemoryMappedFiles.dll".
             Reference found at search path location "{RawFileName}".
             This reference is not "CopyLocal" because at least one source item had "Private" set to "false" and no source items had "Private" set to "true".
         Primary reference "System.IO.Pipes.AccessControl, Version=8.0.0.0, Culture=neutral, PublicKeyToken=b03f5f7f11d50a3a".
             Resolved file path is "C:\Program Files\dotnet\packs\Microsoft.NETCore.App.Ref\8.0.26\ref\net8.0\System.IO.Pipes.AccessControl.dll".
             Reference found at search path location "{RawFileName}".
             This reference is not "CopyLocal" because at least one source item had "Private" set to "false" and no source items had "Private" set to "true".
         Primary reference "System.IO.Pipes, Version=8.0.0.0, Culture=neutral, PublicKeyToken=b03f5f7f11d50a3a".
             Resolved file path is "C:\Program Files\dotnet\packs\Microsoft.NETCore.App.Ref\8.0.26\ref\net8.0\System.IO.Pipes.dll".
             Reference found at search path location "{RawFileName}".
             This reference is not "CopyLocal" because at least one source item had "Private" set to "false" and no source items had "Private" set to "true".
         Primary reference "System.IO.UnmanagedMemoryStream, Version=8.0.0.0, Culture=neutral, PublicKeyToken=b03f5f7f11d50a3a".
             Resolved file path is "C:\Program Files\dotnet\packs\Microsoft.NETCore.App.Ref\8.0.26\ref\net8.0\System.IO.UnmanagedMemoryStream.dll".
             Reference found at search path location "{RawFileName}".
             This reference is not "CopyLocal" because at least one source item had "Private" set to "false" and no source items had "Private" set to "true".
         Primary reference "System.IO, Version=8.0.0.0, Culture=neutral, PublicKeyToken=b03f5f7f11d50a3a".
             Resolved file path is "C:\Program Files\dotnet\packs\Microsoft.NETCore.App.Ref\8.0.26\ref\net8.0\System.IO.dll".
             Reference found at search path location "{RawFileName}".
             This reference is not "CopyLocal" because at least one source item had "Private" set to "false" and no source items had "Private" set to "true".
         Primary reference "System.Linq.Expressions, Version=8.0.0.0, Culture=neutral, PublicKeyToken=b03f5f7f11d50a3a".
             Resolved file path is "C:\Program Files\dotnet\packs\Microsoft.NETCore.App.Ref\8.0.26\ref\net8.0\System.Linq.Expressions.dll".
             Reference found at search path location "{RawFileName}".
             This reference is not "CopyLocal" because at least one source item had "Private" set to "false" and no source items had "Private" set to "true".
         Primary reference "System.Linq.Parallel, Version=8.0.0.0, Culture=neutral, PublicKeyToken=b03f5f7f11d50a3a".
             Resolved file path is "C:\Program Files\dotnet\packs\Microsoft.NETCore.App.Ref\8.0.26\ref\net8.0\System.Linq.Parallel.dll".
             Reference found at search path location "{RawFileName}".
             This reference is not "CopyLocal" because at least one source item had "Private" set to "false" and no source items had "Private" set to "true".
         Primary reference "System.Linq.Queryable, Version=8.0.0.0, Culture=neutral, PublicKeyToken=b03f5f7f11d50a3a".
             Resolved file path is "C:\Program Files\dotnet\packs\Microsoft.NETCore.App.Ref\8.0.26\ref\net8.0\System.Linq.Queryable.dll".
             Reference found at search path location "{RawFileName}".
             This reference is not "CopyLocal" because at least one source item had "Private" set to "false" and no source items had "Private" set to "true".
         Primary reference "System.Linq, Version=8.0.0.0, Culture=neutral, PublicKeyToken=b03f5f7f11d50a3a".
             Resolved file path is "C:\Program Files\dotnet\packs\Microsoft.NETCore.App.Ref\8.0.26\ref\net8.0\System.Linq.dll".
             Reference found at search path location "{RawFileName}".
             This reference is not "CopyLocal" because at least one source item had "Private" set to "false" and no source items had "Private" set to "true".
         Primary reference "System.Memory, Version=8.0.0.0, Culture=neutral, PublicKeyToken=cc7b13ffcd2ddd51".
             Resolved file path is "C:\Program Files\dotnet\packs\Microsoft.NETCore.App.Ref\8.0.26\ref\net8.0\System.Memory.dll".
             Reference found at search path location "{RawFileName}".
             This reference is not "CopyLocal" because at least one source item had "Private" set to "false" and no source items had "Private" set to "true".
         Primary reference "System.Net.Http.Json, Version=8.0.0.0, Culture=neutral, PublicKeyToken=cc7b13ffcd2ddd51".
             Resolved file path is "C:\Program Files\dotnet\packs\Microsoft.NETCore.App.Ref\8.0.26\ref\net8.0\System.Net.Http.Json.dll".
             Reference found at search path location "{RawFileName}".
             This reference is not "CopyLocal" because at least one source item had "Private" set to "false" and no source items had "Private" set to "true".
         Primary reference "System.Net.Http, Version=8.0.0.0, Culture=neutral, PublicKeyToken=b03f5f7f11d50a3a".
             Resolved file path is "C:\Program Files\dotnet\packs\Microsoft.NETCore.App.Ref\8.0.26\ref\net8.0\System.Net.Http.dll".
             Reference found at search path location "{RawFileName}".
             This reference is not "CopyLocal" because at least one source item had "Private" set to "false" and no source items had "Private" set to "true".
         Primary reference "System.Net.HttpListener, Version=8.0.0.0, Culture=neutral, PublicKeyToken=cc7b13ffcd2ddd51".
             Resolved file path is "C:\Program Files\dotnet\packs\Microsoft.NETCore.App.Ref\8.0.26\ref\net8.0\System.Net.HttpListener.dll".
             Reference found at search path location "{RawFileName}".
             This reference is not "CopyLocal" because at least one source item had "Private" set to "false" and no source items had "Private" set to "true".
         Primary reference "System.Net.Mail, Version=8.0.0.0, Culture=neutral, PublicKeyToken=cc7b13ffcd2ddd51".
             Resolved file path is "C:\Program Files\dotnet\packs\Microsoft.NETCore.App.Ref\8.0.26\ref\net8.0\System.Net.Mail.dll".
             Reference found at search path location "{RawFileName}".
             This reference is not "CopyLocal" because at least one source item had "Private" set to "false" and no source items had "Private" set to "true".
         Primary reference "System.Net.NameResolution, Version=8.0.0.0, Culture=neutral, PublicKeyToken=b03f5f7f11d50a3a".
             Resolved file path is "C:\Program Files\dotnet\packs\Microsoft.NETCore.App.Ref\8.0.26\ref\net8.0\System.Net.NameResolution.dll".
             Reference found at search path location "{RawFileName}".
             This reference is not "CopyLocal" because at least one source item had "Private" set to "false" and no source items had "Private" set to "true".
         Primary reference "System.Net.NetworkInformation, Version=8.0.0.0, Culture=neutral, PublicKeyToken=b03f5f7f11d50a3a".
             Resolved file path is "C:\Program Files\dotnet\packs\Microsoft.NETCore.App.Ref\8.0.26\ref\net8.0\System.Net.NetworkInformation.dll".
             Reference found at search path location "{RawFileName}".
             This reference is not "CopyLocal" because at least one source item had "Private" set to "false" and no source items had "Private" set to "true".
         Primary reference "System.Net.Ping, Version=8.0.0.0, Culture=neutral, PublicKeyToken=b03f5f7f11d50a3a".
             Resolved file path is "C:\Program Files\dotnet\packs\Microsoft.NETCore.App.Ref\8.0.26\ref\net8.0\System.Net.Ping.dll".
             Reference found at search path location "{RawFileName}".
             This reference is not "CopyLocal" because at least one source item had "Private" set to "false" and no source items had "Private" set to "true".
         Primary reference "System.Net.Primitives, Version=8.0.0.0, Culture=neutral, PublicKeyToken=b03f5f7f11d50a3a".
             Resolved file path is "C:\Program Files\dotnet\packs\Microsoft.NETCore.App.Ref\8.0.26\ref\net8.0\System.Net.Primitives.dll".
             Reference found at search path location "{RawFileName}".
             This reference is not "CopyLocal" because at least one source item had "Private" set to "false" and no source items had "Private" set to "true".
         Primary reference "System.Net.Quic, Version=8.0.0.0, Culture=neutral, PublicKeyToken=b03f5f7f11d50a3a".
             Resolved file path is "C:\Program Files\dotnet\packs\Microsoft.NETCore.App.Ref\8.0.26\ref\net8.0\System.Net.Quic.dll".
             Reference found at search path location "{RawFileName}".
             This reference is not "CopyLocal" because at least one source item had "Private" set to "false" and no source items had "Private" set to "true".
         Primary reference "System.Net.Requests, Version=8.0.0.0, Culture=neutral, PublicKeyToken=b03f5f7f11d50a3a".
             Resolved file path is "C:\Program Files\dotnet\packs\Microsoft.NETCore.App.Ref\8.0.26\ref\net8.0\System.Net.Requests.dll".
             Reference found at search path location "{RawFileName}".
             This reference is not "CopyLocal" because at least one source item had "Private" set to "false" and no source items had "Private" set to "true".
         Primary reference "System.Net.Security, Version=8.0.0.0, Culture=neutral, PublicKeyToken=b03f5f7f11d50a3a".
             Resolved file path is "C:\Program Files\dotnet\packs\Microsoft.NETCore.App.Ref\8.0.26\ref\net8.0\System.Net.Security.dll".
             Reference found at search path location "{RawFileName}".
             This reference is not "CopyLocal" because at least one source item had "Private" set to "false" and no source items had "Private" set to "true".
         Primary reference "System.Net.ServicePoint, Version=8.0.0.0, Culture=neutral, PublicKeyToken=cc7b13ffcd2ddd51".
             Resolved file path is "C:\Program Files\dotnet\packs\Microsoft.NETCore.App.Ref\8.0.26\ref\net8.0\System.Net.ServicePoint.dll".
             Reference found at search path location "{RawFileName}".
             This reference is not "CopyLocal" because at least one source item had "Private" set to "false" and no source items had "Private" set to "true".
         Primary reference "System.Net.Sockets, Version=8.0.0.0, Culture=neutral, PublicKeyToken=b03f5f7f11d50a3a".
             Resolved file path is "C:\Program Files\dotnet\packs\Microsoft.NETCore.App.Ref\8.0.26\ref\net8.0\System.Net.Sockets.dll".
             Reference found at search path location "{RawFileName}".
             This reference is not "CopyLocal" because at least one source item had "Private" set to "false" and no source items had "Private" set to "true".
         Primary reference "System.Net.WebClient, Version=8.0.0.0, Culture=neutral, PublicKeyToken=cc7b13ffcd2ddd51".
             Resolved file path is "C:\Program Files\dotnet\packs\Microsoft.NETCore.App.Ref\8.0.26\ref\net8.0\System.Net.WebClient.dll".
             Reference found at search path location "{RawFileName}".
             This reference is not "CopyLocal" because at least one source item had "Private" set to "false" and no source items had "Private" set to "true".
         Primary reference "System.Net.WebHeaderCollection, Version=8.0.0.0, Culture=neutral, PublicKeyToken=b03f5f7f11d50a3a".
             Resolved file path is "C:\Program Files\dotnet\packs\Microsoft.NETCore.App.Ref\8.0.26\ref\net8.0\System.Net.WebHeaderCollection.dll".
             Reference found at search path location "{RawFileName}".
             This reference is not "CopyLocal" because at least one source item had "Private" set to "false" and no source items had "Private" set to "true".
         Primary reference "System.Net.WebProxy, Version=8.0.0.0, Culture=neutral, PublicKeyToken=cc7b13ffcd2ddd51".
             Resolved file path is "C:\Program Files\dotnet\packs\Microsoft.NETCore.App.Ref\8.0.26\ref\net8.0\System.Net.WebProxy.dll".
             Reference found at search path location "{RawFileName}".
             This reference is not "CopyLocal" because at least one source item had "Private" set to "false" and no source items had "Private" set to "true".
         Primary reference "System.Net.WebSockets.Client, Version=8.0.0.0, Culture=neutral, PublicKeyToken=b03f5f7f11d50a3a".
             Resolved file path is "C:\Program Files\dotnet\packs\Microsoft.NETCore.App.Ref\8.0.26\ref\net8.0\System.Net.WebSockets.Client.dll".
             Reference found at search path location "{RawFileName}".
             This reference is not "CopyLocal" because at least one source item had "Private" set to "false" and no source items had "Private" set to "true".
         Primary reference "System.Net.WebSockets, Version=8.0.0.0, Culture=neutral, PublicKeyToken=b03f5f7f11d50a3a".
             Resolved file path is "C:\Program Files\dotnet\packs\Microsoft.NETCore.App.Ref\8.0.26\ref\net8.0\System.Net.WebSockets.dll".
             Reference found at search path location "{RawFileName}".
             This reference is not "CopyLocal" because at least one source item had "Private" set to "false" and no source items had "Private" set to "true".
         Primary reference "System.Net, Version=4.0.0.0, Culture=neutral, PublicKeyToken=b03f5f7f11d50a3a".
             Resolved file path is "C:\Program Files\dotnet\packs\Microsoft.NETCore.App.Ref\8.0.26\ref\net8.0\System.Net.dll".
             Reference found at search path location "{RawFileName}".
             This reference is not "CopyLocal" because at least one source item had "Private" set to "false" and no source items had "Private" set to "true".
         Primary reference "System.Numerics.Vectors, Version=8.0.0.0, Culture=neutral, PublicKeyToken=b03f5f7f11d50a3a".
             Resolved file path is "C:\Program Files\dotnet\packs\Microsoft.NETCore.App.Ref\8.0.26\ref\net8.0\System.Numerics.Vectors.dll".
             Reference found at search path location "{RawFileName}".
             This reference is not "CopyLocal" because at least one source item had "Private" set to "false" and no source items had "Private" set to "true".
         Primary reference "System.Numerics, Version=4.0.0.0, Culture=neutral, PublicKeyToken=b77a5c561934e089".
             Resolved file path is "C:\Program Files\dotnet\packs\Microsoft.NETCore.App.Ref\8.0.26\ref\net8.0\System.Numerics.dll".
             Reference found at search path location "{RawFileName}".
             This reference is not "CopyLocal" because at least one source item had "Private" set to "false" and no source items had "Private" set to "true".
         Primary reference "System.ObjectModel, Version=8.0.0.0, Culture=neutral, PublicKeyToken=b03f5f7f11d50a3a".
             Resolved file path is "C:\Program Files\dotnet\packs\Microsoft.NETCore.App.Ref\8.0.26\ref\net8.0\System.ObjectModel.dll".
             Reference found at search path location "{RawFileName}".
             This reference is not "CopyLocal" because at least one source item had "Private" set to "false" and no source items had "Private" set to "true".
         Primary reference "System.Reflection.DispatchProxy, Version=8.0.0.0, Culture=neutral, PublicKeyToken=b03f5f7f11d50a3a".
             Resolved file path is "C:\Program Files\dotnet\packs\Microsoft.NETCore.App.Ref\8.0.26\ref\net8.0\System.Reflection.DispatchProxy.dll".
             Reference found at search path location "{RawFileName}".
             This reference is not "CopyLocal" because at least one source item had "Private" set to "false" and no source items had "Private" set to "true".
         Primary reference "System.Reflection.Emit.ILGeneration, Version=8.0.0.0, Culture=neutral, PublicKeyToken=b03f5f7f11d50a3a".
             Resolved file path is "C:\Program Files\dotnet\packs\Microsoft.NETCore.App.Ref\8.0.26\ref\net8.0\System.Reflection.Emit.ILGeneration.dll".
             Reference found at search path location "{RawFileName}".
             This reference is not "CopyLocal" because at least one source item had "Private" set to "false" and no source items had "Private" set to "true".
         Primary reference "System.Reflection.Emit.Lightweight, Version=8.0.0.0, Culture=neutral, PublicKeyToken=b03f5f7f11d50a3a".
             Resolved file path is "C:\Program Files\dotnet\packs\Microsoft.NETCore.App.Ref\8.0.26\ref\net8.0\System.Reflection.Emit.Lightweight.dll".
             Reference found at search path location "{RawFileName}".
             This reference is not "CopyLocal" because at least one source item had "Private" set to "false" and no source items had "Private" set to "true".
         Primary reference "System.Reflection.Emit, Version=8.0.0.0, Culture=neutral, PublicKeyToken=b03f5f7f11d50a3a".
             Resolved file path is "C:\Program Files\dotnet\packs\Microsoft.NETCore.App.Ref\8.0.26\ref\net8.0\System.Reflection.Emit.dll".
             Reference found at search path location "{RawFileName}".
             This reference is not "CopyLocal" because at least one source item had "Private" set to "false" and no source items had "Private" set to "true".
         Primary reference "System.Reflection.Extensions, Version=8.0.0.0, Culture=neutral, PublicKeyToken=b03f5f7f11d50a3a".
             Resolved file path is "C:\Program Files\dotnet\packs\Microsoft.NETCore.App.Ref\8.0.26\ref\net8.0\System.Reflection.Extensions.dll".
             Reference found at search path location "{RawFileName}".
             This reference is not "CopyLocal" because at least one source item had "Private" set to "false" and no source items had "Private" set to "true".
         Primary reference "System.Reflection.Metadata, Version=8.0.0.0, Culture=neutral, PublicKeyToken=b03f5f7f11d50a3a".
             Resolved file path is "C:\Program Files\dotnet\packs\Microsoft.NETCore.App.Ref\8.0.26\ref\net8.0\System.Reflection.Metadata.dll".
             Reference found at search path location "{RawFileName}".
             This reference is not "CopyLocal" because at least one source item had "Private" set to "false" and no source items had "Private" set to "true".
         Primary reference "System.Reflection.Primitives, Version=8.0.0.0, Culture=neutral, PublicKeyToken=b03f5f7f11d50a3a".
             Resolved file path is "C:\Program Files\dotnet\packs\Microsoft.NETCore.App.Ref\8.0.26\ref\net8.0\System.Reflection.Primitives.dll".
             Reference found at search path location "{RawFileName}".
             This reference is not "CopyLocal" because at least one source item had "Private" set to "false" and no source items had "Private" set to "true".
         Primary reference "System.Reflection.TypeExtensions, Version=8.0.0.0, Culture=neutral, PublicKeyToken=b03f5f7f11d50a3a".
             Resolved file path is "C:\Program Files\dotnet\packs\Microsoft.NETCore.App.Ref\8.0.26\ref\net8.0\System.Reflection.TypeExtensions.dll".
             Reference found at search path location "{RawFileName}".
             This reference is not "CopyLocal" because at least one source item had "Private" set to "false" and no source items had "Private" set to "true".
         Primary reference "System.Reflection, Version=8.0.0.0, Culture=neutral, PublicKeyToken=b03f5f7f11d50a3a".
             Resolved file path is "C:\Program Files\dotnet\packs\Microsoft.NETCore.App.Ref\8.0.26\ref\net8.0\System.Reflection.dll".
             Reference found at search path location "{RawFileName}".
             This reference is not "CopyLocal" because at least one source item had "Private" set to "false" and no source items had "Private" set to "true".
         Primary reference "System.Resources.Reader, Version=8.0.0.0, Culture=neutral, PublicKeyToken=b03f5f7f11d50a3a".
             Resolved file path is "C:\Program Files\dotnet\packs\Microsoft.NETCore.App.Ref\8.0.26\ref\net8.0\System.Resources.Reader.dll".
             Reference found at search path location "{RawFileName}".
             This reference is not "CopyLocal" because at least one source item had "Private" set to "false" and no source items had "Private" set to "true".
         Primary reference "System.Resources.ResourceManager, Version=8.0.0.0, Culture=neutral, PublicKeyToken=b03f5f7f11d50a3a".
             Resolved file path is "C:\Program Files\dotnet\packs\Microsoft.NETCore.App.Ref\8.0.26\ref\net8.0\System.Resources.ResourceManager.dll".
             Reference found at search path location "{RawFileName}".
             This reference is not "CopyLocal" because at least one source item had "Private" set to "false" and no source items had "Private" set to "true".
         Primary reference "System.Resources.Writer, Version=8.0.0.0, Culture=neutral, PublicKeyToken=b03f5f7f11d50a3a".
             Resolved file path is "C:\Program Files\dotnet\packs\Microsoft.NETCore.App.Ref\8.0.26\ref\net8.0\System.Resources.Writer.dll".
             Reference found at search path location "{RawFileName}".
             This reference is not "CopyLocal" because at least one source item had "Private" set to "false" and no source items had "Private" set to "true".
         Primary reference "System.Runtime.CompilerServices.Unsafe, Version=8.0.0.0, Culture=neutral, PublicKeyToken=b03f5f7f11d50a3a".
             Resolved file path is "C:\Program Files\dotnet\packs\Microsoft.NETCore.App.Ref\8.0.26\ref\net8.0\System.Runtime.CompilerServices.Unsafe.dll".
             Reference found at search path location "{RawFileName}".
             This reference is not "CopyLocal" because at least one source item had "Private" set to "false" and no source items had "Private" set to "true".
         Primary reference "System.Runtime.CompilerServices.VisualC, Version=8.0.0.0, Culture=neutral, PublicKeyToken=b03f5f7f11d50a3a".
             Resolved file path is "C:\Program Files\dotnet\packs\Microsoft.NETCore.App.Ref\8.0.26\ref\net8.0\System.Runtime.CompilerServices.VisualC.dll".
             Reference found at search path location "{RawFileName}".
             This reference is not "CopyLocal" because at least one source item had "Private" set to "false" and no source items had "Private" set to "true".
         Primary reference "System.Runtime.Extensions, Version=8.0.0.0, Culture=neutral, PublicKeyToken=b03f5f7f11d50a3a".
             Resolved file path is "C:\Program Files\dotnet\packs\Microsoft.NETCore.App.Ref\8.0.26\ref\net8.0\System.Runtime.Extensions.dll".
             Reference found at search path location "{RawFileName}".
             This reference is not "CopyLocal" because at least one source item had "Private" set to "false" and no source items had "Private" set to "true".
         Primary reference "System.Runtime.Handles, Version=8.0.0.0, Culture=neutral, PublicKeyToken=b03f5f7f11d50a3a".
             Resolved file path is "C:\Program Files\dotnet\packs\Microsoft.NETCore.App.Ref\8.0.26\ref\net8.0\System.Runtime.Handles.dll".
             Reference found at search path location "{RawFileName}".
             This reference is not "CopyLocal" because at least one source item had "Private" set to "false" and no source items had "Private" set to "true".
         Primary reference "System.Runtime.InteropServices.JavaScript, Version=8.0.0.0, Culture=neutral, PublicKeyToken=b03f5f7f11d50a3a".
             Resolved file path is "C:\Program Files\dotnet\packs\Microsoft.NETCore.App.Ref\8.0.26\ref\net8.0\System.Runtime.InteropServices.JavaScript.dll".
             Reference found at search path location "{RawFileName}".
             This reference is not "CopyLocal" because at least one source item had "Private" set to "false" and no source items had "Private" set to "true".
         Primary reference "System.Runtime.InteropServices.RuntimeInformation, Version=8.0.0.0, Culture=neutral, PublicKeyToken=b03f5f7f11d50a3a".
             Resolved file path is "C:\Program Files\dotnet\packs\Microsoft.NETCore.App.Ref\8.0.26\ref\net8.0\System.Runtime.InteropServices.RuntimeInformation.dll".
             Reference found at search path location "{RawFileName}".
             This reference is not "CopyLocal" because at least one source item had "Private" set to "false" and no source items had "Private" set to "true".
         Primary reference "System.Runtime.InteropServices, Version=8.0.0.0, Culture=neutral, PublicKeyToken=b03f5f7f11d50a3a".
             Resolved file path is "C:\Program Files\dotnet\packs\Microsoft.NETCore.App.Ref\8.0.26\ref\net8.0\System.Runtime.InteropServices.dll".
             Reference found at search path location "{RawFileName}".
             This reference is not "CopyLocal" because at least one source item had "Private" set to "false" and no source items had "Private" set to "true".
         Primary reference "System.Runtime.Intrinsics, Version=8.0.0.0, Culture=neutral, PublicKeyToken=cc7b13ffcd2ddd51".
             Resolved file path is "C:\Program Files\dotnet\packs\Microsoft.NETCore.App.Ref\8.0.26\ref\net8.0\System.Runtime.Intrinsics.dll".
             Reference found at search path location "{RawFileName}".
             This reference is not "CopyLocal" because at least one source item had "Private" set to "false" and no source items had "Private" set to "true".
         Primary reference "System.Runtime.Loader, Version=8.0.0.0, Culture=neutral, PublicKeyToken=b03f5f7f11d50a3a".
             Resolved file path is "C:\Program Files\dotnet\packs\Microsoft.NETCore.App.Ref\8.0.26\ref\net8.0\System.Runtime.Loader.dll".
             Reference found at search path location "{RawFileName}".
             This reference is not "CopyLocal" because at least one source item had "Private" set to "false" and no source items had "Private" set to "true".
         Primary reference "System.Runtime.Numerics, Version=8.0.0.0, Culture=neutral, PublicKeyToken=b03f5f7f11d50a3a".
             Resolved file path is "C:\Program Files\dotnet\packs\Microsoft.NETCore.App.Ref\8.0.26\ref\net8.0\System.Runtime.Numerics.dll".
             Reference found at search path location "{RawFileName}".
             This reference is not "CopyLocal" because at least one source item had "Private" set to "false" and no source items had "Private" set to "true".
         Primary reference "System.Runtime.Serialization.Formatters, Version=8.0.0.0, Culture=neutral, PublicKeyToken=b03f5f7f11d50a3a".
             Resolved file path is "C:\Program Files\dotnet\packs\Microsoft.NETCore.App.Ref\8.0.26\ref\net8.0\System.Runtime.Serialization.Formatters.dll".
             Reference found at search path location "{RawFileName}".
             This reference is not "CopyLocal" because at least one source item had "Private" set to "false" and no source items had "Private" set to "true".
         Primary reference "System.Runtime.Serialization.Json, Version=8.0.0.0, Culture=neutral, PublicKeyToken=b03f5f7f11d50a3a".
             Resolved file path is "C:\Program Files\dotnet\packs\Microsoft.NETCore.App.Ref\8.0.26\ref\net8.0\System.Runtime.Serialization.Json.dll".
             Reference found at search path location "{RawFileName}".
             This reference is not "CopyLocal" because at least one source item had "Private" set to "false" and no source items had "Private" set to "true".
         Primary reference "System.Runtime.Serialization.Primitives, Version=8.0.0.0, Culture=neutral, PublicKeyToken=b03f5f7f11d50a3a".
             Resolved file path is "C:\Program Files\dotnet\packs\Microsoft.NETCore.App.Ref\8.0.26\ref\net8.0\System.Runtime.Serialization.Primitives.dll".
             Reference found at search path location "{RawFileName}".
             This reference is not "CopyLocal" because at least one source item had "Private" set to "false" and no source items had "Private" set to "true".
         Primary reference "System.Runtime.Serialization.Xml, Version=8.0.0.0, Culture=neutral, PublicKeyToken=b03f5f7f11d50a3a".
             Resolved file path is "C:\Program Files\dotnet\packs\Microsoft.NETCore.App.Ref\8.0.26\ref\net8.0\System.Runtime.Serialization.Xml.dll".
             Reference found at search path location "{RawFileName}".
             This reference is not "CopyLocal" because at least one source item had "Private" set to "false" and no source items had "Private" set to "true".
         Primary reference "System.Runtime.Serialization, Version=4.0.0.0, Culture=neutral, PublicKeyToken=b77a5c561934e089".
             Resolved file path is "C:\Program Files\dotnet\packs\Microsoft.NETCore.App.Ref\8.0.26\ref\net8.0\System.Runtime.Serialization.dll".
             Reference found at search path location "{RawFileName}".
             This reference is not "CopyLocal" because at least one source item had "Private" set to "false" and no source items had "Private" set to "true".
         Primary reference "System.Runtime, Version=8.0.0.0, Culture=neutral, PublicKeyToken=b03f5f7f11d50a3a".
             Resolved file path is "C:\Program Files\dotnet\packs\Microsoft.NETCore.App.Ref\8.0.26\ref\net8.0\System.Runtime.dll".
             Reference found at search path location "{RawFileName}".
             This reference is not "CopyLocal" because at least one source item had "Private" set to "false" and no source items had "Private" set to "true".
         Primary reference "System.Security.AccessControl, Version=8.0.0.0, Culture=neutral, PublicKeyToken=b03f5f7f11d50a3a".
             Resolved file path is "C:\Program Files\dotnet\packs\Microsoft.NETCore.App.Ref\8.0.26\ref\net8.0\System.Security.AccessControl.dll".
             Reference found at search path location "{RawFileName}".
             This reference is not "CopyLocal" because at least one source item had "Private" set to "false" and no source items had "Private" set to "true".
         Primary reference "System.Security.Claims, Version=8.0.0.0, Culture=neutral, PublicKeyToken=b03f5f7f11d50a3a".
             Resolved file path is "C:\Program Files\dotnet\packs\Microsoft.NETCore.App.Ref\8.0.26\ref\net8.0\System.Security.Claims.dll".
             Reference found at search path location "{RawFileName}".
             This reference is not "CopyLocal" because at least one source item had "Private" set to "false" and no source items had "Private" set to "true".
         Primary reference "System.Security.Cryptography.Algorithms, Version=8.0.0.0, Culture=neutral, PublicKeyToken=b03f5f7f11d50a3a".
             Resolved file path is "C:\Program Files\dotnet\packs\Microsoft.NETCore.App.Ref\8.0.26\ref\net8.0\System.Security.Cryptography.Algorithms.dll".
             Reference found at search path location "{RawFileName}".
             This reference is not "CopyLocal" because at least one source item had "Private" set to "false" and no source items had "Private" set to "true".
         Primary reference "System.Security.Cryptography.Cng, Version=8.0.0.0, Culture=neutral, PublicKeyToken=b03f5f7f11d50a3a".
             Resolved file path is "C:\Program Files\dotnet\packs\Microsoft.NETCore.App.Ref\8.0.26\ref\net8.0\System.Security.Cryptography.Cng.dll".
             Reference found at search path location "{RawFileName}".
             This reference is not "CopyLocal" because at least one source item had "Private" set to "false" and no source items had "Private" set to "true".
         Primary reference "System.Security.Cryptography.Csp, Version=8.0.0.0, Culture=neutral, PublicKeyToken=b03f5f7f11d50a3a".
             Resolved file path is "C:\Program Files\dotnet\packs\Microsoft.NETCore.App.Ref\8.0.26\ref\net8.0\System.Security.Cryptography.Csp.dll".
             Reference found at search path location "{RawFileName}".
             This reference is not "CopyLocal" because at least one source item had "Private" set to "false" and no source items had "Private" set to "true".
         Primary reference "System.Security.Cryptography.Encoding, Version=8.0.0.0, Culture=neutral, PublicKeyToken=b03f5f7f11d50a3a".
             Resolved file path is "C:\Program Files\dotnet\packs\Microsoft.NETCore.App.Ref\8.0.26\ref\net8.0\System.Security.Cryptography.Encoding.dll".
             Reference found at search path location "{RawFileName}".
             This reference is not "CopyLocal" because at least one source item had "Private" set to "false" and no source items had "Private" set to "true".
         Primary reference "System.Security.Cryptography.OpenSsl, Version=8.0.0.0, Culture=neutral, PublicKeyToken=b03f5f7f11d50a3a".
             Resolved file path is "C:\Program Files\dotnet\packs\Microsoft.NETCore.App.Ref\8.0.26\ref\net8.0\System.Security.Cryptography.OpenSsl.dll".
             Reference found at search path location "{RawFileName}".
             This reference is not "CopyLocal" because at least one source item had "Private" set to "false" and no source items had "Private" set to "true".
         Primary reference "System.Security.Cryptography.Primitives, Version=8.0.0.0, Culture=neutral, PublicKeyToken=b03f5f7f11d50a3a".
             Resolved file path is "C:\Program Files\dotnet\packs\Microsoft.NETCore.App.Ref\8.0.26\ref\net8.0\System.Security.Cryptography.Primitives.dll".
             Reference found at search path location "{RawFileName}".
             This reference is not "CopyLocal" because at least one source item had "Private" set to "false" and no source items had "Private" set to "true".
         Primary reference "System.Security.Cryptography.X509Certificates, Version=8.0.0.0, Culture=neutral, PublicKeyToken=b03f5f7f11d50a3a".
             Resolved file path is "C:\Program Files\dotnet\packs\Microsoft.NETCore.App.Ref\8.0.26\ref\net8.0\System.Security.Cryptography.X509Certificates.dll".
             Reference found at search path location "{RawFileName}".
             This reference is not "CopyLocal" because at least one source item had "Private" set to "false" and no source items had "Private" set to "true".
         Primary reference "System.Security.Cryptography, Version=8.0.0.0, Culture=neutral, PublicKeyToken=b03f5f7f11d50a3a".
             Resolved file path is "C:\Program Files\dotnet\packs\Microsoft.NETCore.App.Ref\8.0.26\ref\net8.0\System.Security.Cryptography.dll".
             Reference found at search path location "{RawFileName}".
             This reference is not "CopyLocal" because at least one source item had "Private" set to "false" and no source items had "Private" set to "true".
         Primary reference "System.Security.Principal.Windows, Version=8.0.0.0, Culture=neutral, PublicKeyToken=b03f5f7f11d50a3a".
             Resolved file path is "C:\Program Files\dotnet\packs\Microsoft.NETCore.App.Ref\8.0.26\ref\net8.0\System.Security.Principal.Windows.dll".
             Reference found at search path location "{RawFileName}".
             This reference is not "CopyLocal" because at least one source item had "Private" set to "false" and no source items had "Private" set to "true".
         Primary reference "System.Security.Principal, Version=8.0.0.0, Culture=neutral, PublicKeyToken=b03f5f7f11d50a3a".
             Resolved file path is "C:\Program Files\dotnet\packs\Microsoft.NETCore.App.Ref\8.0.26\ref\net8.0\System.Security.Principal.dll".
             Reference found at search path location "{RawFileName}".
             This reference is not "CopyLocal" because at least one source item had "Private" set to "false" and no source items had "Private" set to "true".
         Primary reference "System.Security.SecureString, Version=8.0.0.0, Culture=neutral, PublicKeyToken=b03f5f7f11d50a3a".
             Resolved file path is "C:\Program Files\dotnet\packs\Microsoft.NETCore.App.Ref\8.0.26\ref\net8.0\System.Security.SecureString.dll".
             Reference found at search path location "{RawFileName}".
             This reference is not "CopyLocal" because at least one source item had "Private" set to "false" and no source items had "Private" set to "true".
         Primary reference "System.Security, Version=4.0.0.0, Culture=neutral, PublicKeyToken=b03f5f7f11d50a3a".
             Resolved file path is "C:\Program Files\dotnet\packs\Microsoft.NETCore.App.Ref\8.0.26\ref\net8.0\System.Security.dll".
             Reference found at search path location "{RawFileName}".
             This reference is not "CopyLocal" because at least one source item had "Private" set to "false" and no source items had "Private" set to "true".
         Primary reference "System.ServiceModel.Web, Version=4.0.0.0, Culture=neutral, PublicKeyToken=31bf3856ad364e35".
             Resolved file path is "C:\Program Files\dotnet\packs\Microsoft.NETCore.App.Ref\8.0.26\ref\net8.0\System.ServiceModel.Web.dll".
             Reference found at search path location "{RawFileName}".
             This reference is not "CopyLocal" because at least one source item had "Private" set to "false" and no source items had "Private" set to "true".
         Primary reference "System.ServiceProcess, Version=4.0.0.0, Culture=neutral, PublicKeyToken=b03f5f7f11d50a3a".
             Resolved file path is "C:\Program Files\dotnet\packs\Microsoft.NETCore.App.Ref\8.0.26\ref\net8.0\System.ServiceProcess.dll".
             Reference found at search path location "{RawFileName}".
             This reference is not "CopyLocal" because at least one source item had "Private" set to "false" and no source items had "Private" set to "true".
         Primary reference "System.Text.Encoding.CodePages, Version=8.0.0.0, Culture=neutral, PublicKeyToken=b03f5f7f11d50a3a".
             Resolved file path is "C:\Program Files\dotnet\packs\Microsoft.NETCore.App.Ref\8.0.26\ref\net8.0\System.Text.Encoding.CodePages.dll".
             Reference found at search path location "{RawFileName}".
             This reference is not "CopyLocal" because at least one source item had "Private" set to "false" and no source items had "Private" set to "true".
         Primary reference "System.Text.Encoding.Extensions, Version=8.0.0.0, Culture=neutral, PublicKeyToken=b03f5f7f11d50a3a".
             Resolved file path is "C:\Program Files\dotnet\packs\Microsoft.NETCore.App.Ref\8.0.26\ref\net8.0\System.Text.Encoding.Extensions.dll".
             Reference found at search path location "{RawFileName}".
             This reference is not "CopyLocal" because at least one source item had "Private" set to "false" and no source items had "Private" set to "true".
         Primary reference "System.Text.Encoding, Version=8.0.0.0, Culture=neutral, PublicKeyToken=b03f5f7f11d50a3a".
             Resolved file path is "C:\Program Files\dotnet\packs\Microsoft.NETCore.App.Ref\8.0.26\ref\net8.0\System.Text.Encoding.dll".
             Reference found at search path location "{RawFileName}".
             This reference is not "CopyLocal" because at least one source item had "Private" set to "false" and no source items had "Private" set to "true".
         Primary reference "System.Text.Encodings.Web, Version=8.0.0.0, Culture=neutral, PublicKeyToken=cc7b13ffcd2ddd51".
             Resolved file path is "C:\Program Files\dotnet\packs\Microsoft.NETCore.App.Ref\8.0.26\ref\net8.0\System.Text.Encodings.Web.dll".
             Reference found at search path location "{RawFileName}".
             This reference is not "CopyLocal" because at least one source item had "Private" set to "false" and no source items had "Private" set to "true".
         Primary reference "System.Text.Json, Version=8.0.0.0, Culture=neutral, PublicKeyToken=cc7b13ffcd2ddd51".
             Resolved file path is "C:\Program Files\dotnet\packs\Microsoft.NETCore.App.Ref\8.0.26\ref\net8.0\System.Text.Json.dll".
             Reference found at search path location "{RawFileName}".
             This reference is not "CopyLocal" because at least one source item had "Private" set to "false" and no source items had "Private" set to "true".
         Primary reference "System.Text.RegularExpressions, Version=8.0.0.0, Culture=neutral, PublicKeyToken=b03f5f7f11d50a3a".
             Resolved file path is "C:\Program Files\dotnet\packs\Microsoft.NETCore.App.Ref\8.0.26\ref\net8.0\System.Text.RegularExpressions.dll".
             Reference found at search path location "{RawFileName}".
             This reference is not "CopyLocal" because at least one source item had "Private" set to "false" and no source items had "Private" set to "true".
         Primary reference "System.Threading.Channels, Version=8.0.0.0, Culture=neutral, PublicKeyToken=cc7b13ffcd2ddd51".
             Resolved file path is "C:\Program Files\dotnet\packs\Microsoft.NETCore.App.Ref\8.0.26\ref\net8.0\System.Threading.Channels.dll".
             Reference found at search path location "{RawFileName}".
             This reference is not "CopyLocal" because at least one source item had "Private" set to "false" and no source items had "Private" set to "true".
         Primary reference "System.Threading.Overlapped, Version=8.0.0.0, Culture=neutral, PublicKeyToken=b03f5f7f11d50a3a".
             Resolved file path is "C:\Program Files\dotnet\packs\Microsoft.NETCore.App.Ref\8.0.26\ref\net8.0\System.Threading.Overlapped.dll".
             Reference found at search path location "{RawFileName}".
             This reference is not "CopyLocal" because at least one source item had "Private" set to "false" and no source items had "Private" set to "true".
         Primary reference "System.Threading.Tasks.Dataflow, Version=8.0.0.0, Culture=neutral, PublicKeyToken=b03f5f7f11d50a3a".
             Resolved file path is "C:\Program Files\dotnet\packs\Microsoft.NETCore.App.Ref\8.0.26\ref\net8.0\System.Threading.Tasks.Dataflow.dll".
             Reference found at search path location "{RawFileName}".
             This reference is not "CopyLocal" because at least one source item had "Private" set to "false" and no source items had "Private" set to "true".
         Primary reference "System.Threading.Tasks.Extensions, Version=8.0.0.0, Culture=neutral, PublicKeyToken=cc7b13ffcd2ddd51".
             Resolved file path is "C:\Program Files\dotnet\packs\Microsoft.NETCore.App.Ref\8.0.26\ref\net8.0\System.Threading.Tasks.Extensions.dll".
             Reference found at search path location "{RawFileName}".
             This reference is not "CopyLocal" because at least one source item had "Private" set to "false" and no source items had "Private" set to "true".
         Primary reference "System.Threading.Tasks.Parallel, Version=8.0.0.0, Culture=neutral, PublicKeyToken=b03f5f7f11d50a3a".
             Resolved file path is "C:\Program Files\dotnet\packs\Microsoft.NETCore.App.Ref\8.0.26\ref\net8.0\System.Threading.Tasks.Parallel.dll".
             Reference found at search path location "{RawFileName}".
             This reference is not "CopyLocal" because at least one source item had "Private" set to "false" and no source items had "Private" set to "true".
         Primary reference "System.Threading.Tasks, Version=8.0.0.0, Culture=neutral, PublicKeyToken=b03f5f7f11d50a3a".
             Resolved file path is "C:\Program Files\dotnet\packs\Microsoft.NETCore.App.Ref\8.0.26\ref\net8.0\System.Threading.Tasks.dll".
             Reference found at search path location "{RawFileName}".
             This reference is not "CopyLocal" because at least one source item had "Private" set to "false" and no source items had "Private" set to "true".
         Primary reference "System.Threading.Thread, Version=8.0.0.0, Culture=neutral, PublicKeyToken=b03f5f7f11d50a3a".
             Resolved file path is "C:\Program Files\dotnet\packs\Microsoft.NETCore.App.Ref\8.0.26\ref\net8.0\System.Threading.Thread.dll".
             Reference found at search path location "{RawFileName}".
             This reference is not "CopyLocal" because at least one source item had "Private" set to "false" and no source items had "Private" set to "true".
         Primary reference "System.Threading.ThreadPool, Version=8.0.0.0, Culture=neutral, PublicKeyToken=b03f5f7f11d50a3a".
             Resolved file path is "C:\Program Files\dotnet\packs\Microsoft.NETCore.App.Ref\8.0.26\ref\net8.0\System.Threading.ThreadPool.dll".
             Reference found at search path location "{RawFileName}".
             This reference is not "CopyLocal" because at least one source item had "Private" set to "false" and no source items had "Private" set to "true".
         Primary reference "System.Threading.Timer, Version=8.0.0.0, Culture=neutral, PublicKeyToken=b03f5f7f11d50a3a".
             Resolved file path is "C:\Program Files\dotnet\packs\Microsoft.NETCore.App.Ref\8.0.26\ref\net8.0\System.Threading.Timer.dll".
             Reference found at search path location "{RawFileName}".
             This reference is not "CopyLocal" because at least one source item had "Private" set to "false" and no source items had "Private" set to "true".
         Primary reference "System.Threading, Version=8.0.0.0, Culture=neutral, PublicKeyToken=b03f5f7f11d50a3a".
             Resolved file path is "C:\Program Files\dotnet\packs\Microsoft.NETCore.App.Ref\8.0.26\ref\net8.0\System.Threading.dll".
             Reference found at search path location "{RawFileName}".
             This reference is not "CopyLocal" because at least one source item had "Private" set to "false" and no source items had "Private" set to "true".
         Primary reference "System.Transactions.Local, Version=8.0.0.0, Culture=neutral, PublicKeyToken=cc7b13ffcd2ddd51".
             Resolved file path is "C:\Program Files\dotnet\packs\Microsoft.NETCore.App.Ref\8.0.26\ref\net8.0\System.Transactions.Local.dll".
             Reference found at search path location "{RawFileName}".
             This reference is not "CopyLocal" because at least one source item had "Private" set to "false" and no source items had "Private" set to "true".
         Primary reference "System.Transactions, Version=4.0.0.0, Culture=neutral, PublicKeyToken=b77a5c561934e089".
             Resolved file path is "C:\Program Files\dotnet\packs\Microsoft.NETCore.App.Ref\8.0.26\ref\net8.0\System.Transactions.dll".
             Reference found at search path location "{RawFileName}".
             This reference is not "CopyLocal" because at least one source item had "Private" set to "false" and no source items had "Private" set to "true".
         Primary reference "System.ValueTuple, Version=8.0.0.0, Culture=neutral, PublicKeyToken=cc7b13ffcd2ddd51".
             Resolved file path is "C:\Program Files\dotnet\packs\Microsoft.NETCore.App.Ref\8.0.26\ref\net8.0\System.ValueTuple.dll".
             Reference found at search path location "{RawFileName}".
             This reference is not "CopyLocal" because at least one source item had "Private" set to "false" and no source items had "Private" set to "true".
         Primary reference "System.Web.HttpUtility, Version=8.0.0.0, Culture=neutral, PublicKeyToken=cc7b13ffcd2ddd51".
             Resolved file path is "C:\Program Files\dotnet\packs\Microsoft.NETCore.App.Ref\8.0.26\ref\net8.0\System.Web.HttpUtility.dll".
             Reference found at search path location "{RawFileName}".
             This reference is not "CopyLocal" because at least one source item had "Private" set to "false" and no source items had "Private" set to "true".
         Primary reference "System.Web, Version=4.0.0.0, Culture=neutral, PublicKeyToken=b03f5f7f11d50a3a".
             Resolved file path is "C:\Program Files\dotnet\packs\Microsoft.NETCore.App.Ref\8.0.26\ref\net8.0\System.Web.dll".
             Reference found at search path location "{RawFileName}".
             This reference is not "CopyLocal" because at least one source item had "Private" set to "false" and no source items had "Private" set to "true".
         Primary reference "System.Windows, Version=4.0.0.0, Culture=neutral, PublicKeyToken=b03f5f7f11d50a3a".
             Resolved file path is "C:\Program Files\dotnet\packs\Microsoft.NETCore.App.Ref\8.0.26\ref\net8.0\System.Windows.dll".
             Reference found at search path location "{RawFileName}".
             This reference is not "CopyLocal" because at least one source item had "Private" set to "false" and no source items had "Private" set to "true".
         Primary reference "System.Xml.Linq, Version=4.0.0.0, Culture=neutral, PublicKeyToken=b77a5c561934e089".
             Resolved file path is "C:\Program Files\dotnet\packs\Microsoft.NETCore.App.Ref\8.0.26\ref\net8.0\System.Xml.Linq.dll".
             Reference found at search path location "{RawFileName}".
             This reference is not "CopyLocal" because at least one source item had "Private" set to "false" and no source items had "Private" set to "true".
         Primary reference "System.Xml.ReaderWriter, Version=8.0.0.0, Culture=neutral, PublicKeyToken=b03f5f7f11d50a3a".
             Resolved file path is "C:\Program Files\dotnet\packs\Microsoft.NETCore.App.Ref\8.0.26\ref\net8.0\System.Xml.ReaderWriter.dll".
             Reference found at search path location "{RawFileName}".
             This reference is not "CopyLocal" because at least one source item had "Private" set to "false" and no source items had "Private" set to "true".
         Primary reference "System.Xml.Serialization, Version=4.0.0.0, Culture=neutral, PublicKeyToken=b77a5c561934e089".
             Resolved file path is "C:\Program Files\dotnet\packs\Microsoft.NETCore.App.Ref\8.0.26\ref\net8.0\System.Xml.Serialization.dll".
             Reference found at search path location "{RawFileName}".
             This reference is not "CopyLocal" because at least one source item had "Private" set to "false" and no source items had "Private" set to "true".
         Primary reference "System.Xml.XDocument, Version=8.0.0.0, Culture=neutral, PublicKeyToken=b03f5f7f11d50a3a".
             Resolved file path is "C:\Program Files\dotnet\packs\Microsoft.NETCore.App.Ref\8.0.26\ref\net8.0\System.Xml.XDocument.dll".
             Reference found at search path location "{RawFileName}".
             This reference is not "CopyLocal" because at least one source item had "Private" set to "false" and no source items had "Private" set to "true".
         Primary reference "System.Xml.XPath.XDocument, Version=8.0.0.0, Culture=neutral, PublicKeyToken=b03f5f7f11d50a3a".
             Resolved file path is "C:\Program Files\dotnet\packs\Microsoft.NETCore.App.Ref\8.0.26\ref\net8.0\System.Xml.XPath.XDocument.dll".
             Reference found at search path location "{RawFileName}".
             This reference is not "CopyLocal" because at least one source item had "Private" set to "false" and no source items had "Private" set to "true".
         Primary reference "System.Xml.XPath, Version=8.0.0.0, Culture=neutral, PublicKeyToken=b03f5f7f11d50a3a".
             Resolved file path is "C:\Program Files\dotnet\packs\Microsoft.NETCore.App.Ref\8.0.26\ref\net8.0\System.Xml.XPath.dll".
             Reference found at search path location "{RawFileName}".
             This reference is not "CopyLocal" because at least one source item had "Private" set to "false" and no source items had "Private" set to "true".
         Primary reference "System.Xml.XmlDocument, Version=8.0.0.0, Culture=neutral, PublicKeyToken=b03f5f7f11d50a3a".
             Resolved file path is "C:\Program Files\dotnet\packs\Microsoft.NETCore.App.Ref\8.0.26\ref\net8.0\System.Xml.XmlDocument.dll".
             Reference found at search path location "{RawFileName}".
             This reference is not "CopyLocal" because at least one source item had "Private" set to "false" and no source items had "Private" set to "true".
         Primary reference "System.Xml.XmlSerializer, Version=8.0.0.0, Culture=neutral, PublicKeyToken=b03f5f7f11d50a3a".
             Resolved file path is "C:\Program Files\dotnet\packs\Microsoft.NETCore.App.Ref\8.0.26\ref\net8.0\System.Xml.XmlSerializer.dll".
             Reference found at search path location "{RawFileName}".
             This reference is not "CopyLocal" because at least one source item had "Private" set to "false" and no source items had "Private" set to "true".
         Primary reference "System.Xml, Version=4.0.0.0, Culture=neutral, PublicKeyToken=b77a5c561934e089".
             Resolved file path is "C:\Program Files\dotnet\packs\Microsoft.NETCore.App.Ref\8.0.26\ref\net8.0\System.Xml.dll".
             Reference found at search path location "{RawFileName}".
             This reference is not "CopyLocal" because at least one source item had "Private" set to "false" and no source items had "Private" set to "true".
         Primary reference "System, Version=4.0.0.0, Culture=neutral, PublicKeyToken=b77a5c561934e089".
             Resolved file path is "C:\Program Files\dotnet\packs\Microsoft.NETCore.App.Ref\8.0.26\ref\net8.0\System.dll".
             Reference found at search path location "{RawFileName}".
             This reference is not "CopyLocal" because at least one source item had "Private" set to "false" and no source items had "Private" set to "true".
         Primary reference "WindowsBase, Version=4.0.0.0, Culture=neutral, PublicKeyToken=31bf3856ad364e35".
             Resolved file path is "C:\Program Files\dotnet\packs\Microsoft.NETCore.App.Ref\8.0.26\ref\net8.0\WindowsBase.dll".
             Reference found at search path location "{RawFileName}".
             This reference is not "CopyLocal" because at least one source item had "Private" set to "false" and no source items had "Private" set to "true".
         Primary reference "mscorlib, Version=4.0.0.0, Culture=neutral, PublicKeyToken=b77a5c561934e089".
             Resolved file path is "C:\Program Files\dotnet\packs\Microsoft.NETCore.App.Ref\8.0.26\ref\net8.0\mscorlib.dll".
             Reference found at search path location "{RawFileName}".
             This reference is not "CopyLocal" because at least one source item had "Private" set to "false" and no source items had "Private" set to "true".
         Primary reference "netstandard, Version=2.1.0.0, Culture=neutral, PublicKeyToken=cc7b13ffcd2ddd51".
             Resolved file path is "C:\Program Files\dotnet\packs\Microsoft.NETCore.App.Ref\8.0.26\ref\net8.0\netstandard.dll".
             Reference found at search path location "{RawFileName}".
             This reference is not "CopyLocal" because at least one source item had "Private" set to "false" and no source items had "Private" set to "true".
         Primary reference "Microsoft.AspNetCore.Antiforgery, Version=8.0.0.0, Culture=neutral, PublicKeyToken=adb9793829ddae60".
             Resolved file path is "C:\Program Files\dotnet\packs\Microsoft.AspNetCore.App.Ref\8.0.26\ref\net8.0\Microsoft.AspNetCore.Antiforgery.dll".
             Reference found at search path location "{RawFileName}".
             This reference is not "CopyLocal" because at least one source item had "Private" set to "false" and no source items had "Private" set to "true".
         Primary reference "Microsoft.AspNetCore.Authentication.Abstractions, Version=8.0.0.0, Culture=neutral, PublicKeyToken=adb9793829ddae60".
             Resolved file path is "C:\Program Files\dotnet\packs\Microsoft.AspNetCore.App.Ref\8.0.26\ref\net8.0\Microsoft.AspNetCore.Authentication.Abstractions.dll".
             Reference found at search path location "{RawFileName}".
             This reference is not "CopyLocal" because at least one source item had "Private" set to "false" and no source items had "Private" set to "true".
         Primary reference "Microsoft.AspNetCore.Authentication.BearerToken, Version=8.0.0.0, Culture=neutral, PublicKeyToken=adb9793829ddae60".
             Resolved file path is "C:\Program Files\dotnet\packs\Microsoft.AspNetCore.App.Ref\8.0.26\ref\net8.0\Microsoft.AspNetCore.Authentication.BearerToken.dll".
             Reference found at search path location "{RawFileName}".
             This reference is not "CopyLocal" because at least one source item had "Private" set to "false" and no source items had "Private" set to "true".
         Primary reference "Microsoft.AspNetCore.Authentication.Cookies, Version=8.0.0.0, Culture=neutral, PublicKeyToken=adb9793829ddae60".
             Resolved file path is "C:\Program Files\dotnet\packs\Microsoft.AspNetCore.App.Ref\8.0.26\ref\net8.0\Microsoft.AspNetCore.Authentication.Cookies.dll".
             Reference found at search path location "{RawFileName}".
             This reference is not "CopyLocal" because at least one source item had "Private" set to "false" and no source items had "Private" set to "true".
         Primary reference "Microsoft.AspNetCore.Authentication.Core, Version=8.0.0.0, Culture=neutral, PublicKeyToken=adb9793829ddae60".
             Resolved file path is "C:\Program Files\dotnet\packs\Microsoft.AspNetCore.App.Ref\8.0.26\ref\net8.0\Microsoft.AspNetCore.Authentication.Core.dll".
             Reference found at search path location "{RawFileName}".
             This reference is not "CopyLocal" because at least one source item had "Private" set to "false" and no source items had "Private" set to "true".
         Primary reference "Microsoft.AspNetCore.Authentication.OAuth, Version=8.0.0.0, Culture=neutral, PublicKeyToken=adb9793829ddae60".
             Resolved file path is "C:\Program Files\dotnet\packs\Microsoft.AspNetCore.App.Ref\8.0.26\ref\net8.0\Microsoft.AspNetCore.Authentication.OAuth.dll".
             Reference found at search path location "{RawFileName}".
             This reference is not "CopyLocal" because at least one source item had "Private" set to "false" and no source items had "Private" set to "true".
         Primary reference "Microsoft.AspNetCore.Authentication, Version=8.0.0.0, Culture=neutral, PublicKeyToken=adb9793829ddae60".
             Resolved file path is "C:\Program Files\dotnet\packs\Microsoft.AspNetCore.App.Ref\8.0.26\ref\net8.0\Microsoft.AspNetCore.Authentication.dll".
             Reference found at search path location "{RawFileName}".
             This reference is not "CopyLocal" because at least one source item had "Private" set to "false" and no source items had "Private" set to "true".
         Primary reference "Microsoft.AspNetCore.Authorization.Policy, Version=8.0.0.0, Culture=neutral, PublicKeyToken=adb9793829ddae60".
             Resolved file path is "C:\Program Files\dotnet\packs\Microsoft.AspNetCore.App.Ref\8.0.26\ref\net8.0\Microsoft.AspNetCore.Authorization.Policy.dll".
             Reference found at search path location "{RawFileName}".
             This reference is not "CopyLocal" because at least one source item had "Private" set to "false" and no source items had "Private" set to "true".
         Primary reference "Microsoft.AspNetCore.Authorization, Version=8.0.0.0, Culture=neutral, PublicKeyToken=adb9793829ddae60".
             Resolved file path is "C:\Program Files\dotnet\packs\Microsoft.AspNetCore.App.Ref\8.0.26\ref\net8.0\Microsoft.AspNetCore.Authorization.dll".
             Reference found at search path location "{RawFileName}".
             This reference is not "CopyLocal" because at least one source item had "Private" set to "false" and no source items had "Private" set to "true".
         Primary reference "Microsoft.AspNetCore.Components.Authorization, Version=8.0.0.0, Culture=neutral, PublicKeyToken=adb9793829ddae60".
             Resolved file path is "C:\Program Files\dotnet\packs\Microsoft.AspNetCore.App.Ref\8.0.26\ref\net8.0\Microsoft.AspNetCore.Components.Authorization.dll".
             Reference found at search path location "{RawFileName}".
             This reference is not "CopyLocal" because at least one source item had "Private" set to "false" and no source items had "Private" set to "true".
         Primary reference "Microsoft.AspNetCore.Components.Endpoints, Version=8.0.0.0, Culture=neutral, PublicKeyToken=adb9793829ddae60".
             Resolved file path is "C:\Program Files\dotnet\packs\Microsoft.AspNetCore.App.Ref\8.0.26\ref\net8.0\Microsoft.AspNetCore.Components.Endpoints.dll".
             Reference found at search path location "{RawFileName}".
             This reference is not "CopyLocal" because at least one source item had "Private" set to "false" and no source items had "Private" set to "true".
         Primary reference "Microsoft.AspNetCore.Components.Forms, Version=8.0.0.0, Culture=neutral, PublicKeyToken=adb9793829ddae60".
             Resolved file path is "C:\Program Files\dotnet\packs\Microsoft.AspNetCore.App.Ref\8.0.26\ref\net8.0\Microsoft.AspNetCore.Components.Forms.dll".
             Reference found at search path location "{RawFileName}".
             This reference is not "CopyLocal" because at least one source item had "Private" set to "false" and no source items had "Private" set to "true".
         Primary reference "Microsoft.AspNetCore.Components.Server, Version=8.0.0.0, Culture=neutral, PublicKeyToken=adb9793829ddae60".
             Resolved file path is "C:\Program Files\dotnet\packs\Microsoft.AspNetCore.App.Ref\8.0.26\ref\net8.0\Microsoft.AspNetCore.Components.Server.dll".
             Reference found at search path location "{RawFileName}".
             This reference is not "CopyLocal" because at least one source item had "Private" set to "false" and no source items had "Private" set to "true".
         Primary reference "Microsoft.AspNetCore.Components.Web, Version=8.0.0.0, Culture=neutral, PublicKeyToken=adb9793829ddae60".
             Resolved file path is "C:\Program Files\dotnet\packs\Microsoft.AspNetCore.App.Ref\8.0.26\ref\net8.0\Microsoft.AspNetCore.Components.Web.dll".
             Reference found at search path location "{RawFileName}".
             This reference is not "CopyLocal" because at least one source item had "Private" set to "false" and no source items had "Private" set to "true".
         Primary reference "Microsoft.AspNetCore.Components, Version=8.0.0.0, Culture=neutral, PublicKeyToken=adb9793829ddae60".
             Resolved file path is "C:\Program Files\dotnet\packs\Microsoft.AspNetCore.App.Ref\8.0.26\ref\net8.0\Microsoft.AspNetCore.Components.dll".
             Reference found at search path location "{RawFileName}".
             This reference is not "CopyLocal" because at least one source item had "Private" set to "false" and no source items had "Private" set to "true".
         Primary reference "Microsoft.AspNetCore.Connections.Abstractions, Version=8.0.0.0, Culture=neutral, PublicKeyToken=adb9793829ddae60".
             Resolved file path is "C:\Program Files\dotnet\packs\Microsoft.AspNetCore.App.Ref\8.0.26\ref\net8.0\Microsoft.AspNetCore.Connections.Abstractions.dll".
             Reference found at search path location "{RawFileName}".
             This reference is not "CopyLocal" because at least one source item had "Private" set to "false" and no source items had "Private" set to "true".
         Primary reference "Microsoft.AspNetCore.CookiePolicy, Version=8.0.0.0, Culture=neutral, PublicKeyToken=adb9793829ddae60".
             Resolved file path is "C:\Program Files\dotnet\packs\Microsoft.AspNetCore.App.Ref\8.0.26\ref\net8.0\Microsoft.AspNetCore.CookiePolicy.dll".
             Reference found at search path location "{RawFileName}".
             This reference is not "CopyLocal" because at least one source item had "Private" set to "false" and no source items had "Private" set to "true".
         Primary reference "Microsoft.AspNetCore.Cors, Version=8.0.0.0, Culture=neutral, PublicKeyToken=adb9793829ddae60".
             Resolved file path is "C:\Program Files\dotnet\packs\Microsoft.AspNetCore.App.Ref\8.0.26\ref\net8.0\Microsoft.AspNetCore.Cors.dll".
             Reference found at search path location "{RawFileName}".
             This reference is not "CopyLocal" because at least one source item had "Private" set to "false" and no source items had "Private" set to "true".
         Primary reference "Microsoft.AspNetCore.Cryptography.Internal, Version=8.0.0.0, Culture=neutral, PublicKeyToken=adb9793829ddae60".
             Resolved file path is "C:\Program Files\dotnet\packs\Microsoft.AspNetCore.App.Ref\8.0.26\ref\net8.0\Microsoft.AspNetCore.Cryptography.Internal.dll".
             Reference found at search path location "{RawFileName}".
             This reference is not "CopyLocal" because at least one source item had "Private" set to "false" and no source items had "Private" set to "true".
         Primary reference "Microsoft.AspNetCore.Cryptography.KeyDerivation, Version=8.0.0.0, Culture=neutral, PublicKeyToken=adb9793829ddae60".
             Resolved file path is "C:\Program Files\dotnet\packs\Microsoft.AspNetCore.App.Ref\8.0.26\ref\net8.0\Microsoft.AspNetCore.Cryptography.KeyDerivation.dll".
             Reference found at search path location "{RawFileName}".
             This reference is not "CopyLocal" because at least one source item had "Private" set to "false" and no source items had "Private" set to "true".
         Primary reference "Microsoft.AspNetCore.DataProtection.Abstractions, Version=8.0.0.0, Culture=neutral, PublicKeyToken=adb9793829ddae60".
             Resolved file path is "C:\Program Files\dotnet\packs\Microsoft.AspNetCore.App.Ref\8.0.26\ref\net8.0\Microsoft.AspNetCore.DataProtection.Abstractions.dll".
             Reference found at search path location "{RawFileName}".
             This reference is not "CopyLocal" because at least one source item had "Private" set to "false" and no source items had "Private" set to "true".
         Primary reference "Microsoft.AspNetCore.DataProtection.Extensions, Version=8.0.0.0, Culture=neutral, PublicKeyToken=adb9793829ddae60".
             Resolved file path is "C:\Program Files\dotnet\packs\Microsoft.AspNetCore.App.Ref\8.0.26\ref\net8.0\Microsoft.AspNetCore.DataProtection.Extensions.dll".
             Reference found at search path location "{RawFileName}".
             This reference is not "CopyLocal" because at least one source item had "Private" set to "false" and no source items had "Private" set to "true".
         Primary reference "Microsoft.AspNetCore.DataProtection, Version=8.0.0.0, Culture=neutral, PublicKeyToken=adb9793829ddae60".
             Resolved file path is "C:\Program Files\dotnet\packs\Microsoft.AspNetCore.App.Ref\8.0.26\ref\net8.0\Microsoft.AspNetCore.DataProtection.dll".
             Reference found at search path location "{RawFileName}".
             This reference is not "CopyLocal" because at least one source item had "Private" set to "false" and no source items had "Private" set to "true".
         Primary reference "Microsoft.AspNetCore.Diagnostics.Abstractions, Version=8.0.0.0, Culture=neutral, PublicKeyToken=adb9793829ddae60".
             Resolved file path is "C:\Program Files\dotnet\packs\Microsoft.AspNetCore.App.Ref\8.0.26\ref\net8.0\Microsoft.AspNetCore.Diagnostics.Abstractions.dll".
             Reference found at search path location "{RawFileName}".
             This reference is not "CopyLocal" because at least one source item had "Private" set to "false" and no source items had "Private" set to "true".
         Primary reference "Microsoft.AspNetCore.Diagnostics.HealthChecks, Version=8.0.0.0, Culture=neutral, PublicKeyToken=adb9793829ddae60".
             Resolved file path is "C:\Program Files\dotnet\packs\Microsoft.AspNetCore.App.Ref\8.0.26\ref\net8.0\Microsoft.AspNetCore.Diagnostics.HealthChecks.dll".
             Reference found at search path location "{RawFileName}".
             This reference is not "CopyLocal" because at least one source item had "Private" set to "false" and no source items had "Private" set to "true".
         Primary reference "Microsoft.AspNetCore.Diagnostics, Version=8.0.0.0, Culture=neutral, PublicKeyToken=adb9793829ddae60".
             Resolved file path is "C:\Program Files\dotnet\packs\Microsoft.AspNetCore.App.Ref\8.0.26\ref\net8.0\Microsoft.AspNetCore.Diagnostics.dll".
             Reference found at search path location "{RawFileName}".
             This reference is not "CopyLocal" because at least one source item had "Private" set to "false" and no source items had "Private" set to "true".
         Primary reference "Microsoft.AspNetCore.HostFiltering, Version=8.0.0.0, Culture=neutral, PublicKeyToken=adb9793829ddae60".
             Resolved file path is "C:\Program Files\dotnet\packs\Microsoft.AspNetCore.App.Ref\8.0.26\ref\net8.0\Microsoft.AspNetCore.HostFiltering.dll".
             Reference found at search path location "{RawFileName}".
             This reference is not "CopyLocal" because at least one source item had "Private" set to "false" and no source items had "Private" set to "true".
         Primary reference "Microsoft.AspNetCore.Hosting.Abstractions, Version=8.0.0.0, Culture=neutral, PublicKeyToken=adb9793829ddae60".
             Resolved file path is "C:\Program Files\dotnet\packs\Microsoft.AspNetCore.App.Ref\8.0.26\ref\net8.0\Microsoft.AspNetCore.Hosting.Abstractions.dll".
             Reference found at search path location "{RawFileName}".
             This reference is not "CopyLocal" because at least one source item had "Private" set to "false" and no source items had "Private" set to "true".
         Primary reference "Microsoft.AspNetCore.Hosting.Server.Abstractions, Version=8.0.0.0, Culture=neutral, PublicKeyToken=adb9793829ddae60".
             Resolved file path is "C:\Program Files\dotnet\packs\Microsoft.AspNetCore.App.Ref\8.0.26\ref\net8.0\Microsoft.AspNetCore.Hosting.Server.Abstractions.dll".
             Reference found at search path location "{RawFileName}".
             This reference is not "CopyLocal" because at least one source item had "Private" set to "false" and no source items had "Private" set to "true".
         Primary reference "Microsoft.AspNetCore.Hosting, Version=8.0.0.0, Culture=neutral, PublicKeyToken=adb9793829ddae60".
             Resolved file path is "C:\Program Files\dotnet\packs\Microsoft.AspNetCore.App.Ref\8.0.26\ref\net8.0\Microsoft.AspNetCore.Hosting.dll".
             Reference found at search path location "{RawFileName}".
             This reference is not "CopyLocal" because at least one source item had "Private" set to "false" and no source items had "Private" set to "true".
         Primary reference "Microsoft.AspNetCore.Html.Abstractions, Version=8.0.0.0, Culture=neutral, PublicKeyToken=adb9793829ddae60".
             Resolved file path is "C:\Program Files\dotnet\packs\Microsoft.AspNetCore.App.Ref\8.0.26\ref\net8.0\Microsoft.AspNetCore.Html.Abstractions.dll".
             Reference found at search path location "{RawFileName}".
             This reference is not "CopyLocal" because at least one source item had "Private" set to "false" and no source items had "Private" set to "true".
         Primary reference "Microsoft.AspNetCore.Http.Abstractions, Version=8.0.0.0, Culture=neutral, PublicKeyToken=adb9793829ddae60".
             Resolved file path is "C:\Program Files\dotnet\packs\Microsoft.AspNetCore.App.Ref\8.0.26\ref\net8.0\Microsoft.AspNetCore.Http.Abstractions.dll".
             Reference found at search path location "{RawFileName}".
             This reference is not "CopyLocal" because at least one source item had "Private" set to "false" and no source items had "Private" set to "true".
         Primary reference "Microsoft.AspNetCore.Http.Connections.Common, Version=8.0.0.0, Culture=neutral, PublicKeyToken=adb9793829ddae60".
             Resolved file path is "C:\Program Files\dotnet\packs\Microsoft.AspNetCore.App.Ref\8.0.26\ref\net8.0\Microsoft.AspNetCore.Http.Connections.Common.dll".
             Reference found at search path location "{RawFileName}".
             This reference is not "CopyLocal" because at least one source item had "Private" set to "false" and no source items had "Private" set to "true".
         Primary reference "Microsoft.AspNetCore.Http.Connections, Version=8.0.0.0, Culture=neutral, PublicKeyToken=adb9793829ddae60".
             Resolved file path is "C:\Program Files\dotnet\packs\Microsoft.AspNetCore.App.Ref\8.0.26\ref\net8.0\Microsoft.AspNetCore.Http.Connections.dll".
             Reference found at search path location "{RawFileName}".
             This reference is not "CopyLocal" because at least one source item had "Private" set to "false" and no source items had "Private" set to "true".
         Primary reference "Microsoft.AspNetCore.Http.Extensions, Version=8.0.0.0, Culture=neutral, PublicKeyToken=adb9793829ddae60".
             Resolved file path is "C:\Program Files\dotnet\packs\Microsoft.AspNetCore.App.Ref\8.0.26\ref\net8.0\Microsoft.AspNetCore.Http.Extensions.dll".
             Reference found at search path location "{RawFileName}".
             This reference is not "CopyLocal" because at least one source item had "Private" set to "false" and no source items had "Private" set to "true".
         Primary reference "Microsoft.AspNetCore.Http.Features, Version=8.0.0.0, Culture=neutral, PublicKeyToken=adb9793829ddae60".
             Resolved file path is "C:\Program Files\dotnet\packs\Microsoft.AspNetCore.App.Ref\8.0.26\ref\net8.0\Microsoft.AspNetCore.Http.Features.dll".
             Reference found at search path location "{RawFileName}".
             This reference is not "CopyLocal" because at least one source item had "Private" set to "false" and no source items had "Private" set to "true".
         Primary reference "Microsoft.AspNetCore.Http.Results, Version=8.0.0.0, Culture=neutral, PublicKeyToken=adb9793829ddae60".
             Resolved file path is "C:\Program Files\dotnet\packs\Microsoft.AspNetCore.App.Ref\8.0.26\ref\net8.0\Microsoft.AspNetCore.Http.Results.dll".
             Reference found at search path location "{RawFileName}".
             This reference is not "CopyLocal" because at least one source item had "Private" set to "false" and no source items had "Private" set to "true".
         Primary reference "Microsoft.AspNetCore.Http, Version=8.0.0.0, Culture=neutral, PublicKeyToken=adb9793829ddae60".
             Resolved file path is "C:\Program Files\dotnet\packs\Microsoft.AspNetCore.App.Ref\8.0.26\ref\net8.0\Microsoft.AspNetCore.Http.dll".
             Reference found at search path location "{RawFileName}".
             This reference is not "CopyLocal" because at least one source item had "Private" set to "false" and no source items had "Private" set to "true".
         Primary reference "Microsoft.AspNetCore.HttpLogging, Version=8.0.0.0, Culture=neutral, PublicKeyToken=adb9793829ddae60".
             Resolved file path is "C:\Program Files\dotnet\packs\Microsoft.AspNetCore.App.Ref\8.0.26\ref\net8.0\Microsoft.AspNetCore.HttpLogging.dll".
             Reference found at search path location "{RawFileName}".
             This reference is not "CopyLocal" because at least one source item had "Private" set to "false" and no source items had "Private" set to "true".
         Primary reference "Microsoft.AspNetCore.HttpOverrides, Version=8.0.0.0, Culture=neutral, PublicKeyToken=adb9793829ddae60".
             Resolved file path is "C:\Program Files\dotnet\packs\Microsoft.AspNetCore.App.Ref\8.0.26\ref\net8.0\Microsoft.AspNetCore.HttpOverrides.dll".
             Reference found at search path location "{RawFileName}".
             This reference is not "CopyLocal" because at least one source item had "Private" set to "false" and no source items had "Private" set to "true".
         Primary reference "Microsoft.AspNetCore.HttpsPolicy, Version=8.0.0.0, Culture=neutral, PublicKeyToken=adb9793829ddae60".
             Resolved file path is "C:\Program Files\dotnet\packs\Microsoft.AspNetCore.App.Ref\8.0.26\ref\net8.0\Microsoft.AspNetCore.HttpsPolicy.dll".
             Reference found at search path location "{RawFileName}".
             This reference is not "CopyLocal" because at least one source item had "Private" set to "false" and no source items had "Private" set to "true".
         Primary reference "Microsoft.AspNetCore.Identity, Version=8.0.0.0, Culture=neutral, PublicKeyToken=adb9793829ddae60".
             Resolved file path is "C:\Program Files\dotnet\packs\Microsoft.AspNetCore.App.Ref\8.0.26\ref\net8.0\Microsoft.AspNetCore.Identity.dll".
             Reference found at search path location "{RawFileName}".
             This reference is not "CopyLocal" because at least one source item had "Private" set to "false" and no source items had "Private" set to "true".
         Primary reference "Microsoft.AspNetCore.Localization.Routing, Version=8.0.0.0, Culture=neutral, PublicKeyToken=adb9793829ddae60".
             Resolved file path is "C:\Program Files\dotnet\packs\Microsoft.AspNetCore.App.Ref\8.0.26\ref\net8.0\Microsoft.AspNetCore.Localization.Routing.dll".
             Reference found at search path location "{RawFileName}".
             This reference is not "CopyLocal" because at least one source item had "Private" set to "false" and no source items had "Private" set to "true".
         Primary reference "Microsoft.AspNetCore.Localization, Version=8.0.0.0, Culture=neutral, PublicKeyToken=adb9793829ddae60".
             Resolved file path is "C:\Program Files\dotnet\packs\Microsoft.AspNetCore.App.Ref\8.0.26\ref\net8.0\Microsoft.AspNetCore.Localization.dll".
             Reference found at search path location "{RawFileName}".
             This reference is not "CopyLocal" because at least one source item had "Private" set to "false" and no source items had "Private" set to "true".
         Primary reference "Microsoft.AspNetCore.Metadata, Version=8.0.0.0, Culture=neutral, PublicKeyToken=adb9793829ddae60".
             Resolved file path is "C:\Program Files\dotnet\packs\Microsoft.AspNetCore.App.Ref\8.0.26\ref\net8.0\Microsoft.AspNetCore.Metadata.dll".
             Reference found at search path location "{RawFileName}".
             This reference is not "CopyLocal" because at least one source item had "Private" set to "false" and no source items had "Private" set to "true".
         Primary reference "Microsoft.AspNetCore.Mvc.Abstractions, Version=8.0.0.0, Culture=neutral, PublicKeyToken=adb9793829ddae60".
             Resolved file path is "C:\Program Files\dotnet\packs\Microsoft.AspNetCore.App.Ref\8.0.26\ref\net8.0\Microsoft.AspNetCore.Mvc.Abstractions.dll".
             Reference found at search path location "{RawFileName}".
             This reference is not "CopyLocal" because at least one source item had "Private" set to "false" and no source items had "Private" set to "true".
         Primary reference "Microsoft.AspNetCore.Mvc.ApiExplorer, Version=8.0.0.0, Culture=neutral, PublicKeyToken=adb9793829ddae60".
             Resolved file path is "C:\Program Files\dotnet\packs\Microsoft.AspNetCore.App.Ref\8.0.26\ref\net8.0\Microsoft.AspNetCore.Mvc.ApiExplorer.dll".
             Reference found at search path location "{RawFileName}".
             This reference is not "CopyLocal" because at least one source item had "Private" set to "false" and no source items had "Private" set to "true".
         Primary reference "Microsoft.AspNetCore.Mvc.Core, Version=8.0.0.0, Culture=neutral, PublicKeyToken=adb9793829ddae60".
             Resolved file path is "C:\Program Files\dotnet\packs\Microsoft.AspNetCore.App.Ref\8.0.26\ref\net8.0\Microsoft.AspNetCore.Mvc.Core.dll".
             Reference found at search path location "{RawFileName}".
             This reference is not "CopyLocal" because at least one source item had "Private" set to "false" and no source items had "Private" set to "true".
         Primary reference "Microsoft.AspNetCore.Mvc.Cors, Version=8.0.0.0, Culture=neutral, PublicKeyToken=adb9793829ddae60".
             Resolved file path is "C:\Program Files\dotnet\packs\Microsoft.AspNetCore.App.Ref\8.0.26\ref\net8.0\Microsoft.AspNetCore.Mvc.Cors.dll".
             Reference found at search path location "{RawFileName}".
             This reference is not "CopyLocal" because at least one source item had "Private" set to "false" and no source items had "Private" set to "true".
         Primary reference "Microsoft.AspNetCore.Mvc.DataAnnotations, Version=8.0.0.0, Culture=neutral, PublicKeyToken=adb9793829ddae60".
             Resolved file path is "C:\Program Files\dotnet\packs\Microsoft.AspNetCore.App.Ref\8.0.26\ref\net8.0\Microsoft.AspNetCore.Mvc.DataAnnotations.dll".
             Reference found at search path location "{RawFileName}".
             This reference is not "CopyLocal" because at least one source item had "Private" set to "false" and no source items had "Private" set to "true".
         Primary reference "Microsoft.AspNetCore.Mvc.Formatters.Json, Version=8.0.0.0, Culture=neutral, PublicKeyToken=adb9793829ddae60".
             Resolved file path is "C:\Program Files\dotnet\packs\Microsoft.AspNetCore.App.Ref\8.0.26\ref\net8.0\Microsoft.AspNetCore.Mvc.Formatters.Json.dll".
             Reference found at search path location "{RawFileName}".
             This reference is not "CopyLocal" because at least one source item had "Private" set to "false" and no source items had "Private" set to "true".
         Primary reference "Microsoft.AspNetCore.Mvc.Formatters.Xml, Version=8.0.0.0, Culture=neutral, PublicKeyToken=adb9793829ddae60".
             Resolved file path is "C:\Program Files\dotnet\packs\Microsoft.AspNetCore.App.Ref\8.0.26\ref\net8.0\Microsoft.AspNetCore.Mvc.Formatters.Xml.dll".
             Reference found at search path location "{RawFileName}".
             This reference is not "CopyLocal" because at least one source item had "Private" set to "false" and no source items had "Private" set to "true".
         Primary reference "Microsoft.AspNetCore.Mvc.Localization, Version=8.0.0.0, Culture=neutral, PublicKeyToken=adb9793829ddae60".
             Resolved file path is "C:\Program Files\dotnet\packs\Microsoft.AspNetCore.App.Ref\8.0.26\ref\net8.0\Microsoft.AspNetCore.Mvc.Localization.dll".
             Reference found at search path location "{RawFileName}".
             This reference is not "CopyLocal" because at least one source item had "Private" set to "false" and no source items had "Private" set to "true".
         Primary reference "Microsoft.AspNetCore.Mvc.Razor, Version=8.0.0.0, Culture=neutral, PublicKeyToken=adb9793829ddae60".
             Resolved file path is "C:\Program Files\dotnet\packs\Microsoft.AspNetCore.App.Ref\8.0.26\ref\net8.0\Microsoft.AspNetCore.Mvc.Razor.dll".
             Reference found at search path location "{RawFileName}".
             This reference is not "CopyLocal" because at least one source item had "Private" set to "false" and no source items had "Private" set to "true".
         Primary reference "Microsoft.AspNetCore.Mvc.RazorPages, Version=8.0.0.0, Culture=neutral, PublicKeyToken=adb9793829ddae60".
             Resolved file path is "C:\Program Files\dotnet\packs\Microsoft.AspNetCore.App.Ref\8.0.26\ref\net8.0\Microsoft.AspNetCore.Mvc.RazorPages.dll".
             Reference found at search path location "{RawFileName}".
             This reference is not "CopyLocal" because at least one source item had "Private" set to "false" and no source items had "Private" set to "true".
         Primary reference "Microsoft.AspNetCore.Mvc.TagHelpers, Version=8.0.0.0, Culture=neutral, PublicKeyToken=adb9793829ddae60".
             Resolved file path is "C:\Program Files\dotnet\packs\Microsoft.AspNetCore.App.Ref\8.0.26\ref\net8.0\Microsoft.AspNetCore.Mvc.TagHelpers.dll".
             Reference found at search path location "{RawFileName}".
             This reference is not "CopyLocal" because at least one source item had "Private" set to "false" and no source items had "Private" set to "true".
         Primary reference "Microsoft.AspNetCore.Mvc.ViewFeatures, Version=8.0.0.0, Culture=neutral, PublicKeyToken=adb9793829ddae60".
             Resolved file path is "C:\Program Files\dotnet\packs\Microsoft.AspNetCore.App.Ref\8.0.26\ref\net8.0\Microsoft.AspNetCore.Mvc.ViewFeatures.dll".
             Reference found at search path location "{RawFileName}".
             This reference is not "CopyLocal" because at least one source item had "Private" set to "false" and no source items had "Private" set to "true".
         Primary reference "Microsoft.AspNetCore.Mvc, Version=8.0.0.0, Culture=neutral, PublicKeyToken=adb9793829ddae60".
             Resolved file path is "C:\Program Files\dotnet\packs\Microsoft.AspNetCore.App.Ref\8.0.26\ref\net8.0\Microsoft.AspNetCore.Mvc.dll".
             Reference found at search path location "{RawFileName}".
             This reference is not "CopyLocal" because at least one source item had "Private" set to "false" and no source items had "Private" set to "true".
         Primary reference "Microsoft.AspNetCore.OutputCaching, Version=8.0.0.0, Culture=neutral, PublicKeyToken=adb9793829ddae60".
             Resolved file path is "C:\Program Files\dotnet\packs\Microsoft.AspNetCore.App.Ref\8.0.26\ref\net8.0\Microsoft.AspNetCore.OutputCaching.dll".
             Reference found at search path location "{RawFileName}".
             This reference is not "CopyLocal" because at least one source item had "Private" set to "false" and no source items had "Private" set to "true".
         Primary reference "Microsoft.AspNetCore.RateLimiting, Version=8.0.0.0, Culture=neutral, PublicKeyToken=adb9793829ddae60".
             Resolved file path is "C:\Program Files\dotnet\packs\Microsoft.AspNetCore.App.Ref\8.0.26\ref\net8.0\Microsoft.AspNetCore.RateLimiting.dll".
             Reference found at search path location "{RawFileName}".
             This reference is not "CopyLocal" because at least one source item had "Private" set to "false" and no source items had "Private" set to "true".
         Primary reference "Microsoft.AspNetCore.Razor.Runtime, Version=8.0.0.0, Culture=neutral, PublicKeyToken=adb9793829ddae60".
             Resolved file path is "C:\Program Files\dotnet\packs\Microsoft.AspNetCore.App.Ref\8.0.26\ref\net8.0\Microsoft.AspNetCore.Razor.Runtime.dll".
             Reference found at search path location "{RawFileName}".
             This reference is not "CopyLocal" because at least one source item had "Private" set to "false" and no source items had "Private" set to "true".
         Primary reference "Microsoft.AspNetCore.Razor, Version=8.0.0.0, Culture=neutral, PublicKeyToken=adb9793829ddae60".
             Resolved file path is "C:\Program Files\dotnet\packs\Microsoft.AspNetCore.App.Ref\8.0.26\ref\net8.0\Microsoft.AspNetCore.Razor.dll".
             Reference found at search path location "{RawFileName}".
             This reference is not "CopyLocal" because at least one source item had "Private" set to "false" and no source items had "Private" set to "true".
         Primary reference "Microsoft.AspNetCore.RequestDecompression, Version=8.0.0.0, Culture=neutral, PublicKeyToken=adb9793829ddae60".
             Resolved file path is "C:\Program Files\dotnet\packs\Microsoft.AspNetCore.App.Ref\8.0.26\ref\net8.0\Microsoft.AspNetCore.RequestDecompression.dll".
             Reference found at search path location "{RawFileName}".
             This reference is not "CopyLocal" because at least one source item had "Private" set to "false" and no source items had "Private" set to "true".
         Primary reference "Microsoft.AspNetCore.ResponseCaching.Abstractions, Version=8.0.0.0, Culture=neutral, PublicKeyToken=adb9793829ddae60".
             Resolved file path is "C:\Program Files\dotnet\packs\Microsoft.AspNetCore.App.Ref\8.0.26\ref\net8.0\Microsoft.AspNetCore.ResponseCaching.Abstractions.dll".
             Reference found at search path location "{RawFileName}".
             This reference is not "CopyLocal" because at least one source item had "Private" set to "false" and no source items had "Private" set to "true".
         Primary reference "Microsoft.AspNetCore.ResponseCaching, Version=8.0.0.0, Culture=neutral, PublicKeyToken=adb9793829ddae60".
             Resolved file path is "C:\Program Files\dotnet\packs\Microsoft.AspNetCore.App.Ref\8.0.26\ref\net8.0\Microsoft.AspNetCore.ResponseCaching.dll".
             Reference found at search path location "{RawFileName}".
             This reference is not "CopyLocal" because at least one source item had "Private" set to "false" and no source items had "Private" set to "true".
         Primary reference "Microsoft.AspNetCore.ResponseCompression, Version=8.0.0.0, Culture=neutral, PublicKeyToken=adb9793829ddae60".
             Resolved file path is "C:\Program Files\dotnet\packs\Microsoft.AspNetCore.App.Ref\8.0.26\ref\net8.0\Microsoft.AspNetCore.ResponseCompression.dll".
             Reference found at search path location "{RawFileName}".
             This reference is not "CopyLocal" because at least one source item had "Private" set to "false" and no source items had "Private" set to "true".
         Primary reference "Microsoft.AspNetCore.Rewrite, Version=8.0.0.0, Culture=neutral, PublicKeyToken=adb9793829ddae60".
             Resolved file path is "C:\Program Files\dotnet\packs\Microsoft.AspNetCore.App.Ref\8.0.26\ref\net8.0\Microsoft.AspNetCore.Rewrite.dll".
             Reference found at search path location "{RawFileName}".
             This reference is not "CopyLocal" because at least one source item had "Private" set to "false" and no source items had "Private" set to "true".
         Primary reference "Microsoft.AspNetCore.Routing.Abstractions, Version=8.0.0.0, Culture=neutral, PublicKeyToken=adb9793829ddae60".
             Resolved file path is "C:\Program Files\dotnet\packs\Microsoft.AspNetCore.App.Ref\8.0.26\ref\net8.0\Microsoft.AspNetCore.Routing.Abstractions.dll".
             Reference found at search path location "{RawFileName}".
             This reference is not "CopyLocal" because at least one source item had "Private" set to "false" and no source items had "Private" set to "true".
         Primary reference "Microsoft.AspNetCore.Routing, Version=8.0.0.0, Culture=neutral, PublicKeyToken=adb9793829ddae60".
             Resolved file path is "C:\Program Files\dotnet\packs\Microsoft.AspNetCore.App.Ref\8.0.26\ref\net8.0\Microsoft.AspNetCore.Routing.dll".
             Reference found at search path location "{RawFileName}".
             This reference is not "CopyLocal" because at least one source item had "Private" set to "false" and no source items had "Private" set to "true".
         Primary reference "Microsoft.AspNetCore.Server.HttpSys, Version=8.0.0.0, Culture=neutral, PublicKeyToken=adb9793829ddae60".
             Resolved file path is "C:\Program Files\dotnet\packs\Microsoft.AspNetCore.App.Ref\8.0.26\ref\net8.0\Microsoft.AspNetCore.Server.HttpSys.dll".
             Reference found at search path location "{RawFileName}".
             This reference is not "CopyLocal" because at least one source item had "Private" set to "false" and no source items had "Private" set to "true".
         Primary reference "Microsoft.AspNetCore.Server.IIS, Version=8.0.0.0, Culture=neutral, PublicKeyToken=adb9793829ddae60".
             Resolved file path is "C:\Program Files\dotnet\packs\Microsoft.AspNetCore.App.Ref\8.0.26\ref\net8.0\Microsoft.AspNetCore.Server.IIS.dll".
             Reference found at search path location "{RawFileName}".
             This reference is not "CopyLocal" because at least one source item had "Private" set to "false" and no source items had "Private" set to "true".
         Primary reference "Microsoft.AspNetCore.Server.IISIntegration, Version=8.0.0.0, Culture=neutral, PublicKeyToken=adb9793829ddae60".
             Resolved file path is "C:\Program Files\dotnet\packs\Microsoft.AspNetCore.App.Ref\8.0.26\ref\net8.0\Microsoft.AspNetCore.Server.IISIntegration.dll".
             Reference found at search path location "{RawFileName}".
             This reference is not "CopyLocal" because at least one source item had "Private" set to "false" and no source items had "Private" set to "true".
         Primary reference "Microsoft.AspNetCore.Server.Kestrel.Core, Version=8.0.0.0, Culture=neutral, PublicKeyToken=adb9793829ddae60".
             Resolved file path is "C:\Program Files\dotnet\packs\Microsoft.AspNetCore.App.Ref\8.0.26\ref\net8.0\Microsoft.AspNetCore.Server.Kestrel.Core.dll".
             Reference found at search path location "{RawFileName}".
             This reference is not "CopyLocal" because at least one source item had "Private" set to "false" and no source items had "Private" set to "true".
         Primary reference "Microsoft.AspNetCore.Server.Kestrel.Transport.NamedPipes, Version=8.0.0.0, Culture=neutral, PublicKeyToken=adb9793829ddae60".
             Resolved file path is "C:\Program Files\dotnet\packs\Microsoft.AspNetCore.App.Ref\8.0.26\ref\net8.0\Microsoft.AspNetCore.Server.Kestrel.Transport.NamedPipes.dll".
             Reference found at search path location "{RawFileName}".
             This reference is not "CopyLocal" because at least one source item had "Private" set to "false" and no source items had "Private" set to "true".
         Primary reference "Microsoft.AspNetCore.Server.Kestrel.Transport.Quic, Version=8.0.0.0, Culture=neutral, PublicKeyToken=adb9793829ddae60".
             Resolved file path is "C:\Program Files\dotnet\packs\Microsoft.AspNetCore.App.Ref\8.0.26\ref\net8.0\Microsoft.AspNetCore.Server.Kestrel.Transport.Quic.dll".
             Reference found at search path location "{RawFileName}".
             This reference is not "CopyLocal" because at least one source item had "Private" set to "false" and no source items had "Private" set to "true".
         Primary reference "Microsoft.AspNetCore.Server.Kestrel.Transport.Sockets, Version=8.0.0.0, Culture=neutral, PublicKeyToken=adb9793829ddae60".
             Resolved file path is "C:\Program Files\dotnet\packs\Microsoft.AspNetCore.App.Ref\8.0.26\ref\net8.0\Microsoft.AspNetCore.Server.Kestrel.Transport.Sockets.dll".
             Reference found at search path location "{RawFileName}".
             This reference is not "CopyLocal" because at least one source item had "Private" set to "false" and no source items had "Private" set to "true".
         Primary reference "Microsoft.AspNetCore.Server.Kestrel, Version=8.0.0.0, Culture=neutral, PublicKeyToken=adb9793829ddae60".
             Resolved file path is "C:\Program Files\dotnet\packs\Microsoft.AspNetCore.App.Ref\8.0.26\ref\net8.0\Microsoft.AspNetCore.Server.Kestrel.dll".
             Reference found at search path location "{RawFileName}".
             This reference is not "CopyLocal" because at least one source item had "Private" set to "false" and no source items had "Private" set to "true".
         Primary reference "Microsoft.AspNetCore.Session, Version=8.0.0.0, Culture=neutral, PublicKeyToken=adb9793829ddae60".
             Resolved file path is "C:\Program Files\dotnet\packs\Microsoft.AspNetCore.App.Ref\8.0.26\ref\net8.0\Microsoft.AspNetCore.Session.dll".
             Reference found at search path location "{RawFileName}".
             This reference is not "CopyLocal" because at least one source item had "Private" set to "false" and no source items had "Private" set to "true".
         Primary reference "Microsoft.AspNetCore.SignalR.Common, Version=8.0.0.0, Culture=neutral, PublicKeyToken=adb9793829ddae60".
             Resolved file path is "C:\Program Files\dotnet\packs\Microsoft.AspNetCore.App.Ref\8.0.26\ref\net8.0\Microsoft.AspNetCore.SignalR.Common.dll".
             Reference found at search path location "{RawFileName}".
             This reference is not "CopyLocal" because at least one source item had "Private" set to "false" and no source items had "Private" set to "true".
         Primary reference "Microsoft.AspNetCore.SignalR.Core, Version=8.0.0.0, Culture=neutral, PublicKeyToken=adb9793829ddae60".
             Resolved file path is "C:\Program Files\dotnet\packs\Microsoft.AspNetCore.App.Ref\8.0.26\ref\net8.0\Microsoft.AspNetCore.SignalR.Core.dll".
             Reference found at search path location "{RawFileName}".
             This reference is not "CopyLocal" because at least one source item had "Private" set to "false" and no source items had "Private" set to "true".
         Primary reference "Microsoft.AspNetCore.SignalR.Protocols.Json, Version=8.0.0.0, Culture=neutral, PublicKeyToken=adb9793829ddae60".
             Resolved file path is "C:\Program Files\dotnet\packs\Microsoft.AspNetCore.App.Ref\8.0.26\ref\net8.0\Microsoft.AspNetCore.SignalR.Protocols.Json.dll".
             Reference found at search path location "{RawFileName}".
             This reference is not "CopyLocal" because at least one source item had "Private" set to "false" and no source items had "Private" set to "true".
         Primary reference "Microsoft.AspNetCore.SignalR, Version=8.0.0.0, Culture=neutral, PublicKeyToken=adb9793829ddae60".
             Resolved file path is "C:\Program Files\dotnet\packs\Microsoft.AspNetCore.App.Ref\8.0.26\ref\net8.0\Microsoft.AspNetCore.SignalR.dll".
             Reference found at search path location "{RawFileName}".
             This reference is not "CopyLocal" because at least one source item had "Private" set to "false" and no source items had "Private" set to "true".
         Primary reference "Microsoft.AspNetCore.StaticFiles, Version=8.0.0.0, Culture=neutral, PublicKeyToken=adb9793829ddae60".
             Resolved file path is "C:\Program Files\dotnet\packs\Microsoft.AspNetCore.App.Ref\8.0.26\ref\net8.0\Microsoft.AspNetCore.StaticFiles.dll".
             Reference found at search path location "{RawFileName}".
             This reference is not "CopyLocal" because at least one source item had "Private" set to "false" and no source items had "Private" set to "true".
         Primary reference "Microsoft.AspNetCore.WebSockets, Version=8.0.0.0, Culture=neutral, PublicKeyToken=adb9793829ddae60".
             Resolved file path is "C:\Program Files\dotnet\packs\Microsoft.AspNetCore.App.Ref\8.0.26\ref\net8.0\Microsoft.AspNetCore.WebSockets.dll".
             Reference found at search path location "{RawFileName}".
             This reference is not "CopyLocal" because at least one source item had "Private" set to "false" and no source items had "Private" set to "true".
         Primary reference "Microsoft.AspNetCore.WebUtilities, Version=8.0.0.0, Culture=neutral, PublicKeyToken=adb9793829ddae60".
             Resolved file path is "C:\Program Files\dotnet\packs\Microsoft.AspNetCore.App.Ref\8.0.26\ref\net8.0\Microsoft.AspNetCore.WebUtilities.dll".
             Reference found at search path location "{RawFileName}".
             This reference is not "CopyLocal" because at least one source item had "Private" set to "false" and no source items had "Private" set to "true".
         Primary reference "Microsoft.AspNetCore, Version=8.0.0.0, Culture=neutral, PublicKeyToken=adb9793829ddae60".
             Resolved file path is "C:\Program Files\dotnet\packs\Microsoft.AspNetCore.App.Ref\8.0.26\ref\net8.0\Microsoft.AspNetCore.dll".
             Reference found at search path location "{RawFileName}".
             This reference is not "CopyLocal" because at least one source item had "Private" set to "false" and no source items had "Private" set to "true".
         Primary reference "Microsoft.Extensions.Caching.Abstractions, Version=8.0.0.0, Culture=neutral, PublicKeyToken=adb9793829ddae60".
             Resolved file path is "C:\Program Files\dotnet\packs\Microsoft.AspNetCore.App.Ref\8.0.26\ref\net8.0\Microsoft.Extensions.Caching.Abstractions.dll".
             Reference found at search path location "{RawFileName}".
             This reference is not "CopyLocal" because at least one source item had "Private" set to "false" and no source items had "Private" set to "true".
         Primary reference "Microsoft.Extensions.Caching.Memory, Version=8.0.0.0, Culture=neutral, PublicKeyToken=adb9793829ddae60".
             Resolved file path is "C:\Program Files\dotnet\packs\Microsoft.AspNetCore.App.Ref\8.0.26\ref\net8.0\Microsoft.Extensions.Caching.Memory.dll".
             Reference found at search path location "{RawFileName}".
             This reference is not "CopyLocal" because at least one source item had "Private" set to "false" and no source items had "Private" set to "true".
         Primary reference "Microsoft.Extensions.Configuration.Abstractions, Version=8.0.0.0, Culture=neutral, PublicKeyToken=adb9793829ddae60".
             Resolved file path is "C:\Program Files\dotnet\packs\Microsoft.AspNetCore.App.Ref\8.0.26\ref\net8.0\Microsoft.Extensions.Configuration.Abstractions.dll".
             Reference found at search path location "{RawFileName}".
             This reference is not "CopyLocal" because at least one source item had "Private" set to "false" and no source items had "Private" set to "true".
         Primary reference "Microsoft.Extensions.Configuration.Binder, Version=8.0.0.0, Culture=neutral, PublicKeyToken=adb9793829ddae60".
             Resolved file path is "C:\Program Files\dotnet\packs\Microsoft.AspNetCore.App.Ref\8.0.26\ref\net8.0\Microsoft.Extensions.Configuration.Binder.dll".
             Reference found at search path location "{RawFileName}".
             This reference is not "CopyLocal" because at least one source item had "Private" set to "false" and no source items had "Private" set to "true".
         Primary reference "Microsoft.Extensions.Configuration.CommandLine, Version=8.0.0.0, Culture=neutral, PublicKeyToken=adb9793829ddae60".
             Resolved file path is "C:\Program Files\dotnet\packs\Microsoft.AspNetCore.App.Ref\8.0.26\ref\net8.0\Microsoft.Extensions.Configuration.CommandLine.dll".
             Reference found at search path location "{RawFileName}".
             This reference is not "CopyLocal" because at least one source item had "Private" set to "false" and no source items had "Private" set to "true".
         Primary reference "Microsoft.Extensions.Configuration.EnvironmentVariables, Version=8.0.0.0, Culture=neutral, PublicKeyToken=adb9793829ddae60".
             Resolved file path is "C:\Program Files\dotnet\packs\Microsoft.AspNetCore.App.Ref\8.0.26\ref\net8.0\Microsoft.Extensions.Configuration.EnvironmentVariables.dll".
             Reference found at search path location "{RawFileName}".
             This reference is not "CopyLocal" because at least one source item had "Private" set to "false" and no source items had "Private" set to "true".
         Primary reference "Microsoft.Extensions.Configuration.FileExtensions, Version=8.0.0.0, Culture=neutral, PublicKeyToken=adb9793829ddae60".
             Resolved file path is "C:\Program Files\dotnet\packs\Microsoft.AspNetCore.App.Ref\8.0.26\ref\net8.0\Microsoft.Extensions.Configuration.FileExtensions.dll".
             Reference found at search path location "{RawFileName}".
             This reference is not "CopyLocal" because at least one source item had "Private" set to "false" and no source items had "Private" set to "true".
         Primary reference "Microsoft.Extensions.Configuration.Ini, Version=8.0.0.0, Culture=neutral, PublicKeyToken=adb9793829ddae60".
             Resolved file path is "C:\Program Files\dotnet\packs\Microsoft.AspNetCore.App.Ref\8.0.26\ref\net8.0\Microsoft.Extensions.Configuration.Ini.dll".
             Reference found at search path location "{RawFileName}".
             This reference is not "CopyLocal" because at least one source item had "Private" set to "false" and no source items had "Private" set to "true".
         Primary reference "Microsoft.Extensions.Configuration.Json, Version=8.0.0.0, Culture=neutral, PublicKeyToken=adb9793829ddae60".
             Resolved file path is "C:\Program Files\dotnet\packs\Microsoft.AspNetCore.App.Ref\8.0.26\ref\net8.0\Microsoft.Extensions.Configuration.Json.dll".
             Reference found at search path location "{RawFileName}".
             This reference is not "CopyLocal" because at least one source item had "Private" set to "false" and no source items had "Private" set to "true".
         Primary reference "Microsoft.Extensions.Configuration.KeyPerFile, Version=8.0.0.0, Culture=neutral, PublicKeyToken=adb9793829ddae60".
             Resolved file path is "C:\Program Files\dotnet\packs\Microsoft.AspNetCore.App.Ref\8.0.26\ref\net8.0\Microsoft.Extensions.Configuration.KeyPerFile.dll".
             Reference found at search path location "{RawFileName}".
             This reference is not "CopyLocal" because at least one source item had "Private" set to "false" and no source items had "Private" set to "true".
         Primary reference "Microsoft.Extensions.Configuration.UserSecrets, Version=8.0.0.0, Culture=neutral, PublicKeyToken=adb9793829ddae60".
             Resolved file path is "C:\Program Files\dotnet\packs\Microsoft.AspNetCore.App.Ref\8.0.26\ref\net8.0\Microsoft.Extensions.Configuration.UserSecrets.dll".
             Reference found at search path location "{RawFileName}".
             This reference is not "CopyLocal" because at least one source item had "Private" set to "false" and no source items had "Private" set to "true".
         Primary reference "Microsoft.Extensions.Configuration.Xml, Version=8.0.0.0, Culture=neutral, PublicKeyToken=adb9793829ddae60".
             Resolved file path is "C:\Program Files\dotnet\packs\Microsoft.AspNetCore.App.Ref\8.0.26\ref\net8.0\Microsoft.Extensions.Configuration.Xml.dll".
             Reference found at search path location "{RawFileName}".
             This reference is not "CopyLocal" because at least one source item had "Private" set to "false" and no source items had "Private" set to "true".
         Primary reference "Microsoft.Extensions.Configuration, Version=8.0.0.0, Culture=neutral, PublicKeyToken=adb9793829ddae60".
             Resolved file path is "C:\Program Files\dotnet\packs\Microsoft.AspNetCore.App.Ref\8.0.26\ref\net8.0\Microsoft.Extensions.Configuration.dll".
             Reference found at search path location "{RawFileName}".
             This reference is not "CopyLocal" because at least one source item had "Private" set to "false" and no source items had "Private" set to "true".
         Primary reference "Microsoft.Extensions.DependencyInjection.Abstractions, Version=8.0.0.0, Culture=neutral, PublicKeyToken=adb9793829ddae60".
             Resolved file path is "C:\Program Files\dotnet\packs\Microsoft.AspNetCore.App.Ref\8.0.26\ref\net8.0\Microsoft.Extensions.DependencyInjection.Abstractions.dll".
             Reference found at search path location "{RawFileName}".
             This reference is not "CopyLocal" because at least one source item had "Private" set to "false" and no source items had "Private" set to "true".
         Primary reference "Microsoft.Extensions.DependencyInjection, Version=8.0.0.0, Culture=neutral, PublicKeyToken=adb9793829ddae60".
             Resolved file path is "C:\Program Files\dotnet\packs\Microsoft.AspNetCore.App.Ref\8.0.26\ref\net8.0\Microsoft.Extensions.DependencyInjection.dll".
             Reference found at search path location "{RawFileName}".
             This reference is not "CopyLocal" because at least one source item had "Private" set to "false" and no source items had "Private" set to "true".
         Primary reference "Microsoft.Extensions.Diagnostics.Abstractions, Version=8.0.0.0, Culture=neutral, PublicKeyToken=adb9793829ddae60".
             Resolved file path is "C:\Program Files\dotnet\packs\Microsoft.AspNetCore.App.Ref\8.0.26\ref\net8.0\Microsoft.Extensions.Diagnostics.Abstractions.dll".
             Reference found at search path location "{RawFileName}".
             This reference is not "CopyLocal" because at least one source item had "Private" set to "false" and no source items had "Private" set to "true".
         Primary reference "Microsoft.Extensions.Diagnostics.HealthChecks.Abstractions, Version=8.0.0.0, Culture=neutral, PublicKeyToken=adb9793829ddae60".
             Resolved file path is "C:\Program Files\dotnet\packs\Microsoft.AspNetCore.App.Ref\8.0.26\ref\net8.0\Microsoft.Extensions.Diagnostics.HealthChecks.Abstractions.dll".
             Reference found at search path location "{RawFileName}".
             This reference is not "CopyLocal" because at least one source item had "Private" set to "false" and no source items had "Private" set to "true".
         Primary reference "Microsoft.Extensions.Diagnostics.HealthChecks, Version=8.0.0.0, Culture=neutral, PublicKeyToken=adb9793829ddae60".
             Resolved file path is "C:\Program Files\dotnet\packs\Microsoft.AspNetCore.App.Ref\8.0.26\ref\net8.0\Microsoft.Extensions.Diagnostics.HealthChecks.dll".
             Reference found at search path location "{RawFileName}".
             This reference is not "CopyLocal" because at least one source item had "Private" set to "false" and no source items had "Private" set to "true".
         Primary reference "Microsoft.Extensions.Diagnostics, Version=8.0.0.0, Culture=neutral, PublicKeyToken=adb9793829ddae60".
             Resolved file path is "C:\Program Files\dotnet\packs\Microsoft.AspNetCore.App.Ref\8.0.26\ref\net8.0\Microsoft.Extensions.Diagnostics.dll".
             Reference found at search path location "{RawFileName}".
             This reference is not "CopyLocal" because at least one source item had "Private" set to "false" and no source items had "Private" set to "true".
         Primary reference "Microsoft.Extensions.Features, Version=8.0.0.0, Culture=neutral, PublicKeyToken=adb9793829ddae60".
             Resolved file path is "C:\Program Files\dotnet\packs\Microsoft.AspNetCore.App.Ref\8.0.26\ref\net8.0\Microsoft.Extensions.Features.dll".
             Reference found at search path location "{RawFileName}".
             This reference is not "CopyLocal" because at least one source item had "Private" set to "false" and no source items had "Private" set to "true".
         Primary reference "Microsoft.Extensions.FileProviders.Abstractions, Version=8.0.0.0, Culture=neutral, PublicKeyToken=adb9793829ddae60".
             Resolved file path is "C:\Program Files\dotnet\packs\Microsoft.AspNetCore.App.Ref\8.0.26\ref\net8.0\Microsoft.Extensions.FileProviders.Abstractions.dll".
             Reference found at search path location "{RawFileName}".
             This reference is not "CopyLocal" because at least one source item had "Private" set to "false" and no source items had "Private" set to "true".
         Primary reference "Microsoft.Extensions.FileProviders.Composite, Version=8.0.0.0, Culture=neutral, PublicKeyToken=adb9793829ddae60".
             Resolved file path is "C:\Program Files\dotnet\packs\Microsoft.AspNetCore.App.Ref\8.0.26\ref\net8.0\Microsoft.Extensions.FileProviders.Composite.dll".
             Reference found at search path location "{RawFileName}".
             This reference is not "CopyLocal" because at least one source item had "Private" set to "false" and no source items had "Private" set to "true".
         Primary reference "Microsoft.Extensions.FileProviders.Embedded, Version=8.0.0.0, Culture=neutral, PublicKeyToken=adb9793829ddae60".
             Resolved file path is "C:\Program Files\dotnet\packs\Microsoft.AspNetCore.App.Ref\8.0.26\ref\net8.0\Microsoft.Extensions.FileProviders.Embedded.dll".
             Reference found at search path location "{RawFileName}".
             This reference is not "CopyLocal" because at least one source item had "Private" set to "false" and no source items had "Private" set to "true".
         Primary reference "Microsoft.Extensions.FileProviders.Physical, Version=8.0.0.0, Culture=neutral, PublicKeyToken=adb9793829ddae60".
             Resolved file path is "C:\Program Files\dotnet\packs\Microsoft.AspNetCore.App.Ref\8.0.26\ref\net8.0\Microsoft.Extensions.FileProviders.Physical.dll".
             Reference found at search path location "{RawFileName}".
             This reference is not "CopyLocal" because at least one source item had "Private" set to "false" and no source items had "Private" set to "true".
         Primary reference "Microsoft.Extensions.FileSystemGlobbing, Version=8.0.0.0, Culture=neutral, PublicKeyToken=adb9793829ddae60".
             Resolved file path is "C:\Program Files\dotnet\packs\Microsoft.AspNetCore.App.Ref\8.0.26\ref\net8.0\Microsoft.Extensions.FileSystemGlobbing.dll".
             Reference found at search path location "{RawFileName}".
             This reference is not "CopyLocal" because at least one source item had "Private" set to "false" and no source items had "Private" set to "true".
         Primary reference "Microsoft.Extensions.Hosting.Abstractions, Version=8.0.0.0, Culture=neutral, PublicKeyToken=adb9793829ddae60".
             Resolved file path is "C:\Program Files\dotnet\packs\Microsoft.AspNetCore.App.Ref\8.0.26\ref\net8.0\Microsoft.Extensions.Hosting.Abstractions.dll".
             Reference found at search path location "{RawFileName}".
             This reference is not "CopyLocal" because at least one source item had "Private" set to "false" and no source items had "Private" set to "true".
         Primary reference "Microsoft.Extensions.Hosting, Version=8.0.0.0, Culture=neutral, PublicKeyToken=adb9793829ddae60".
             Resolved file path is "C:\Program Files\dotnet\packs\Microsoft.AspNetCore.App.Ref\8.0.26\ref\net8.0\Microsoft.Extensions.Hosting.dll".
             Reference found at search path location "{RawFileName}".
             This reference is not "CopyLocal" because at least one source item had "Private" set to "false" and no source items had "Private" set to "true".
         Primary reference "Microsoft.Extensions.Http, Version=8.0.0.0, Culture=neutral, PublicKeyToken=adb9793829ddae60".
             Resolved file path is "C:\Program Files\dotnet\packs\Microsoft.AspNetCore.App.Ref\8.0.26\ref\net8.0\Microsoft.Extensions.Http.dll".
             Reference found at search path location "{RawFileName}".
             This reference is not "CopyLocal" because at least one source item had "Private" set to "false" and no source items had "Private" set to "true".
         Primary reference "Microsoft.Extensions.Identity.Core, Version=8.0.0.0, Culture=neutral, PublicKeyToken=adb9793829ddae60".
             Resolved file path is "C:\Program Files\dotnet\packs\Microsoft.AspNetCore.App.Ref\8.0.26\ref\net8.0\Microsoft.Extensions.Identity.Core.dll".
             Reference found at search path location "{RawFileName}".
             This reference is not "CopyLocal" because at least one source item had "Private" set to "false" and no source items had "Private" set to "true".
         Primary reference "Microsoft.Extensions.Identity.Stores, Version=8.0.0.0, Culture=neutral, PublicKeyToken=adb9793829ddae60".
             Resolved file path is "C:\Program Files\dotnet\packs\Microsoft.AspNetCore.App.Ref\8.0.26\ref\net8.0\Microsoft.Extensions.Identity.Stores.dll".
             Reference found at search path location "{RawFileName}".
             This reference is not "CopyLocal" because at least one source item had "Private" set to "false" and no source items had "Private" set to "true".
         Primary reference "Microsoft.Extensions.Localization.Abstractions, Version=8.0.0.0, Culture=neutral, PublicKeyToken=adb9793829ddae60".
             Resolved file path is "C:\Program Files\dotnet\packs\Microsoft.AspNetCore.App.Ref\8.0.26\ref\net8.0\Microsoft.Extensions.Localization.Abstractions.dll".
             Reference found at search path location "{RawFileName}".
             This reference is not "CopyLocal" because at least one source item had "Private" set to "false" and no source items had "Private" set to "true".
         Primary reference "Microsoft.Extensions.Localization, Version=8.0.0.0, Culture=neutral, PublicKeyToken=adb9793829ddae60".
             Resolved file path is "C:\Program Files\dotnet\packs\Microsoft.AspNetCore.App.Ref\8.0.26\ref\net8.0\Microsoft.Extensions.Localization.dll".
             Reference found at search path location "{RawFileName}".
             This reference is not "CopyLocal" because at least one source item had "Private" set to "false" and no source items had "Private" set to "true".
         Primary reference "Microsoft.Extensions.Logging.Abstractions, Version=8.0.0.0, Culture=neutral, PublicKeyToken=adb9793829ddae60".
             Resolved file path is "C:\Program Files\dotnet\packs\Microsoft.AspNetCore.App.Ref\8.0.26\ref\net8.0\Microsoft.Extensions.Logging.Abstractions.dll".
             Reference found at search path location "{RawFileName}".
             This reference is not "CopyLocal" because at least one source item had "Private" set to "false" and no source items had "Private" set to "true".
         Primary reference "Microsoft.Extensions.Logging.Configuration, Version=8.0.0.0, Culture=neutral, PublicKeyToken=adb9793829ddae60".
             Resolved file path is "C:\Program Files\dotnet\packs\Microsoft.AspNetCore.App.Ref\8.0.26\ref\net8.0\Microsoft.Extensions.Logging.Configuration.dll".
             Reference found at search path location "{RawFileName}".
             This reference is not "CopyLocal" because at least one source item had "Private" set to "false" and no source items had "Private" set to "true".
         Primary reference "Microsoft.Extensions.Logging.Console, Version=8.0.0.0, Culture=neutral, PublicKeyToken=adb9793829ddae60".
             Resolved file path is "C:\Program Files\dotnet\packs\Microsoft.AspNetCore.App.Ref\8.0.26\ref\net8.0\Microsoft.Extensions.Logging.Console.dll".
             Reference found at search path location "{RawFileName}".
             This reference is not "CopyLocal" because at least one source item had "Private" set to "false" and no source items had "Private" set to "true".
         Primary reference "Microsoft.Extensions.Logging.Debug, Version=8.0.0.0, Culture=neutral, PublicKeyToken=adb9793829ddae60".
             Resolved file path is "C:\Program Files\dotnet\packs\Microsoft.AspNetCore.App.Ref\8.0.26\ref\net8.0\Microsoft.Extensions.Logging.Debug.dll".
             Reference found at search path location "{RawFileName}".
             This reference is not "CopyLocal" because at least one source item had "Private" set to "false" and no source items had "Private" set to "true".
         Primary reference "Microsoft.Extensions.Logging.EventLog, Version=8.0.0.0, Culture=neutral, PublicKeyToken=adb9793829ddae60".
             Resolved file path is "C:\Program Files\dotnet\packs\Microsoft.AspNetCore.App.Ref\8.0.26\ref\net8.0\Microsoft.Extensions.Logging.EventLog.dll".
             Reference found at search path location "{RawFileName}".
             This reference is not "CopyLocal" because at least one source item had "Private" set to "false" and no source items had "Private" set to "true".
         Primary reference "Microsoft.Extensions.Logging.EventSource, Version=8.0.0.0, Culture=neutral, PublicKeyToken=adb9793829ddae60".
             Resolved file path is "C:\Program Files\dotnet\packs\Microsoft.AspNetCore.App.Ref\8.0.26\ref\net8.0\Microsoft.Extensions.Logging.EventSource.dll".
             Reference found at search path location "{RawFileName}".
             This reference is not "CopyLocal" because at least one source item had "Private" set to "false" and no source items had "Private" set to "true".
         Primary reference "Microsoft.Extensions.Logging.TraceSource, Version=8.0.0.0, Culture=neutral, PublicKeyToken=adb9793829ddae60".
             Resolved file path is "C:\Program Files\dotnet\packs\Microsoft.AspNetCore.App.Ref\8.0.26\ref\net8.0\Microsoft.Extensions.Logging.TraceSource.dll".
             Reference found at search path location "{RawFileName}".
             This reference is not "CopyLocal" because at least one source item had "Private" set to "false" and no source items had "Private" set to "true".
         Primary reference "Microsoft.Extensions.Logging, Version=8.0.0.0, Culture=neutral, PublicKeyToken=adb9793829ddae60".
             Resolved file path is "C:\Program Files\dotnet\packs\Microsoft.AspNetCore.App.Ref\8.0.26\ref\net8.0\Microsoft.Extensions.Logging.dll".
             Reference found at search path location "{RawFileName}".
             This reference is not "CopyLocal" because at least one source item had "Private" set to "false" and no source items had "Private" set to "true".
         Primary reference "Microsoft.Extensions.ObjectPool, Version=8.0.0.0, Culture=neutral, PublicKeyToken=adb9793829ddae60".
             Resolved file path is "C:\Program Files\dotnet\packs\Microsoft.AspNetCore.App.Ref\8.0.26\ref\net8.0\Microsoft.Extensions.ObjectPool.dll".
             Reference found at search path location "{RawFileName}".
             This reference is not "CopyLocal" because at least one source item had "Private" set to "false" and no source items had "Private" set to "true".
         Primary reference "Microsoft.Extensions.Options.ConfigurationExtensions, Version=8.0.0.0, Culture=neutral, PublicKeyToken=adb9793829ddae60".
             Resolved file path is "C:\Program Files\dotnet\packs\Microsoft.AspNetCore.App.Ref\8.0.26\ref\net8.0\Microsoft.Extensions.Options.ConfigurationExtensions.dll".
             Reference found at search path location "{RawFileName}".
             This reference is not "CopyLocal" because at least one source item had "Private" set to "false" and no source items had "Private" set to "true".
         Primary reference "Microsoft.Extensions.Options.DataAnnotations, Version=8.0.0.0, Culture=neutral, PublicKeyToken=adb9793829ddae60".
             Resolved file path is "C:\Program Files\dotnet\packs\Microsoft.AspNetCore.App.Ref\8.0.26\ref\net8.0\Microsoft.Extensions.Options.DataAnnotations.dll".
             Reference found at search path location "{RawFileName}".
             This reference is not "CopyLocal" because at least one source item had "Private" set to "false" and no source items had "Private" set to "true".
         Primary reference "Microsoft.Extensions.Options, Version=8.0.0.0, Culture=neutral, PublicKeyToken=adb9793829ddae60".
             Resolved file path is "C:\Program Files\dotnet\packs\Microsoft.AspNetCore.App.Ref\8.0.26\ref\net8.0\Microsoft.Extensions.Options.dll".
             Reference found at search path location "{RawFileName}".
             This reference is not "CopyLocal" because at least one source item had "Private" set to "false" and no source items had "Private" set to "true".
         Primary reference "Microsoft.Extensions.Primitives, Version=8.0.0.0, Culture=neutral, PublicKeyToken=adb9793829ddae60".
             Resolved file path is "C:\Program Files\dotnet\packs\Microsoft.AspNetCore.App.Ref\8.0.26\ref\net8.0\Microsoft.Extensions.Primitives.dll".
             Reference found at search path location "{RawFileName}".
             This reference is not "CopyLocal" because at least one source item had "Private" set to "false" and no source items had "Private" set to "true".
         Primary reference "Microsoft.Extensions.WebEncoders, Version=8.0.0.0, Culture=neutral, PublicKeyToken=adb9793829ddae60".
             Resolved file path is "C:\Program Files\dotnet\packs\Microsoft.AspNetCore.App.Ref\8.0.26\ref\net8.0\Microsoft.Extensions.WebEncoders.dll".
             Reference found at search path location "{RawFileName}".
             This reference is not "CopyLocal" because at least one source item had "Private" set to "false" and no source items had "Private" set to "true".
         Primary reference "Microsoft.JSInterop, Version=8.0.0.0, Culture=neutral, PublicKeyToken=adb9793829ddae60".
             Resolved file path is "C:\Program Files\dotnet\packs\Microsoft.AspNetCore.App.Ref\8.0.26\ref\net8.0\Microsoft.JSInterop.dll".
             Reference found at search path location "{RawFileName}".
             This reference is not "CopyLocal" because at least one source item had "Private" set to "false" and no source items had "Private" set to "true".
         Primary reference "Microsoft.Net.Http.Headers, Version=8.0.0.0, Culture=neutral, PublicKeyToken=adb9793829ddae60".
             Resolved file path is "C:\Program Files\dotnet\packs\Microsoft.AspNetCore.App.Ref\8.0.26\ref\net8.0\Microsoft.Net.Http.Headers.dll".
             Reference found at search path location "{RawFileName}".
             This reference is not "CopyLocal" because at least one source item had "Private" set to "false" and no source items had "Private" set to "true".
         Primary reference "System.Diagnostics.EventLog, Version=8.0.0.0, Culture=neutral, PublicKeyToken=cc7b13ffcd2ddd51".
             Resolved file path is "C:\Program Files\dotnet\packs\Microsoft.AspNetCore.App.Ref\8.0.26\ref\net8.0\System.Diagnostics.EventLog.dll".
             Reference found at search path location "{RawFileName}".
             This reference is not "CopyLocal" because at least one source item had "Private" set to "false" and no source items had "Private" set to "true".
         Primary reference "System.IO.Pipelines, Version=8.0.0.0, Culture=neutral, PublicKeyToken=cc7b13ffcd2ddd51".
             Resolved file path is "C:\Program Files\dotnet\packs\Microsoft.AspNetCore.App.Ref\8.0.26\ref\net8.0\System.IO.Pipelines.dll".
             Reference found at search path location "{RawFileName}".
             This reference is not "CopyLocal" because at least one source item had "Private" set to "false" and no source items had "Private" set to "true".
         Primary reference "System.Security.Cryptography.Xml, Version=8.0.0.0, Culture=neutral, PublicKeyToken=cc7b13ffcd2ddd51".
             Resolved file path is "C:\Program Files\dotnet\packs\Microsoft.AspNetCore.App.Ref\8.0.26\ref\net8.0\System.Security.Cryptography.Xml.dll".
             Reference found at search path location "{RawFileName}".
             This reference is not "CopyLocal" because at least one source item had "Private" set to "false" and no source items had "Private" set to "true".
         Primary reference "System.Threading.RateLimiting, Version=8.0.0.0, Culture=neutral, PublicKeyToken=cc7b13ffcd2ddd51".
             Resolved file path is "C:\Program Files\dotnet\packs\Microsoft.AspNetCore.App.Ref\8.0.26\ref\net8.0\System.Threading.RateLimiting.dll".
             Reference found at search path location "{RawFileName}".
             This reference is not "CopyLocal" because at least one source item had "Private" set to "false" and no source items had "Private" set to "true".
       Done executing task "ResolveAssemblyReference".
   2:6>Done building target "ResolveAssemblyReferences" in project "QuickStock.csproj".
       Target "GenerateBindingRedirects" skipped, due to false condition; ('$(AutoGenerateBindingRedirects)' == 'true' and '$(GenerateBindingRedirectsOutputType)' == 'true' and '@(SuggestedBindingRedirects)' != '' and '$(DesignTimeBuild)' != 'true' and '$(BuildingProject)' == 'true') was evaluated as ('' == 'true' and 'true' == 'true' and '' != '' and '' != 'true' and 'true' == 'true').
       Target "GenerateSupportedRuntime" skipped, due to false condition; ('$(GenerateSupportedRuntime)' != 'false' and '$(TargetFrameworkIdentifier)' == '.NETFramework' and '$(HasRuntimeOutput)' == 'true') was evaluated as ('' != 'false' and '.NETCoreApp' == '.NETFramework' and 'true' == 'true').
       Target "GenerateBindingRedirectsUpdateAppConfig" skipped, due to false condition; ('$(AutoGenerateBindingRedirects)' == 'true' and '$(GenerateBindingRedirectsOutputType)' == 'true') was evaluated as ('' == 'true' and 'true' == 'true').
       Target "ResolveComReferences" skipped, due to false condition; ('@(COMReference)'!='' or '@(COMFileReference)'!='') was evaluated as (''!='' or ''!='').
   2:6>Target "AfterResolveReferences" in file "C:\Program Files\dotnet\sdk\9.0.313\Microsoft.Common.CurrentVersion.targets" from project "C:\Projects\QuickStockApi\QuickStock\QuickStock.csproj" (target "ResolveReferences" depends on it):
   2:6>Done building target "AfterResolveReferences" in project "QuickStock.csproj".
   2:6>Target "ResolveReferences" in file "C:\Program Files\dotnet\sdk\9.0.313\Microsoft.Common.CurrentVersion.targets" from project "C:\Projects\QuickStockApi\QuickStock\QuickStock.csproj" (target "_BlockWinMDsOnUnsupportedTFMs" depends on it):
   2:6>Done building target "ResolveReferences" in project "QuickStock.csproj".
   2:6>Target "_BlockWinMDsOnUnsupportedTFMs" in file "C:\Program Files\dotnet\sdk\9.0.313\Sdks\Microsoft.NET.Sdk\targets\Microsoft.NET.Sdk.targets" from project "C:\Projects\QuickStockApi\QuickStock\QuickStock.csproj" (target "CoreBuild" depends on it):
       Using "CheckForUnsupportedWinMDReferences" task from assembly "C:\Program Files\dotnet\sdk\9.0.313\Sdks\Microsoft.NET.Sdk\targets\..\tools\net9.0\Microsoft.NET.Build.Tasks.dll".
       Task "CheckForUnsupportedWinMDReferences"
       Done executing task "CheckForUnsupportedWinMDReferences".
       Task "NETSdkError" skipped, due to false condition; ('$(OutputType)' == 'winmdobj') was evaluated as ('Exe' == 'winmdobj').
   2:6>Done building target "_BlockWinMDsOnUnsupportedTFMs" in project "QuickStock.csproj".
       Target "ResolveReferences" skipped. Previously built successfully.
       Target "ResolvePackageDependenciesForBuild" skipped. Previously built successfully.
       Target "_HandlePackageFileConflicts" skipped. Previously built successfully.
   2:6>Target "CopyAdditionalFiles" in file "C:\Program Files\dotnet\sdk\9.0.313\Roslyn\Microsoft.Managed.Core.targets" from project "C:\Projects\QuickStockApi\QuickStock\QuickStock.csproj" (target "AssignTargetPaths" depends on it):
   2:6>Done building target "CopyAdditionalFiles" in project "QuickStock.csproj".
       Target "ResolvePackageAssets" skipped. Previously built successfully.
       Target "ResolveFrameworkReferences" skipped. Previously built successfully.
   2:6>Target "_GetAppHostPaths" in file "C:\Program Files\dotnet\sdk\9.0.313\Sdks\Microsoft.NET.Sdk\targets\Microsoft.NET.Sdk.targets" from project "C:\Projects\QuickStockApi\QuickStock\QuickStock.csproj" (target "_ComputeNETCoreBuildOutputFiles" depends on it):
       Task "NETSdkError" skipped, due to false condition; ('@(_NativeRestoredAppHostNETCore->Count())' > 1) was evaluated as ('0' > 1).
   2:6>Done building target "_GetAppHostPaths" in project "QuickStock.csproj".
   2:6>Target "_GetAppHostCreationConfiguration" in file "C:\Program Files\dotnet\sdk\9.0.313\Sdks\Microsoft.NET.Sdk\targets\Microsoft.NET.Sdk.targets" from project "C:\Projects\QuickStockApi\QuickStock\QuickStock.csproj" (target "_ComputeNETCoreBuildOutputFiles" depends on it):
   2:6>Done building target "_GetAppHostCreationConfiguration" in project "QuickStock.csproj".
       Target "_GetComHostPaths" skipped, due to false condition; ('$(EnableComHosting)' == 'true' and '$(_IsExecutable)' != 'true') was evaluated as ('' == 'true' and 'true' != 'true').
       Target "_GetIjwHostPaths" skipped, due to false condition; ('$(UseIJWHost)' == 'true') was evaluated as ('' == 'true').
   2:6>Target "_ComputeNETCoreBuildOutputFiles" in file "C:\Program Files\dotnet\sdk\9.0.313\Sdks\Microsoft.NET.Sdk\targets\Microsoft.NET.Sdk.targets" from project "C:\Projects\QuickStockApi\QuickStock\QuickStock.csproj" (target "AssignTargetPaths" depends on it):
   2:6>Done building target "_ComputeNETCoreBuildOutputFiles" in project "QuickStock.csproj".
   2:6>Target "ResolveStaticWebAssetsConfiguration" in file "C:\Program Files\dotnet\sdk\9.0.313\Sdks\Microsoft.NET.Sdk.StaticWebAssets\targets\Microsoft.NET.Sdk.StaticWebAssets.targets" from project "C:\Projects\QuickStockApi\QuickStock\QuickStock.csproj" (target "ResolveProjectStaticWebAssets" depends on it):
       Task "MakeDir" skipped, due to false condition; (!Exists('$(_StaticWebAssetsManifestBase)')) was evaluated as (!Exists('obj\Debug\net8.0\')).
       Task "MakeDir" skipped, due to false condition; (!Exists('$(_StaticWebAssetsIntermediateOutputPath)')) was evaluated as (!Exists('obj\Debug\net8.0\staticwebassets\')).
   2:6>Done building target "ResolveStaticWebAssetsConfiguration" in project "QuickStock.csproj".
   2:6>Target "UpdateExistingPackageStaticWebAssets" in file "C:\Program Files\dotnet\sdk\9.0.313\Sdks\Microsoft.NET.Sdk.StaticWebAssets\targets\Microsoft.NET.Sdk.StaticWebAssets.targets" from project "C:\Projects\QuickStockApi\QuickStock\QuickStock.csproj" (target "ResolveProjectStaticWebAssets" depends on it):
       Using "UpdatePackageStaticWebAssets" task from assembly "C:\Program Files\dotnet\sdk\9.0.313\Sdks\Microsoft.NET.Sdk.StaticWebAssets\targets\..\tasks\net9.0\Microsoft.NET.Sdk.StaticWebAssets.Tasks.dll".
       Task "UpdatePackageStaticWebAssets"
       Done executing task "UpdatePackageStaticWebAssets".
       Using "DefineStaticWebAssetEndpoints" task from assembly "C:\Program Files\dotnet\sdk\9.0.313\Sdks\Microsoft.NET.Sdk.StaticWebAssets\targets\..\tasks\net9.0\Microsoft.NET.Sdk.StaticWebAssets.Tasks.dll".
       Task "DefineStaticWebAssetEndpoints"
       Done executing task "DefineStaticWebAssetEndpoints".
   2:6>Done building target "UpdateExistingPackageStaticWebAssets" in project "QuickStock.csproj".
   2:6>Target "ResolveProjectStaticWebAssets" in file "C:\Program Files\dotnet\sdk\9.0.313\Sdks\Microsoft.NET.Sdk.StaticWebAssets\targets\Microsoft.NET.Sdk.StaticWebAssets.targets" from project "C:\Projects\QuickStockApi\QuickStock\QuickStock.csproj" (target "AssignTargetPaths" depends on it):
       Using "DefineStaticWebAssets" task from assembly "C:\Program Files\dotnet\sdk\9.0.313\Sdks\Microsoft.NET.Sdk.StaticWebAssets\targets\..\tasks\net9.0\Microsoft.NET.Sdk.StaticWebAssets.Tasks.dll".
       Task "DefineStaticWebAssets"
         Updating cache completely.
         Accepted asset 'wwwroot\post_images\10d3aa50-c840-4e29-8365-d3e80ed3bb9b.jpg' for pattern 'wwwroot/**' with relative path 'post_images/10d3aa50-c840-4e29-8365-d3e80ed3bb9b.jpg'
         Computing fingerprint and integrity for asset 'wwwroot\post_images\10d3aa50-c840-4e29-8365-d3e80ed3bb9b.jpg'
         Fingerprinting asset 'post_images/10d3aa50-c840-4e29-8365-d3e80ed3bb9b.jpg' as 'post_images\10d3aa50-c840-4e29-8365-d3e80ed3bb9b#[.{fingerprint}]?.jpg' because it didn't match any pattern
         Accepted asset 'wwwroot\post_images\1431ceb3-435f-4371-87a1-230c1cd1f575.jpg' for pattern 'wwwroot/**' with relative path 'post_images/1431ceb3-435f-4371-87a1-230c1cd1f575.jpg'
         Computing fingerprint and integrity for asset 'wwwroot\post_images\1431ceb3-435f-4371-87a1-230c1cd1f575.jpg'
         Fingerprinting asset 'post_images/1431ceb3-435f-4371-87a1-230c1cd1f575.jpg' as 'post_images\1431ceb3-435f-4371-87a1-230c1cd1f575#[.{fingerprint}]?.jpg' because it didn't match any pattern
         Accepted asset 'wwwroot\post_images\1b84e65b-1db9-48c5-a427-fcfd1e5f57e7.jpg' for pattern 'wwwroot/**' with relative path 'post_images/1b84e65b-1db9-48c5-a427-fcfd1e5f57e7.jpg'
         Computing fingerprint and integrity for asset 'wwwroot\post_images\1b84e65b-1db9-48c5-a427-fcfd1e5f57e7.jpg'
         Fingerprinting asset 'post_images/1b84e65b-1db9-48c5-a427-fcfd1e5f57e7.jpg' as 'post_images\1b84e65b-1db9-48c5-a427-fcfd1e5f57e7#[.{fingerprint}]?.jpg' because it didn't match any pattern
         Accepted asset 'wwwroot\post_images\305ccad3-9587-4272-acb5-96700cfe3230.jpg' for pattern 'wwwroot/**' with relative path 'post_images/305ccad3-9587-4272-acb5-96700cfe3230.jpg'
         Computing fingerprint and integrity for asset 'wwwroot\post_images\305ccad3-9587-4272-acb5-96700cfe3230.jpg'
         Fingerprinting asset 'post_images/305ccad3-9587-4272-acb5-96700cfe3230.jpg' as 'post_images\305ccad3-9587-4272-acb5-96700cfe3230#[.{fingerprint}]?.jpg' because it didn't match any pattern
         Accepted asset 'wwwroot\post_images\324ce386-909a-4ece-bdb3-3934e54ef763.jpg' for pattern 'wwwroot/**' with relative path 'post_images/324ce386-909a-4ece-bdb3-3934e54ef763.jpg'
         Computing fingerprint and integrity for asset 'wwwroot\post_images\324ce386-909a-4ece-bdb3-3934e54ef763.jpg'
         Fingerprinting asset 'post_images/324ce386-909a-4ece-bdb3-3934e54ef763.jpg' as 'post_images\324ce386-909a-4ece-bdb3-3934e54ef763#[.{fingerprint}]?.jpg' because it didn't match any pattern
         Accepted asset 'wwwroot\post_images\38d0583e-d880-41bd-a28d-888eba1232ba.jpg' for pattern 'wwwroot/**' with relative path 'post_images/38d0583e-d880-41bd-a28d-888eba1232ba.jpg'
         Computing fingerprint and integrity for asset 'wwwroot\post_images\38d0583e-d880-41bd-a28d-888eba1232ba.jpg'
         Fingerprinting asset 'post_images/38d0583e-d880-41bd-a28d-888eba1232ba.jpg' as 'post_images\38d0583e-d880-41bd-a28d-888eba1232ba#[.{fingerprint}]?.jpg' because it didn't match any pattern
         Accepted asset 'wwwroot\post_images\819a77e1-60e7-400c-b94d-678787184e00.jpg' for pattern 'wwwroot/**' with relative path 'post_images/819a77e1-60e7-400c-b94d-678787184e00.jpg'
         Computing fingerprint and integrity for asset 'wwwroot\post_images\819a77e1-60e7-400c-b94d-678787184e00.jpg'
         Fingerprinting asset 'post_images/819a77e1-60e7-400c-b94d-678787184e00.jpg' as 'post_images\819a77e1-60e7-400c-b94d-678787184e00#[.{fingerprint}]?.jpg' because it didn't match any pattern
         Accepted asset 'wwwroot\post_images\a88c638f-fc0b-4504-a2d3-95cd3fbf2eb3.jpg' for pattern 'wwwroot/**' with relative path 'post_images/a88c638f-fc0b-4504-a2d3-95cd3fbf2eb3.jpg'
         Computing fingerprint and integrity for asset 'wwwroot\post_images\a88c638f-fc0b-4504-a2d3-95cd3fbf2eb3.jpg'
         Fingerprinting asset 'post_images/a88c638f-fc0b-4504-a2d3-95cd3fbf2eb3.jpg' as 'post_images\a88c638f-fc0b-4504-a2d3-95cd3fbf2eb3#[.{fingerprint}]?.jpg' because it didn't match any pattern
         Accepted asset 'wwwroot\post_images\b3ae85e7-08ab-4552-a73f-20ccc2c98790.jpg' for pattern 'wwwroot/**' with relative path 'post_images/b3ae85e7-08ab-4552-a73f-20ccc2c98790.jpg'
         Computing fingerprint and integrity for asset 'wwwroot\post_images\b3ae85e7-08ab-4552-a73f-20ccc2c98790.jpg'
         Fingerprinting asset 'post_images/b3ae85e7-08ab-4552-a73f-20ccc2c98790.jpg' as 'post_images\b3ae85e7-08ab-4552-a73f-20ccc2c98790#[.{fingerprint}]?.jpg' because it didn't match any pattern
         Accepted asset 'wwwroot\post_images\bcce3aa6-aed7-40e6-9374-9f713cba509b.jpg' for pattern 'wwwroot/**' with relative path 'post_images/bcce3aa6-aed7-40e6-9374-9f713cba509b.jpg'
         Computing fingerprint and integrity for asset 'wwwroot\post_images\bcce3aa6-aed7-40e6-9374-9f713cba509b.jpg'
         Fingerprinting asset 'post_images/bcce3aa6-aed7-40e6-9374-9f713cba509b.jpg' as 'post_images\bcce3aa6-aed7-40e6-9374-9f713cba509b#[.{fingerprint}]?.jpg' because it didn't match any pattern
         Accepted asset 'wwwroot\post_images\bd7a09ad-6af7-4245-b156-571cd228d45f.png' for pattern 'wwwroot/**' with relative path 'post_images/bd7a09ad-6af7-4245-b156-571cd228d45f.png'
         Computing fingerprint and integrity for asset 'wwwroot\post_images\bd7a09ad-6af7-4245-b156-571cd228d45f.png'
         Fingerprinting asset 'post_images/bd7a09ad-6af7-4245-b156-571cd228d45f.png' as 'post_images\bd7a09ad-6af7-4245-b156-571cd228d45f#[.{fingerprint}]?.png' because it didn't match any pattern
         Accepted asset 'wwwroot\post_images\bebf4a2a-a00b-4c1e-8814-f2812a3f1caf.jpg' for pattern 'wwwroot/**' with relative path 'post_images/bebf4a2a-a00b-4c1e-8814-f2812a3f1caf.jpg'
         Computing fingerprint and integrity for asset 'wwwroot\post_images\bebf4a2a-a00b-4c1e-8814-f2812a3f1caf.jpg'
         Fingerprinting asset 'post_images/bebf4a2a-a00b-4c1e-8814-f2812a3f1caf.jpg' as 'post_images\bebf4a2a-a00b-4c1e-8814-f2812a3f1caf#[.{fingerprint}]?.jpg' because it didn't match any pattern
         Accepted asset 'wwwroot\post_images\c50c4d8c-c3d2-4030-b4d9-4a7f600a83a7.jpg' for pattern 'wwwroot/**' with relative path 'post_images/c50c4d8c-c3d2-4030-b4d9-4a7f600a83a7.jpg'
         Computing fingerprint and integrity for asset 'wwwroot\post_images\c50c4d8c-c3d2-4030-b4d9-4a7f600a83a7.jpg'
         Fingerprinting asset 'post_images/c50c4d8c-c3d2-4030-b4d9-4a7f600a83a7.jpg' as 'post_images\c50c4d8c-c3d2-4030-b4d9-4a7f600a83a7#[.{fingerprint}]?.jpg' because it didn't match any pattern
         Accepted asset 'wwwroot\post_images\fb251974-9139-4d47-b65e-3d25aeab8e8b.jpg' for pattern 'wwwroot/**' with relative path 'post_images/fb251974-9139-4d47-b65e-3d25aeab8e8b.jpg'
         Computing fingerprint and integrity for asset 'wwwroot\post_images\fb251974-9139-4d47-b65e-3d25aeab8e8b.jpg'
         Fingerprinting asset 'post_images/fb251974-9139-4d47-b65e-3d25aeab8e8b.jpg' as 'post_images\fb251974-9139-4d47-b65e-3d25aeab8e8b#[.{fingerprint}]?.jpg' because it didn't match any pattern
         Accepted asset 'wwwroot\post_images\fe4edeec-9c36-4542-a165-56cf0ee6da97.jpg' for pattern 'wwwroot/**' with relative path 'post_images/fe4edeec-9c36-4542-a165-56cf0ee6da97.jpg'
         Computing fingerprint and integrity for asset 'wwwroot\post_images\fe4edeec-9c36-4542-a165-56cf0ee6da97.jpg'
         Fingerprinting asset 'post_images/fe4edeec-9c36-4542-a165-56cf0ee6da97.jpg' as 'post_images\fe4edeec-9c36-4542-a165-56cf0ee6da97#[.{fingerprint}]?.jpg' because it didn't match any pattern
         Accepted asset 'wwwroot\post_images\ffe9d48a-c7c1-420e-a8e5-0dd8f393daa3.jpg' for pattern 'wwwroot/**' with relative path 'post_images/ffe9d48a-c7c1-420e-a8e5-0dd8f393daa3.jpg'
         Computing fingerprint and integrity for asset 'wwwroot\post_images\ffe9d48a-c7c1-420e-a8e5-0dd8f393daa3.jpg'
         Fingerprinting asset 'post_images/ffe9d48a-c7c1-420e-a8e5-0dd8f393daa3.jpg' as 'post_images\ffe9d48a-c7c1-420e-a8e5-0dd8f393daa3#[.{fingerprint}]?.jpg' because it didn't match any pattern
         Accepted asset 'wwwroot\upload.html' for pattern 'wwwroot/**' with relative path 'upload.html'
         Computing fingerprint and integrity for asset 'wwwroot\upload.html'
         Fingerprinting asset 'upload.html' as 'upload#[.{fingerprint}]?.html' because it didn't match any pattern
         Accepted asset 'wwwroot\Upload\Picture\1da69394-2a03-4248-972d-f794d0e41650.jpg' for pattern 'wwwroot/**' with relative path 'Upload/Picture/1da69394-2a03-4248-972d-f794d0e41650.jpg'
         Computing fingerprint and integrity for asset 'wwwroot\Upload\Picture\1da69394-2a03-4248-972d-f794d0e41650.jpg'
         Fingerprinting asset 'Upload/Picture/1da69394-2a03-4248-972d-f794d0e41650.jpg' as 'Upload/Picture\1da69394-2a03-4248-972d-f794d0e41650#[.{fingerprint}]?.jpg' because it didn't match any pattern
         Accepted asset 'wwwroot\Upload\Picture\3e412953-5e31-4c7b-bb1e-1e214bc8b6d1.jpg' for pattern 'wwwroot/**' with relative path 'Upload/Picture/3e412953-5e31-4c7b-bb1e-1e214bc8b6d1.jpg'
         Computing fingerprint and integrity for asset 'wwwroot\Upload\Picture\3e412953-5e31-4c7b-bb1e-1e214bc8b6d1.jpg'
         Fingerprinting asset 'Upload/Picture/3e412953-5e31-4c7b-bb1e-1e214bc8b6d1.jpg' as 'Upload/Picture\3e412953-5e31-4c7b-bb1e-1e214bc8b6d1#[.{fingerprint}]?.jpg' because it didn't match any pattern
         Accepted asset 'wwwroot\Upload\Picture\7dbdce9f-0e86-4ad0-bbfe-f51bd6b641d5.jpg' for pattern 'wwwroot/**' with relative path 'Upload/Picture/7dbdce9f-0e86-4ad0-bbfe-f51bd6b641d5.jpg'
         Computing fingerprint and integrity for asset 'wwwroot\Upload\Picture\7dbdce9f-0e86-4ad0-bbfe-f51bd6b641d5.jpg'
         Fingerprinting asset 'Upload/Picture/7dbdce9f-0e86-4ad0-bbfe-f51bd6b641d5.jpg' as 'Upload/Picture\7dbdce9f-0e86-4ad0-bbfe-f51bd6b641d5#[.{fingerprint}]?.jpg' because it didn't match any pattern
         Accepted asset 'wwwroot\Upload\Picture\9c9dc77d-a715-4bcd-9b49-30ce366c74d8.jpg' for pattern 'wwwroot/**' with relative path 'Upload/Picture/9c9dc77d-a715-4bcd-9b49-30ce366c74d8.jpg'
         Computing fingerprint and integrity for asset 'wwwroot\Upload\Picture\9c9dc77d-a715-4bcd-9b49-30ce366c74d8.jpg'
         Fingerprinting asset 'Upload/Picture/9c9dc77d-a715-4bcd-9b49-30ce366c74d8.jpg' as 'Upload/Picture\9c9dc77d-a715-4bcd-9b49-30ce366c74d8#[.{fingerprint}]?.jpg' because it didn't match any pattern
         Accepted asset 'wwwroot\Upload\Picture\da9ec11e-34b5-4b53-a87f-d784a8c0d159.jpg' for pattern 'wwwroot/**' with relative path 'Upload/Picture/da9ec11e-34b5-4b53-a87f-d784a8c0d159.jpg'
         Computing fingerprint and integrity for asset 'wwwroot\Upload\Picture\da9ec11e-34b5-4b53-a87f-d784a8c0d159.jpg'
         Fingerprinting asset 'Upload/Picture/da9ec11e-34b5-4b53-a87f-d784a8c0d159.jpg' as 'Upload/Picture\da9ec11e-34b5-4b53-a87f-d784a8c0d159#[.{fingerprint}]?.jpg' because it didn't match any pattern
         Accepted asset 'wwwroot\Upload\Picture\dc7c84d1-2aad-44af-a383-3db5b9102f92.jpg' for pattern 'wwwroot/**' with relative path 'Upload/Picture/dc7c84d1-2aad-44af-a383-3db5b9102f92.jpg'
         Computing fingerprint and integrity for asset 'wwwroot\Upload\Picture\dc7c84d1-2aad-44af-a383-3db5b9102f92.jpg'
         Fingerprinting asset 'Upload/Picture/dc7c84d1-2aad-44af-a383-3db5b9102f92.jpg' as 'Upload/Picture\dc7c84d1-2aad-44af-a383-3db5b9102f92#[.{fingerprint}]?.jpg' because it didn't match any pattern
         Rejected asset 'appsettings.Development.json' for pattern 'wwwroot/**'
         Rejected asset 'appsettings.json' for pattern 'wwwroot/**'
         Assembly loaded during TaskRun (Microsoft.AspNetCore.StaticWebAssets.Tasks.DefineStaticWebAssets): System.IO.Pipelines, Version=9.0.0.0, Culture=neutral, PublicKeyToken=cc7b13ffcd2ddd51 (location: C:\Program Files\dotnet\shared\Microsoft.NETCore.App\9.0.15\System.IO.Pipelines.dll, MVID: 0ce2fb9a-9c60-4893-bc84-7ea8a22f3563, AssemblyLoadContext: Default)
       Done executing task "DefineStaticWebAssets".
       Task "DefineStaticWebAssetEndpoints"
         Matched post_images/324ce386-909a-4ece-bdb3-3934e54ef763.jpg to image/jpeg using pattern *.jpg
         Matched post_images/38d0583e-d880-41bd-a28d-888eba1232ba.jpg to image/jpeg using pattern *.jpg
         Matched post_images/b3ae85e7-08ab-4552-a73f-20ccc2c98790.jpg to image/jpeg using pattern *.jpg
         Matched post_images/1431ceb3-435f-4371-87a1-230c1cd1f575.jpg to image/jpeg using pattern *.jpg
         Matched post_images/a88c638f-fc0b-4504-a2d3-95cd3fbf2eb3.jpg to image/jpeg using pattern *.jpg
         Matched post_images/305ccad3-9587-4272-acb5-96700cfe3230.jpg to image/jpeg using pattern *.jpg
         Matched post_images/fb251974-9139-4d47-b65e-3d25aeab8e8b.jpg to image/jpeg using pattern *.jpg
         Matched post_images/bebf4a2a-a00b-4c1e-8814-f2812a3f1caf.jpg to image/jpeg using pattern *.jpg
         Matched post_images/10d3aa50-c840-4e29-8365-d3e80ed3bb9b.jpg to image/jpeg using pattern *.jpg
         Matched post_images/819a77e1-60e7-400c-b94d-678787184e00.jpg to image/jpeg using pattern *.jpg
         Matched post_images/bd7a09ad-6af7-4245-b156-571cd228d45f.png to image/png using pattern *.png
         Matched post_images/c50c4d8c-c3d2-4030-b4d9-4a7f600a83a7.jpg to image/jpeg using pattern *.jpg
         Matched post_images/bcce3aa6-aed7-40e6-9374-9f713cba509b.jpg to image/jpeg using pattern *.jpg
         Matched post_images/1b84e65b-1db9-48c5-a427-fcfd1e5f57e7.jpg to image/jpeg using pattern *.jpg
         Matched post_images/10d3aa50-c840-4e29-8365-d3e80ed3bb9b.jpg to image/jpeg using pattern *.jpg
         Matched post_images/1431ceb3-435f-4371-87a1-230c1cd1f575.jpg to image/jpeg using pattern *.jpg
         Matched post_images/bebf4a2a-a00b-4c1e-8814-f2812a3f1caf.jpg to image/jpeg using pattern *.jpg
         Matched post_images/c50c4d8c-c3d2-4030-b4d9-4a7f600a83a7.jpg to image/jpeg using pattern *.jpg
         Matched post_images/b3ae85e7-08ab-4552-a73f-20ccc2c98790.jpg to image/jpeg using pattern *.jpg
         Matched post_images/fb251974-9139-4d47-b65e-3d25aeab8e8b.jpg to image/jpeg using pattern *.jpg
         Matched post_images/a88c638f-fc0b-4504-a2d3-95cd3fbf2eb3.jpg to image/jpeg using pattern *.jpg
         Matched post_images/bcce3aa6-aed7-40e6-9374-9f713cba509b.jpg to image/jpeg using pattern *.jpg
         Matched post_images/324ce386-909a-4ece-bdb3-3934e54ef763.jpg to image/jpeg using pattern *.jpg
         Matched post_images/38d0583e-d880-41bd-a28d-888eba1232ba.jpg to image/jpeg using pattern *.jpg
         Matched post_images/bd7a09ad-6af7-4245-b156-571cd228d45f.png to image/png using pattern *.png
         Matched post_images/305ccad3-9587-4272-acb5-96700cfe3230.jpg to image/jpeg using pattern *.jpg
         Matched post_images/819a77e1-60e7-400c-b94d-678787184e00.jpg to image/jpeg using pattern *.jpg
         Matched post_images/1b84e65b-1db9-48c5-a427-fcfd1e5f57e7.jpg to image/jpeg using pattern *.jpg
         Adding endpoint post_images/819a77e1-60e7-400c-b94d-678787184e00.jpg for asset C:\Projects\QuickStockApi\QuickStock\wwwroot\post_images\819a77e1-60e7-400c-b94d-678787184e00.jpg.
         Adding endpoint post_images/bcce3aa6-aed7-40e6-9374-9f713cba509b.jpg for asset C:\Projects\QuickStockApi\QuickStock\wwwroot\post_images\bcce3aa6-aed7-40e6-9374-9f713cba509b.jpg.
         Adding endpoint post_images/bd7a09ad-6af7-4245-b156-571cd228d45f.png for asset C:\Projects\QuickStockApi\QuickStock\wwwroot\post_images\bd7a09ad-6af7-4245-b156-571cd228d45f.png.
         Adding endpoint post_images/bebf4a2a-a00b-4c1e-8814-f2812a3f1caf.jpg for asset C:\Projects\QuickStockApi\QuickStock\wwwroot\post_images\bebf4a2a-a00b-4c1e-8814-f2812a3f1caf.jpg.
         Adding endpoint post_images/305ccad3-9587-4272-acb5-96700cfe3230.jpg for asset C:\Projects\QuickStockApi\QuickStock\wwwroot\post_images\305ccad3-9587-4272-acb5-96700cfe3230.jpg.
         Adding endpoint post_images/1431ceb3-435f-4371-87a1-230c1cd1f575.jpg for asset C:\Projects\QuickStockApi\QuickStock\wwwroot\post_images\1431ceb3-435f-4371-87a1-230c1cd1f575.jpg.
         Adding endpoint post_images/305ccad3-9587-4272-acb5-96700cfe3230.p3vk9pjmzj.jpg for asset C:\Projects\QuickStockApi\QuickStock\wwwroot\post_images\305ccad3-9587-4272-acb5-96700cfe3230.jpg.
         Adding endpoint post_images/38d0583e-d880-41bd-a28d-888eba1232ba.jpg for asset C:\Projects\QuickStockApi\QuickStock\wwwroot\post_images\38d0583e-d880-41bd-a28d-888eba1232ba.jpg.
         Adding endpoint post_images/819a77e1-60e7-400c-b94d-678787184e00.oprv58h8dw.jpg for asset C:\Projects\QuickStockApi\QuickStock\wwwroot\post_images\819a77e1-60e7-400c-b94d-678787184e00.jpg.
         Adding endpoint post_images/38d0583e-d880-41bd-a28d-888eba1232ba.rmls2n1eq7.jpg for asset C:\Projects\QuickStockApi\QuickStock\wwwroot\post_images\38d0583e-d880-41bd-a28d-888eba1232ba.jpg.
         Adding endpoint post_images/bcce3aa6-aed7-40e6-9374-9f713cba509b.uflvxrcxh1.jpg for asset C:\Projects\QuickStockApi\QuickStock\wwwroot\post_images\bcce3aa6-aed7-40e6-9374-9f713cba509b.jpg.
         Adding endpoint post_images/bd7a09ad-6af7-4245-b156-571cd228d45f.obs04au2mo.png for asset C:\Projects\QuickStockApi\QuickStock\wwwroot\post_images\bd7a09ad-6af7-4245-b156-571cd228d45f.png.
         Adding endpoint post_images/c50c4d8c-c3d2-4030-b4d9-4a7f600a83a7.jpg for asset C:\Projects\QuickStockApi\QuickStock\wwwroot\post_images\c50c4d8c-c3d2-4030-b4d9-4a7f600a83a7.jpg.
         Adding endpoint post_images/bebf4a2a-a00b-4c1e-8814-f2812a3f1caf.e99k1qdzwf.jpg for asset C:\Projects\QuickStockApi\QuickStock\wwwroot\post_images\bebf4a2a-a00b-4c1e-8814-f2812a3f1caf.jpg.
         Adding endpoint post_images/c50c4d8c-c3d2-4030-b4d9-4a7f600a83a7.gs732w5oma.jpg for asset C:\Projects\QuickStockApi\QuickStock\wwwroot\post_images\c50c4d8c-c3d2-4030-b4d9-4a7f600a83a7.jpg.
         Matched post_images/fe4edeec-9c36-4542-a165-56cf0ee6da97.jpg to image/jpeg using pattern *.jpg
         Matched Upload/Picture/1da69394-2a03-4248-972d-f794d0e41650.jpg to image/jpeg using pattern *.jpg
         Matched Upload/Picture/9c9dc77d-a715-4bcd-9b49-30ce366c74d8.jpg to image/jpeg using pattern *.jpg
         Matched post_images/ffe9d48a-c7c1-420e-a8e5-0dd8f393daa3.jpg to image/jpeg using pattern *.jpg
         Matched post_images/fe4edeec-9c36-4542-a165-56cf0ee6da97.jpg to image/jpeg using pattern *.jpg
         Adding endpoint post_images/1b84e65b-1db9-48c5-a427-fcfd1e5f57e7.jpg for asset C:\Projects\QuickStockApi\QuickStock\wwwroot\post_images\1b84e65b-1db9-48c5-a427-fcfd1e5f57e7.jpg.
         Matched Upload/Picture/1da69394-2a03-4248-972d-f794d0e41650.jpg to image/jpeg using pattern *.jpg
         Adding endpoint post_images/1b84e65b-1db9-48c5-a427-fcfd1e5f57e7.q4dpa0jlre.jpg for asset C:\Projects\QuickStockApi\QuickStock\wwwroot\post_images\1b84e65b-1db9-48c5-a427-fcfd1e5f57e7.jpg.
         Adding endpoint post_images/fe4edeec-9c36-4542-a165-56cf0ee6da97.jpg for asset C:\Projects\QuickStockApi\QuickStock\wwwroot\post_images\fe4edeec-9c36-4542-a165-56cf0ee6da97.jpg.
         Adding endpoint post_images/1431ceb3-435f-4371-87a1-230c1cd1f575.q4dpa0jlre.jpg for asset C:\Projects\QuickStockApi\QuickStock\wwwroot\post_images\1431ceb3-435f-4371-87a1-230c1cd1f575.jpg.
         Adding endpoint Upload/Picture/1da69394-2a03-4248-972d-f794d0e41650.jpg for asset C:\Projects\QuickStockApi\QuickStock\wwwroot\Upload\Picture\1da69394-2a03-4248-972d-f794d0e41650.jpg.
         Matched Upload/Picture/9c9dc77d-a715-4bcd-9b49-30ce366c74d8.jpg to image/jpeg using pattern *.jpg
         Adding endpoint Upload/Picture/1da69394-2a03-4248-972d-f794d0e41650.br8lkqlj1p.jpg for asset C:\Projects\QuickStockApi\QuickStock\wwwroot\Upload\Picture\1da69394-2a03-4248-972d-f794d0e41650.jpg.
         Matched post_images/ffe9d48a-c7c1-420e-a8e5-0dd8f393daa3.jpg to image/jpeg using pattern *.jpg
         Adding endpoint post_images/10d3aa50-c840-4e29-8365-d3e80ed3bb9b.jpg for asset C:\Projects\QuickStockApi\QuickStock\wwwroot\post_images\10d3aa50-c840-4e29-8365-d3e80ed3bb9b.jpg.
         Adding endpoint post_images/fb251974-9139-4d47-b65e-3d25aeab8e8b.jpg for asset C:\Projects\QuickStockApi\QuickStock\wwwroot\post_images\fb251974-9139-4d47-b65e-3d25aeab8e8b.jpg.
         Adding endpoint post_images/ffe9d48a-c7c1-420e-a8e5-0dd8f393daa3.jpg for asset C:\Projects\QuickStockApi\QuickStock\wwwroot\post_images\ffe9d48a-c7c1-420e-a8e5-0dd8f393daa3.jpg.
         Adding endpoint post_images/a88c638f-fc0b-4504-a2d3-95cd3fbf2eb3.jpg for asset C:\Projects\QuickStockApi\QuickStock\wwwroot\post_images\a88c638f-fc0b-4504-a2d3-95cd3fbf2eb3.jpg.
         Adding endpoint post_images/ffe9d48a-c7c1-420e-a8e5-0dd8f393daa3.n6hwl3eyec.jpg for asset C:\Projects\QuickStockApi\QuickStock\wwwroot\post_images\ffe9d48a-c7c1-420e-a8e5-0dd8f393daa3.jpg.
         Adding endpoint post_images/fb251974-9139-4d47-b65e-3d25aeab8e8b.e99k1qdzwf.jpg for asset C:\Projects\QuickStockApi\QuickStock\wwwroot\post_images\fb251974-9139-4d47-b65e-3d25aeab8e8b.jpg.
         Matched Upload/Picture/da9ec11e-34b5-4b53-a87f-d784a8c0d159.jpg to image/jpeg using pattern *.jpg
         Adding endpoint post_images/a88c638f-fc0b-4504-a2d3-95cd3fbf2eb3.br8lkqlj1p.jpg for asset C:\Projects\QuickStockApi\QuickStock\wwwroot\post_images\a88c638f-fc0b-4504-a2d3-95cd3fbf2eb3.jpg.
         Adding endpoint post_images/324ce386-909a-4ece-bdb3-3934e54ef763.jpg for asset C:\Projects\QuickStockApi\QuickStock\wwwroot\post_images\324ce386-909a-4ece-bdb3-3934e54ef763.jpg.
         Adding endpoint post_images/324ce386-909a-4ece-bdb3-3934e54ef763.gs732w5oma.jpg for asset C:\Projects\QuickStockApi\QuickStock\wwwroot\post_images\324ce386-909a-4ece-bdb3-3934e54ef763.jpg.
         Matched Upload/Picture/da9ec11e-34b5-4b53-a87f-d784a8c0d159.jpg to image/jpeg using pattern *.jpg
         Adding endpoint post_images/b3ae85e7-08ab-4552-a73f-20ccc2c98790.jpg for asset C:\Projects\QuickStockApi\QuickStock\wwwroot\post_images\b3ae85e7-08ab-4552-a73f-20ccc2c98790.jpg.
         Adding endpoint Upload/Picture/da9ec11e-34b5-4b53-a87f-d784a8c0d159.jpg for asset C:\Projects\QuickStockApi\QuickStock\wwwroot\Upload\Picture\da9ec11e-34b5-4b53-a87f-d784a8c0d159.jpg.
         Adding endpoint Upload/Picture/da9ec11e-34b5-4b53-a87f-d784a8c0d159.q4dpa0jlre.jpg for asset C:\Projects\QuickStockApi\QuickStock\wwwroot\Upload\Picture\da9ec11e-34b5-4b53-a87f-d784a8c0d159.jpg.
         Adding endpoint post_images/b3ae85e7-08ab-4552-a73f-20ccc2c98790.9rrvjbvvow.jpg for asset C:\Projects\QuickStockApi\QuickStock\wwwroot\post_images\b3ae85e7-08ab-4552-a73f-20ccc2c98790.jpg.
         Matched Upload/Picture/7dbdce9f-0e86-4ad0-bbfe-f51bd6b641d5.jpg to image/jpeg using pattern *.jpg
         Matched Upload/Picture/3e412953-5e31-4c7b-bb1e-1e214bc8b6d1.jpg to image/jpeg using pattern *.jpg
         Matched upload.html to text/html using pattern *.html
         Matched Upload/Picture/dc7c84d1-2aad-44af-a383-3db5b9102f92.jpg to image/jpeg using pattern *.jpg
         Matched Upload/Picture/3e412953-5e31-4c7b-bb1e-1e214bc8b6d1.jpg to image/jpeg using pattern *.jpg
         Matched Upload/Picture/7dbdce9f-0e86-4ad0-bbfe-f51bd6b641d5.jpg to image/jpeg using pattern *.jpg
         Adding endpoint Upload/Picture/3e412953-5e31-4c7b-bb1e-1e214bc8b6d1.jpg for asset C:\Projects\QuickStockApi\QuickStock\wwwroot\Upload\Picture\3e412953-5e31-4c7b-bb1e-1e214bc8b6d1.jpg.
         Adding endpoint Upload/Picture/3e412953-5e31-4c7b-bb1e-1e214bc8b6d1.br8lkqlj1p.jpg for asset C:\Projects\QuickStockApi\QuickStock\wwwroot\Upload\Picture\3e412953-5e31-4c7b-bb1e-1e214bc8b6d1.jpg.
         Adding endpoint post_images/fe4edeec-9c36-4542-a165-56cf0ee6da97.oprv58h8dw.jpg for asset C:\Projects\QuickStockApi\QuickStock\wwwroot\post_images\fe4edeec-9c36-4542-a165-56cf0ee6da97.jpg.
         Matched upload.html to text/html using pattern *.html
         Matched Upload/Picture/dc7c84d1-2aad-44af-a383-3db5b9102f92.jpg to image/jpeg using pattern *.jpg
         Adding endpoint Upload/Picture/9c9dc77d-a715-4bcd-9b49-30ce366c74d8.jpg for asset C:\Projects\QuickStockApi\QuickStock\wwwroot\Upload\Picture\9c9dc77d-a715-4bcd-9b49-30ce366c74d8.jpg.
         Adding endpoint Upload/Picture/7dbdce9f-0e86-4ad0-bbfe-f51bd6b641d5.jpg for asset C:\Projects\QuickStockApi\QuickStock\wwwroot\Upload\Picture\7dbdce9f-0e86-4ad0-bbfe-f51bd6b641d5.jpg.
         Adding endpoint upload.html for asset C:\Projects\QuickStockApi\QuickStock\wwwroot\upload.html.
         Adding endpoint Upload/Picture/dc7c84d1-2aad-44af-a383-3db5b9102f92.jpg for asset C:\Projects\QuickStockApi\QuickStock\wwwroot\Upload\Picture\dc7c84d1-2aad-44af-a383-3db5b9102f92.jpg.
         Adding endpoint Upload/Picture/7dbdce9f-0e86-4ad0-bbfe-f51bd6b641d5.oprv58h8dw.jpg for asset C:\Projects\QuickStockApi\QuickStock\wwwroot\Upload\Picture\7dbdce9f-0e86-4ad0-bbfe-f51bd6b641d5.jpg.
         Adding endpoint upload.ed6tlp25k6.html for asset C:\Projects\QuickStockApi\QuickStock\wwwroot\upload.html.
         Adding endpoint Upload/Picture/dc7c84d1-2aad-44af-a383-3db5b9102f92.br8lkqlj1p.jpg for asset C:\Projects\QuickStockApi\QuickStock\wwwroot\Upload\Picture\dc7c84d1-2aad-44af-a383-3db5b9102f92.jpg.
         Adding endpoint post_images/10d3aa50-c840-4e29-8365-d3e80ed3bb9b.q4dpa0jlre.jpg for asset C:\Projects\QuickStockApi\QuickStock\wwwroot\post_images\10d3aa50-c840-4e29-8365-d3e80ed3bb9b.jpg.
         Adding endpoint Upload/Picture/9c9dc77d-a715-4bcd-9b49-30ce366c74d8.rmls2n1eq7.jpg for asset C:\Projects\QuickStockApi\QuickStock\wwwroot\Upload\Picture\9c9dc77d-a715-4bcd-9b49-30ce366c74d8.jpg.
       Done executing task "DefineStaticWebAssetEndpoints".
   2:6>Done building target "ResolveProjectStaticWebAssets" in project "QuickStock.csproj".
   2:6>Target "AssignTargetPaths" in file "C:\Program Files\dotnet\sdk\9.0.313\Microsoft.Common.CurrentVersion.targets" from project "C:\Projects\QuickStockApi\QuickStock\QuickStock.csproj" (target "PrepareResourceNames" depends on it):
       Using "AssignTargetPath" task from assembly "Microsoft.Build.Tasks.Core, Version=15.1.0.0, Culture=neutral, PublicKeyToken=b03f5f7f11d50a3a".
       Task "AssignTargetPath"
       Done executing task "AssignTargetPath".
       Task "AssignTargetPath"
       Done executing task "AssignTargetPath".
       Task "AssignTargetPath"
       Done executing task "AssignTargetPath".
       Task "AssignTargetPath"
       Done executing task "AssignTargetPath".
       Task "AssignTargetPath" skipped, due to false condition; ('@(_DeploymentBaseManifestWithTargetPath)'=='' and '%(None.Extension)'=='.manifest') was evaluated as (''=='' and '.json'=='.manifest').
       Task "AssignTargetPath" skipped, due to false condition; ('@(_DeploymentBaseManifestWithTargetPath)'=='' and '%(None.Extension)'=='.manifest') was evaluated as (''=='' and '.exe'=='.manifest').
   2:6>Done building target "AssignTargetPaths" in project "QuickStock.csproj".
       Target "AssignTargetPaths" skipped. Previously built successfully.
   2:6>Target "SplitResourcesByCulture" in file "C:\Program Files\dotnet\sdk\9.0.313\Microsoft.Common.CurrentVersion.targets" from project "C:\Projects\QuickStockApi\QuickStock\QuickStock.csproj" (target "PrepareResourceNames" depends on it):
       Task "MSBuildInternalMessage" skipped, due to false condition; ('@(ResxWithNoCulture)'!='') was evaluated as (''!='').
       Task "MSBuildInternalMessage" skipped, due to false condition; ('@(ResxWithCulture)'!='') was evaluated as (''!='').
       Task "MSBuildInternalMessage" skipped, due to false condition; ('@(NonResxWithCulture)'!='') was evaluated as (''!='').
       Task "MSBuildInternalMessage" skipped, due to false condition; ('@(NonResxWithNoCulture)'!='') was evaluated as (''!='').
       Using "AssignCulture" task from assembly "Microsoft.Build.Tasks.Core, Version=15.1.0.0, Culture=neutral, PublicKeyToken=b03f5f7f11d50a3a".
       Task "AssignCulture"
       Done executing task "AssignCulture".
   2:6>Done building target "SplitResourcesByCulture" in project "QuickStock.csproj".
       Target "CreateManifestResourceNames" skipped, due to false condition; ('@(EmbeddedResource)' != '') was evaluated as ('' != '').
   2:6>Target "CreateCustomManifestResourceNames" in file "C:\Program Files\dotnet\sdk\9.0.313\Microsoft.Common.CurrentVersion.targets" from project "C:\Projects\QuickStockApi\QuickStock\QuickStock.csproj" (target "PrepareResourceNames" depends on it):
   2:6>Done building target "CreateCustomManifestResourceNames" in project "QuickStock.csproj".
   2:6>Target "PrepareResourceNames" in file "C:\Program Files\dotnet\sdk\9.0.313\Microsoft.Common.CurrentVersion.targets" from project "C:\Projects\QuickStockApi\QuickStock\QuickStock.csproj" (target "PrepareResources" depends on it):
   2:6>Done building target "PrepareResourceNames" in project "QuickStock.csproj".
       Target "ResolveAssemblyReferences" skipped. Previously built successfully.
       Target "SplitResourcesByCulture" skipped. Previously built successfully.
   2:6>Target "BeforeResGen" in file "C:\Program Files\dotnet\sdk\9.0.313\Microsoft.Common.CurrentVersion.targets" from project "C:\Projects\QuickStockApi\QuickStock\QuickStock.csproj" (target "ResGen" depends on it):
   2:6>Done building target "BeforeResGen" in project "QuickStock.csproj".
       Target "ResolveReferences" skipped. Previously built successfully.
   2:6>Target "FindReferenceAssembliesForReferences" in file "C:\Program Files\dotnet\sdk\9.0.313\Microsoft.Common.CurrentVersion.targets" from project "C:\Projects\QuickStockApi\QuickStock\QuickStock.csproj" (target "CoreResGen" depends on it):
   2:6>Done building target "FindReferenceAssembliesForReferences" in project "QuickStock.csproj".
   2:6>Target "CoreResGen" in file "C:\Program Files\dotnet\sdk\9.0.313\Microsoft.Common.CurrentVersion.targets" from project "C:\Projects\QuickStockApi\QuickStock\QuickStock.csproj" (target "ResGen" depends on it):
       Task "GenerateResource" skipped, due to false condition; ('%(EmbeddedResource.Type)' == 'Resx' and '%(EmbeddedResource.GenerateResource)' != 'false' and '$(GenerateResourceMSBuildRuntime)' != 'CLR2') was evaluated as ('' == 'Resx' and '' != 'false' and 'CurrentRuntime' != 'CLR2').
       Task "GenerateResource" skipped, due to false condition; ('%(EmbeddedResource.Type)' == 'Resx' and '%(EmbeddedResource.GenerateResource)' != 'false' and '$(GenerateResourceMSBuildRuntime)' == 'CLR2') was evaluated as ('' == 'Resx' and '' != 'false' and 'CurrentRuntime' == 'CLR2').
   2:6>Done building target "CoreResGen" in project "QuickStock.csproj".
   2:6>Target "AfterResGen" in file "C:\Program Files\dotnet\sdk\9.0.313\Microsoft.Common.CurrentVersion.targets" from project "C:\Projects\QuickStockApi\QuickStock\QuickStock.csproj" (target "ResGen" depends on it):
   2:6>Done building target "AfterResGen" in project "QuickStock.csproj".
   2:6>Target "ResGen" in file "C:\Program Files\dotnet\sdk\9.0.313\Microsoft.Common.CurrentVersion.targets" from project "C:\Projects\QuickStockApi\QuickStock\QuickStock.csproj" (target "PrepareResources" depends on it):
   2:6>Done building target "ResGen" in project "QuickStock.csproj".
       Target "CompileLicxFiles" skipped, due to false condition; ('@(_LicxFile)'!='') was evaluated as (''!='').
   2:6>Target "PrepareResources" in file "C:\Program Files\dotnet\sdk\9.0.313\Microsoft.Common.CurrentVersion.targets" from project "C:\Projects\QuickStockApi\QuickStock\QuickStock.csproj" (target "CoreBuild" depends on it):
   2:6>Done building target "PrepareResources" in project "QuickStock.csproj".
       Target "ResolveKeySource" skipped, due to false condition; ($(SignManifests) == 'true' or $(SignAssembly) == 'true') was evaluated as ( == 'true' or false == 'true').
       Target "ResolveReferences" skipped. Previously built successfully.
       Target "ResolveKeySource" skipped, due to false condition; ($(SignManifests) == 'true' or $(SignAssembly) == 'true') was evaluated as ( == 'true' or false == 'true').
       Target "ResolveComReferences" skipped, due to false condition; ('@(COMReference)'!='' or '@(COMFileReference)'!='') was evaluated as (''!='' or ''!='').
       Target "ResolveNativeReferences" skipped, due to false condition; ('@(NativeReference)'!='') was evaluated as (''!='').
       Target "_SetExternalWin32ManifestProperties" skipped, due to false condition; ('$(GenerateClickOnceManifests)'=='true' or '@(NativeReference)'!='' or '@(ResolvedIsolatedComModules)'!='') was evaluated as (''=='true' or ''!='' or ''!='').
   2:6>Target "_SetEmbeddedWin32ManifestProperties" in file "C:\Program Files\dotnet\sdk\9.0.313\Microsoft.Common.CurrentVersion.targets" from project "C:\Projects\QuickStockApi\QuickStock\QuickStock.csproj" (target "SetWin32ManifestProperties" depends on it):
       Using "GetFrameworkPath" task from assembly "Microsoft.Build.Tasks.Core, Version=15.1.0.0, Culture=neutral, PublicKeyToken=b03f5f7f11d50a3a".
       Task "GetFrameworkPath"
       Done executing task "GetFrameworkPath".
   2:6>Done building target "_SetEmbeddedWin32ManifestProperties" in project "QuickStock.csproj".
   2:6>Target "SetWin32ManifestProperties" in file "C:\Program Files\dotnet\sdk\9.0.313\Microsoft.Common.CurrentVersion.targets" from project "C:\Projects\QuickStockApi\QuickStock\QuickStock.csproj" (target "Compile" depends on it):
   2:6>Done building target "SetWin32ManifestProperties" in project "QuickStock.csproj".
       Target "_SetPreferNativeArm64Win32ManifestProperties" skipped, due to false condition; ( '$(PreferNativeArm64)'=='true' and '$(NoWin32Manifest)'!='true') was evaluated as ( 'false'=='true' and ''!='true').
       Target "FindReferenceAssembliesForReferences" skipped. Previously built successfully.
   2:6>Target "_GenerateCompileInputs" in file "C:\Program Files\dotnet\sdk\9.0.313\Microsoft.Common.CurrentVersion.targets" from project "C:\Projects\QuickStockApi\QuickStock\QuickStock.csproj" (target "Compile" depends on it):
       Task "MSBuildInternalMessage" skipped, due to false condition; ('@(ManifestResourceWithNoCulture)'!='' and '%(ManifestResourceWithNoCulture.EmittedForCompatibilityOnly)'=='') was evaluated as (''!='' and ''=='').
       Task "MSBuildInternalMessage" skipped, due to false condition; ('@(ManifestNonResxWithNoCultureOnDisk)'!='' and '%(ManifestNonResxWithNoCultureOnDisk.EmittedForCompatibilityOnly)'=='') was evaluated as (''!='' and ''=='').
   2:6>Done building target "_GenerateCompileInputs" in project "QuickStock.csproj".
       Target "PrepareForBuild" skipped. Previously built successfully.
   2:6>Target "ResolveRazorConfiguration" in file "C:\Program Files\dotnet\sdk\9.0.313\Sdks\Microsoft.NET.Sdk.Razor\targets\Sdk.Razor.CurrentVersion.targets" from project "C:\Projects\QuickStockApi\QuickStock\QuickStock.csproj" (target "PrepareForRazorGenerate" depends on it):
       Task "Warning" skipped, due to false condition; ('$(_Targeting30OrNewerRazorLangVersion)' == 'true' AND '@(ResolvedRazorConfiguration->Count())' == '0') was evaluated as ('true' == 'true' AND '1' == '0').
       Task "Warning" skipped, due to false condition; ('$(_Targeting30OrNewerRazorLangVersion)' == 'true' AND '@(ResolvedRazorConfiguration->Count())' > '1') was evaluated as ('true' == 'true' AND '1' > '1').
       Task "Warning" skipped, due to false condition; ('$(_Targeting30OrNewerRazorLangVersion)' != 'true' AND '$(_TargetingNETCoreApp30OrLater)' == 'true') was evaluated as ('true' != 'true' AND 'true' == 'true').
       Using "FindInList" task from assembly "Microsoft.Build.Tasks.Core, Version=15.1.0.0, Culture=neutral, PublicKeyToken=b03f5f7f11d50a3a".
       Task "FindInList"
         Found "MVC-3.0".
       Done executing task "FindInList".
   2:6>Done building target "ResolveRazorConfiguration" in project "QuickStock.csproj".
       Target "ResolveRazorGenerateInputs" skipped. Previously built successfully.
       Target "AssignRazorGenerateTargetPaths" skipped, due to false condition; ('@(RazorGenerate)' != '') was evaluated as ('' != '').
   2:6>Target "ResolveScopedCssInputs" in file "C:\Program Files\dotnet\sdk\9.0.313\Sdks\Microsoft.NET.Sdk.StaticWebAssets\targets\Microsoft.NET.Sdk.StaticWebAssets.ScopedCss.targets" from project "C:\Projects\QuickStockApi\QuickStock\QuickStock.csproj" (target "ComputeCssScope" depends on it):
       Using "DiscoverDefaultScopedCssItems" task from assembly "C:\Program Files\dotnet\sdk\9.0.313\Sdks\Microsoft.NET.Sdk.StaticWebAssets\targets\..\tasks\net9.0\Microsoft.NET.Sdk.StaticWebAssets.Tasks.dll".
       Task "DiscoverDefaultScopedCssItems"
       Done executing task "DiscoverDefaultScopedCssItems".
   2:6>Done building target "ResolveScopedCssInputs" in project "QuickStock.csproj".
   2:6>Target "ComputeCssScope" in file "C:\Program Files\dotnet\sdk\9.0.313\Sdks\Microsoft.NET.Sdk.StaticWebAssets\targets\Microsoft.NET.Sdk.StaticWebAssets.ScopedCss.targets" from project "C:\Projects\QuickStockApi\QuickStock\QuickStock.csproj" (target "ResolveCssScopes" depends on it):
       Using "ComputeCssScope" task from assembly "C:\Program Files\dotnet\sdk\9.0.313\Sdks\Microsoft.NET.Sdk.StaticWebAssets\targets\..\tasks\net9.0\Microsoft.NET.Sdk.StaticWebAssets.Tasks.dll".
       Task "ComputeCssScope"
       Done executing task "ComputeCssScope".
   2:6>Done building target "ComputeCssScope" in project "QuickStock.csproj".
   2:6>Target "ResolveRazorComponentInputs" in file "C:\Program Files\dotnet\sdk\9.0.313\Sdks\Microsoft.NET.Sdk.Razor\targets\Sdk.Razor.CurrentVersion.targets" from project "C:\Projects\QuickStockApi\QuickStock\QuickStock.csproj" (target "ResolveCssScopes" depends on it):
   2:6>Done building target "ResolveRazorComponentInputs" in project "QuickStock.csproj".
       Target "ResolveRazorGenerateInputs" skipped. Previously built successfully.
   2:6>Target "ResolveCssScopes" in file "C:\Program Files\dotnet\sdk\9.0.313\Sdks\Microsoft.NET.Sdk.Razor\targets\Sdk.Razor.CurrentVersion.targets" from project "C:\Projects\QuickStockApi\QuickStock\QuickStock.csproj" (target "AssignRazorGenerateTargetPaths" depends on it):
       Using "ApplyCssScopes" task from assembly "C:\Program Files\dotnet\sdk\9.0.313\Sdks\Microsoft.NET.Sdk.StaticWebAssets\targets\..\tasks\net9.0\Microsoft.NET.Sdk.StaticWebAssets.Tasks.dll".
       Task "ApplyCssScopes"
       Done executing task "ApplyCssScopes".
   2:6>Done building target "ResolveCssScopes" in project "QuickStock.csproj".
   2:6>Target "_ResolveGeneratedRazorCompileInputs" in file "C:\Program Files\dotnet\sdk\9.0.313\Sdks\Microsoft.NET.Sdk.Razor\targets\Sdk.Razor.CurrentVersion.targets" from project "C:\Projects\QuickStockApi\QuickStock\QuickStock.csproj" (target "PrepareForRazorGenerate" depends on it):
   2:6>Done building target "_ResolveGeneratedRazorCompileInputs" in project "QuickStock.csproj".
       Target "_CheckForIncorrectMvcConfiguration" skipped, due to false condition; ('@(ResolvedRazorConfiguration)' == 'Default' AND
             ('$(RazorCompileOnBuild)' == 'true' OR '$(RazorCompileOnPublish)' =='true') AND
             '@(RazorGenerate->Count())' != '0' AND
             '$(_Targeting30OrNewerRazorLangVersion)' == 'true' AND
             '$(_IsTargetingRazor2X)' != 'true') was evaluated as ('MVC-3.0' == 'Default' AND
             ('true' == 'true' OR 'true' =='true') AND
             '0' != '0' AND
             'true' == 'true' AND
             '' != 'true').
   2:6>Target "PrepareForRazorGenerate" in file "C:\Program Files\dotnet\sdk\9.0.313\Sdks\Microsoft.NET.Sdk.Razor\targets\Sdk.Razor.CurrentVersion.targets" from project "C:\Projects\QuickStockApi\QuickStock\QuickStock.csproj" (target "_PrepareRazorSourceGenerators" depends on it):
   2:6>Done building target "PrepareForRazorGenerate" in project "QuickStock.csproj".
       Target "ResolveRazorConfiguration" skipped. Previously built successfully.
       Target "ResolveRazorComponentInputs" skipped. Previously built successfully.
       Target "_CheckForIncorrectComponentsConfiguration" skipped, due to false condition; (('$(RazorCompileOnBuild)' == 'true' OR '$(RazorCompileOnPublish)' =='true') AND
             '@(RazorComponent->Count())' != '0' AND
             '$(_Targeting30OrNewerRazorLangVersion)' != 'true' AND
             '$(_IsTargetingRazor2X)' != 'true') was evaluated as (('true' == 'true' OR 'true' =='true') AND
             '0' != '0' AND
             'true' != 'true' AND
             '' != 'true').
       Target "AssignRazorComponentTargetPaths" skipped, due to false condition; ('@(RazorComponent)' != '') was evaluated as ('' != '').
   2:6>Target "PrepareForRazorComponentGenerate" in file "C:\Program Files\dotnet\sdk\9.0.313\Sdks\Microsoft.NET.Sdk.Razor\targets\Sdk.Razor.CurrentVersion.targets" from project "C:\Projects\QuickStockApi\QuickStock\QuickStock.csproj" (target "_PrepareRazorSourceGenerators" depends on it):
   2:6>Done building target "PrepareForRazorComponentGenerate" in project "QuickStock.csproj".
   2:6>Target "_PrepareRazorSourceGenerators" in file "C:\Program Files\dotnet\sdk\9.0.313\Sdks\Microsoft.NET.Sdk.Razor\targets\Microsoft.NET.Sdk.Razor.SourceGenerators.targets" from project "C:\Projects\QuickStockApi\QuickStock\QuickStock.csproj" (target "GenerateMSBuildEditorConfigFileShouldRun" depends on it):
       Using "EncodeRazorInputItem" task from assembly "C:\Program Files\dotnet\sdk\9.0.313\Sdks\Microsoft.NET.Sdk.Razor\targets\..\tasks\net9.0\Microsoft.NET.Sdk.Razor.Tasks.dll".
       Task "EncodeRazorInputItem"
       Done executing task "EncodeRazorInputItem".
   2:6>Done building target "_PrepareRazorSourceGenerators" in project "QuickStock.csproj".
   2:6>Target "GenerateMSBuildEditorConfigFileShouldRun" in file "C:\Program Files\dotnet\sdk\9.0.313\Roslyn\Microsoft.Managed.Core.targets" from project "C:\Projects\QuickStockApi\QuickStock\QuickStock.csproj" (target "GenerateMSBuildEditorConfigFile" depends on it):
   2:6>Done building target "GenerateMSBuildEditorConfigFileShouldRun" in project "QuickStock.csproj".
   2:6>Target "AddGlobalAnalyzerConfigForPackage_MicrosoftCodeAnalysisCSharpCodeStyle" in file "C:\Program Files\dotnet\sdk\9.0.313\Sdks\Microsoft.NET.Sdk\codestyle\cs\build\Microsoft.CodeAnalysis.CSharp.CodeStyle.targets" from project "C:\Projects\QuickStockApi\QuickStock\QuickStock.csproj" (target "GenerateMSBuildEditorConfigFileCore" depends on it):
   2:6>Done building target "AddGlobalAnalyzerConfigForPackage_MicrosoftCodeAnalysisCSharpCodeStyle" in project "QuickStock.csproj".
   2:6>Target "GenerateMSBuildEditorConfigFileCore" in file "C:\Program Files\dotnet\sdk\9.0.313\Roslyn\Microsoft.Managed.Core.targets" from project "C:\Projects\QuickStockApi\QuickStock\QuickStock.csproj" (target "GenerateMSBuildEditorConfigFile" depends on it):
       Building target "GenerateMSBuildEditorConfigFileCore" completely.
       No input files were specified.
       Using "GenerateMSBuildEditorConfig" task from assembly "C:\Program Files\dotnet\sdk\9.0.313\Roslyn\Microsoft.Build.Tasks.CodeAnalysis.dll".
       Task "GenerateMSBuildEditorConfig"
       Done executing task "GenerateMSBuildEditorConfig".
   2:6>Done building target "GenerateMSBuildEditorConfigFileCore" in project "QuickStock.csproj".
   2:6>Target "GenerateMSBuildEditorConfigFile" in file "C:\Program Files\dotnet\sdk\9.0.313\Roslyn\Microsoft.Managed.Core.targets" from project "C:\Projects\QuickStockApi\QuickStock\QuickStock.csproj" (target "BeforeCompile" depends on it):
   2:6>Done building target "GenerateMSBuildEditorConfigFile" in project "QuickStock.csproj".
       Target "PrepareForBuild" skipped. Previously built successfully.
       Target "GetReferenceAssemblyPaths" skipped. Previously built successfully.
   2:6>Target "_SetTargetFrameworkMonikerAttribute" in file "C:\Program Files\dotnet\sdk\9.0.313\Microsoft.CSharp.CurrentVersion.targets" from project "C:\Projects\QuickStockApi\QuickStock\QuickStock.csproj" (target "GenerateTargetFrameworkMonikerAttribute" depends on it):
   2:6>Done building target "_SetTargetFrameworkMonikerAttribute" in project "QuickStock.csproj".
   2:6>Target "GenerateTargetFrameworkMonikerAttribute" in file "C:\Program Files\dotnet\sdk\9.0.313\Microsoft.Common.CurrentVersion.targets" from project "C:\Projects\QuickStockApi\QuickStock\QuickStock.csproj" (target "BeforeCompile" depends on it):
       Skipping target "GenerateTargetFrameworkMonikerAttribute" because all output files are up-to-date with respect to the input files.
       Input files: C:\Program Files\dotnet\sdk\9.0.313\Microsoft.Common.targets
       Output files: obj\Debug\net8.0\.NETCoreApp,Version=v8.0.AssemblyAttributes.cs
   2:6>Done building target "GenerateTargetFrameworkMonikerAttribute" in project "QuickStock.csproj".
       Target "GenerateAdditionalSources" skipped, due to false condition; ('@(AssemblyAttributes)' != '' and '$(GenerateAdditionalSources)' == 'true') was evaluated as ('' != '' and '' == 'true').
       Target "PrepareForBuild" skipped. Previously built successfully.
   2:6>Target "GetAssemblyVersion" in file "C:\Program Files\dotnet\sdk\9.0.313\Sdks\Microsoft.NET.Sdk\targets\Microsoft.NET.GenerateAssemblyInfo.targets" from project "C:\Projects\QuickStockApi\QuickStock\QuickStock.csproj" (target "GetAssemblyAttributes" depends on it):
       Using "GetAssemblyVersion" task from assembly "C:\Program Files\dotnet\sdk\9.0.313\Sdks\Microsoft.NET.Sdk\targets\..\tools\net9.0\Microsoft.NET.Build.Tasks.dll".
       Task "GetAssemblyVersion"
       Done executing task "GetAssemblyVersion".
   2:6>Done building target "GetAssemblyVersion" in project "QuickStock.csproj".
   2:6>Target "InitializeSourceControlInformationFromSourceControlManager" in file "C:\Program Files\dotnet\sdk\9.0.313\Sdks\Microsoft.Build.Tasks.Git\build\Microsoft.Build.Tasks.Git.targets" from project "C:\Projects\QuickStockApi\QuickStock\QuickStock.csproj" (target "_InitializeSourceControlInformationFromSourceControlManager" depends on it):
       Using "Microsoft.Build.Tasks.Git.LocateRepository" task from assembly "C:\Program Files\dotnet\sdk\9.0.313\Sdks\Microsoft.Build.Tasks.Git\build\..\tools\core\Microsoft.Build.Tasks.Git.dll".
       Task "Microsoft.Build.Tasks.Git.LocateRepository"
         SourceLink: Repository instance not found in cache: '*:C:\Projects\QuickStockApi\.git'
       Done executing task "Microsoft.Build.Tasks.Git.LocateRepository".
   2:6>Done building target "InitializeSourceControlInformationFromSourceControlManager" in project "QuickStock.csproj".
   2:6>Target "_SourceLinkHasSingleProvider" in file "C:\Program Files\dotnet\sdk\9.0.313\Sdks\Microsoft.SourceLink.Common\build\InitializeSourceControlInformation.targets" from project "C:\Projects\QuickStockApi\QuickStock\QuickStock.csproj" (target "_InitializeSourceControlInformationFromSourceControlManager" depends on it):
       Assembly loaded during TaskRun: Microsoft.SourceLink.Common, Version=9.0.13.6405, Culture=neutral, PublicKeyToken=31bf3856ad364e35 (location: C:\Program Files\dotnet\sdk\9.0.313\Sdks\Microsoft.SourceLink.Common\tools\core\Microsoft.SourceLink.Common.dll, MVID: b737e86a-ca3c-4b45-bf24-9dcece2da902, AssemblyLoadContext: MSBuild plugin C:\Program Files\dotnet\sdk\9.0.313\Sdks\Microsoft.SourceLink.Common\tools\core\Microsoft.SourceLink.Common.dll)
       Using "Microsoft.SourceLink.Common.SourceLinkHasSingleProvider" task from assembly "C:\Program Files\dotnet\sdk\9.0.313\Sdks\Microsoft.SourceLink.Common\build\..\tools\core\Microsoft.SourceLink.Common.dll".
       Task "Microsoft.SourceLink.Common.SourceLinkHasSingleProvider"
       Done executing task "Microsoft.SourceLink.Common.SourceLinkHasSingleProvider".
   2:6>Done building target "_SourceLinkHasSingleProvider" in project "QuickStock.csproj".
   2:6>Target "TranslateGitHubUrlsInSourceControlInformation" in file "C:\Program Files\dotnet\sdk\9.0.313\Sdks\Microsoft.SourceLink.GitHub\build\Microsoft.SourceLink.GitHub.targets" from project "C:\Projects\QuickStockApi\QuickStock\QuickStock.csproj" (target "_InitializeSourceControlInformationFromSourceControlManager" depends on it):
       Assembly loaded during TaskRun: Microsoft.SourceLink.GitHub, Version=9.0.13.6405, Culture=neutral, PublicKeyToken=31bf3856ad364e35 (location: C:\Program Files\dotnet\sdk\9.0.313\Sdks\Microsoft.SourceLink.GitHub\tools\core\Microsoft.SourceLink.GitHub.dll, MVID: dcfcc76f-2801-4749-a196-3261e0b82328, AssemblyLoadContext: MSBuild plugin C:\Program Files\dotnet\sdk\9.0.313\Sdks\Microsoft.SourceLink.GitHub\tools\core\Microsoft.SourceLink.GitHub.dll)
       Using "Microsoft.SourceLink.GitHub.TranslateRepositoryUrls" task from assembly "C:\Program Files\dotnet\sdk\9.0.313\Sdks\Microsoft.SourceLink.GitHub\build\..\tools\core\Microsoft.SourceLink.GitHub.dll".
       Task "Microsoft.SourceLink.GitHub.TranslateRepositoryUrls"
       Done executing task "Microsoft.SourceLink.GitHub.TranslateRepositoryUrls".
   2:6>Done building target "TranslateGitHubUrlsInSourceControlInformation" in project "QuickStock.csproj".
   2:6>Target "TranslateGitLabUrlsInSourceControlInformation" in file "C:\Program Files\dotnet\sdk\9.0.313\Sdks\Microsoft.SourceLink.GitLab\build\Microsoft.SourceLink.GitLab.targets" from project "C:\Projects\QuickStockApi\QuickStock\QuickStock.csproj" (target "_InitializeSourceControlInformationFromSourceControlManager" depends on it):
       Assembly loaded during TaskRun: Microsoft.SourceLink.GitLab, Version=9.0.13.6405, Culture=neutral, PublicKeyToken=31bf3856ad364e35 (location: C:\Program Files\dotnet\sdk\9.0.313\Sdks\Microsoft.SourceLink.GitLab\tools\core\Microsoft.SourceLink.GitLab.dll, MVID: 71803912-a96a-40e8-89cc-8ab80b4d8780, AssemblyLoadContext: MSBuild plugin C:\Program Files\dotnet\sdk\9.0.313\Sdks\Microsoft.SourceLink.GitLab\tools\core\Microsoft.SourceLink.GitLab.dll)
       Using "Microsoft.SourceLink.GitLab.TranslateRepositoryUrls" task from assembly "C:\Program Files\dotnet\sdk\9.0.313\Sdks\Microsoft.SourceLink.GitLab\build\..\tools\core\Microsoft.SourceLink.GitLab.dll".
       Task "Microsoft.SourceLink.GitLab.TranslateRepositoryUrls"
       Done executing task "Microsoft.SourceLink.GitLab.TranslateRepositoryUrls".
   2:6>Done building target "TranslateGitLabUrlsInSourceControlInformation" in project "QuickStock.csproj".
   2:6>Target "TranslateAzureReposGitUrlsInSourceControlInformation" in file "C:\Program Files\dotnet\sdk\9.0.313\Sdks\Microsoft.SourceLink.AzureRepos.Git\build\Microsoft.SourceLink.AzureRepos.Git.targets" from project "C:\Projects\QuickStockApi\QuickStock\QuickStock.csproj" (target "_InitializeSourceControlInformationFromSourceControlManager" depends on it):
       Assembly loaded during TaskRun: Microsoft.SourceLink.AzureRepos.Git, Version=9.0.13.6405, Culture=neutral, PublicKeyToken=31bf3856ad364e35 (location: C:\Program Files\dotnet\sdk\9.0.313\Sdks\Microsoft.SourceLink.AzureRepos.Git\tools\core\Microsoft.SourceLink.AzureRepos.Git.dll, MVID: cf8da110-31ff-4488-a59f-daf0972c92fd, AssemblyLoadContext: MSBuild plugin C:\Program Files\dotnet\sdk\9.0.313\Sdks\Microsoft.SourceLink.AzureRepos.Git\tools\core\Microsoft.SourceLink.AzureRepos.Git.dll)
       Using "Microsoft.SourceLink.AzureRepos.Git.TranslateRepositoryUrls" task from assembly "C:\Program Files\dotnet\sdk\9.0.313\Sdks\Microsoft.SourceLink.AzureRepos.Git\build\..\tools\core\Microsoft.SourceLink.AzureRepos.Git.dll".
       Task "Microsoft.SourceLink.AzureRepos.Git.TranslateRepositoryUrls"
       Done executing task "Microsoft.SourceLink.AzureRepos.Git.TranslateRepositoryUrls".
   2:6>Done building target "TranslateAzureReposGitUrlsInSourceControlInformation" in project "QuickStock.csproj".
   2:6>Target "TranslateBitbucketGitUrlsInSourceControlInformation" in file "C:\Program Files\dotnet\sdk\9.0.313\Sdks\Microsoft.SourceLink.Bitbucket.Git\build\Microsoft.SourceLink.Bitbucket.Git.targets" from project "C:\Projects\QuickStockApi\QuickStock\QuickStock.csproj" (target "_InitializeSourceControlInformationFromSourceControlManager" depends on it):
       Assembly loaded during TaskRun: Microsoft.SourceLink.Bitbucket.Git, Version=9.0.13.6405, Culture=neutral, PublicKeyToken=31bf3856ad364e35 (location: C:\Program Files\dotnet\sdk\9.0.313\Sdks\Microsoft.SourceLink.Bitbucket.Git\tools\core\Microsoft.SourceLink.Bitbucket.Git.dll, MVID: e344109e-dfc0-47ba-8843-e4aca636aaaa, AssemblyLoadContext: MSBuild plugin C:\Program Files\dotnet\sdk\9.0.313\Sdks\Microsoft.SourceLink.Bitbucket.Git\tools\core\Microsoft.SourceLink.Bitbucket.Git.dll)
       Using "Microsoft.SourceLink.Bitbucket.Git.TranslateRepositoryUrls" task from assembly "C:\Program Files\dotnet\sdk\9.0.313\Sdks\Microsoft.SourceLink.Bitbucket.Git\build\..\tools\core\Microsoft.SourceLink.Bitbucket.Git.dll".
       Task "Microsoft.SourceLink.Bitbucket.Git.TranslateRepositoryUrls"
       Done executing task "Microsoft.SourceLink.Bitbucket.Git.TranslateRepositoryUrls".
   2:6>Done building target "TranslateBitbucketGitUrlsInSourceControlInformation" in project "QuickStock.csproj".
   2:6>Target "SourceControlManagerPublishTranslatedUrls" in file "C:\Program Files\dotnet\sdk\9.0.313\Sdks\Microsoft.SourceLink.Common\build\InitializeSourceControlInformation.targets" from project "C:\Projects\QuickStockApi\QuickStock\QuickStock.csproj" (target "_InitializeSourceControlInformationFromSourceControlManager" depends on it):
   2:6>Done building target "SourceControlManagerPublishTranslatedUrls" in project "QuickStock.csproj".
   2:6>Target "_InitializeSourceControlInformationFromSourceControlManager" in file "C:\Program Files\dotnet\sdk\9.0.313\Sdks\Microsoft.SourceLink.Common\build\InitializeSourceControlInformation.targets" from project "C:\Projects\QuickStockApi\QuickStock\QuickStock.csproj" (target "InitializeSourceControlInformation" depends on it):
   2:6>Done building target "_InitializeSourceControlInformationFromSourceControlManager" in project "QuickStock.csproj".
   2:6>Target "InitializeSourceControlInformation" in file "C:\Program Files\dotnet\sdk\9.0.313\Microsoft.Common.CurrentVersion.targets" from project "C:\Projects\QuickStockApi\QuickStock\QuickStock.csproj" (target "GetAssemblyAttributes" depends on it):
   2:6>Done building target "InitializeSourceControlInformation" in project "QuickStock.csproj".
       Target "GetAssemblyVersion" skipped. Previously built successfully.
       Target "InitializeSourceControlInformation" skipped. Previously built successfully.
   2:6>Target "AddSourceRevisionToInformationalVersion" in file "C:\Program Files\dotnet\sdk\9.0.313\Sdks\Microsoft.NET.Sdk\targets\Microsoft.NET.GenerateAssemblyInfo.targets" from project "C:\Projects\QuickStockApi\QuickStock\QuickStock.csproj" (target "GetAssemblyAttributes" depends on it):
       C:\Program Files\dotnet\sdk\9.0.313\Sdks\Microsoft.NET.Sdk\targets\Microsoft.NET.GenerateAssemblyInfo.targets(70,7): message : Property reassignment: $(InformationalVersion)="1.0.0+6822e5527069fc679cadcac7fabbbefd0c260cec" (previous value: "1.0.0") at C:\Program Files\dotnet\sdk\9.0.313\Sdks\Microsoft.NET.Sdk\targets\Microsoft.NET.GenerateAssemblyInfo.targets (70,7) [C:\Projects\QuickStockApi\QuickStock\QuickStock.csproj]
   2:6>Done building target "AddSourceRevisionToInformationalVersion" in project "QuickStock.csproj".
       Target "_GetUserSecretsAssemblyAttribute" skipped, due to false condition; ( '$(UserSecretsId)' != '' AND '$(GenerateUserSecretsAttribute)' != 'false' AND '$(GeneratedUserSecretsAttributeFile)' == '' ) was evaluated as ( '' != '' AND '' != 'false' AND '' == '' ).
   2:6>Target "GetAssemblyAttributes" in file "C:\Program Files\dotnet\sdk\9.0.313\Sdks\Microsoft.NET.Sdk\targets\Microsoft.NET.GenerateAssemblyInfo.targets" from project "C:\Projects\QuickStockApi\QuickStock\QuickStock.csproj" (target "CreateGeneratedAssemblyInfoInputsCacheFile" depends on it):
   2:6>Done building target "GetAssemblyAttributes" in project "QuickStock.csproj".
   2:6>Target "CreateGeneratedAssemblyInfoInputsCacheFile" in file "C:\Program Files\dotnet\sdk\9.0.313\Sdks\Microsoft.NET.Sdk\targets\Microsoft.NET.GenerateAssemblyInfo.targets" from project "C:\Projects\QuickStockApi\QuickStock\QuickStock.csproj" (target "CoreGenerateAssemblyInfo" depends on it):
       Using "Hash" task from assembly "Microsoft.Build.Tasks.Core, Version=15.1.0.0, Culture=neutral, PublicKeyToken=b03f5f7f11d50a3a".
       Task "Hash"
       Done executing task "Hash".
       Task "WriteLinesToFile"
       Done executing task "WriteLinesToFile".
   2:6>Done building target "CreateGeneratedAssemblyInfoInputsCacheFile" in project "QuickStock.csproj".
   2:6>Target "CoreGenerateAssemblyInfo" in file "C:\Program Files\dotnet\sdk\9.0.313\Sdks\Microsoft.NET.Sdk\targets\Microsoft.NET.GenerateAssemblyInfo.targets" from project "C:\Projects\QuickStockApi\QuickStock\QuickStock.csproj" (target "GenerateAssemblyInfo" depends on it):
       Building target "CoreGenerateAssemblyInfo" completely.
       Output file "obj\Debug\net8.0\QuickStock.AssemblyInfo.cs" does not exist.
       Using "WriteCodeFragment" task from assembly "Microsoft.Build.Tasks.Core, Version=15.1.0.0, Culture=neutral, PublicKeyToken=b03f5f7f11d50a3a".
       Task "WriteCodeFragment"
         Emitted specified code into "obj\Debug\net8.0\QuickStock.AssemblyInfo.cs".
       Done executing task "WriteCodeFragment".
   2:6>Done building target "CoreGenerateAssemblyInfo" in project "QuickStock.csproj".
   2:6>Target "GenerateAssemblyInfo" in file "C:\Program Files\dotnet\sdk\9.0.313\Sdks\Microsoft.NET.Sdk\targets\Microsoft.NET.GenerateAssemblyInfo.targets" from project "C:\Projects\QuickStockApi\QuickStock\QuickStock.csproj" (target "BeforeCompile" depends on it):
   2:6>Done building target "GenerateAssemblyInfo" in project "QuickStock.csproj".
   2:6>Target "BeforeCompile" in file "C:\Program Files\dotnet\sdk\9.0.313\Microsoft.Common.CurrentVersion.targets" from project "C:\Projects\QuickStockApi\QuickStock\QuickStock.csproj" (target "Compile" depends on it):
   2:6>Done building target "BeforeCompile" in project "QuickStock.csproj".
       Target "_TimeStampBeforeCompile" skipped, due to false condition; ('$(RunPostBuildEvent)'=='OnOutputUpdated' or ('$(RegisterForComInterop)'=='true' and '$(OutputType)'=='library')) was evaluated as (''=='OnOutputUpdated' or (''=='true' and 'Exe'=='library')).
       Target "ResolveAssemblyReferences" skipped. Previously built successfully.
       Target "_GenerateCompileInputs" skipped. Previously built successfully.
   2:6>Target "_GenerateCompileDependencyCache" in file "C:\Program Files\dotnet\sdk\9.0.313\Microsoft.Common.CurrentVersion.targets" from project "C:\Projects\QuickStockApi\QuickStock\QuickStock.csproj" (target "Compile" depends on it):
       Task "Hash"
       Done executing task "Hash".
       Task "WriteLinesToFile"
       Done executing task "WriteLinesToFile".
   2:6>Done building target "_GenerateCompileDependencyCache" in project "QuickStock.csproj".
       Target "ResolveAssemblyReferences" skipped. Previously built successfully.
   2:6>Target "_DiscoverMvcApplicationParts" in file "C:\Program Files\dotnet\sdk\9.0.313\Sdks\Microsoft.NET.Sdk.Razor\targets\Microsoft.NET.Sdk.Razor.MvcApplicationPartsDiscovery.targets" from project "C:\Projects\QuickStockApi\QuickStock\QuickStock.csproj" (target "CoreCompile" depends on it):
       Building target "_DiscoverMvcApplicationParts" completely.
       Output file "obj\Debug\net8.0\QuickStock.MvcApplicationPartsAssemblyInfo.cache" does not exist.
       Using "FindAssembliesWithReferencesTo" task from assembly "C:\Program Files\dotnet\sdk\9.0.313\Sdks\Microsoft.NET.Sdk.Razor\targets\..\tasks\net9.0\Microsoft.NET.Sdk.Razor.Tasks.dll".
       Task "FindAssembliesWithReferencesTo"
       Done executing task "FindAssembliesWithReferencesTo".
       Task "WriteCodeFragment"
         Could not infer the type of parameter "#1" because the attribute type is unknown. The value will be treated as a string.
         Emitted specified code into "obj\Debug\net8.0\QuickStock.MvcApplicationPartsAssemblyInfo.cs".
       Done executing task "WriteCodeFragment".
       Task "Delete" skipped, due to false condition; ('@(_ApplicationPartAssemblyNames->Count())' == '0' AND Exists('$(_MvcApplicationPartAttributeGeneratedFile)')) was evaluated as ('1' == '0' AND Exists('obj\Debug\net8.0\QuickStock.MvcApplicationPartsAssemblyInfo.cs')).
       Using "Touch" task from assembly "Microsoft.Build.Tasks.Core, Version=15.1.0.0, Culture=neutral, PublicKeyToken=b03f5f7f11d50a3a".
       Task "Touch"
         Creating "obj\Debug\net8.0\QuickStock.MvcApplicationPartsAssemblyInfo.cache" because "AlwaysCreate" was specified.
         Touching "obj\Debug\net8.0\QuickStock.MvcApplicationPartsAssemblyInfo.cache".
       Done executing task "Touch".
   2:6>Done building target "_DiscoverMvcApplicationParts" in project "QuickStock.csproj".
       Target "_ComputeNonExistentFileProperty" skipped, due to false condition; (('$(BuildingInsideVisualStudio)' == 'true') and ('$(BuildingOutOfProcess)' != 'true') and (('$(BuildingProject)' == 'false') or ('$(UseHostCompilerIfAvailable)' == 'true'))) was evaluated as (('' == 'true') and ('' != 'true') and (('true' == 'false') or ('true' == 'true'))).
       Target "ResolveCodeAnalysisRuleSet" skipped, due to false condition; ('$(CodeAnalysisRuleSet)' != '') was evaluated as ('' != '').
       Target "ResolveRazorGenerateInputs" skipped. Previously built successfully.
   2:6>Target "_ResolveMvcAssemblyAttributes" in file "C:\Program Files\dotnet\sdk\9.0.313\Sdks\Microsoft.NET.Sdk.Razor\targets\Microsoft.NET.Sdk.Razor.Configuration.targets" from project "C:\Projects\QuickStockApi\QuickStock\QuickStock.csproj" (target "_GenerateRazorAssemblyInfo" depends on it):
   2:6>Done building target "_ResolveMvcAssemblyAttributes" in project "QuickStock.csproj".
       Target "RazorGetAssemblyAttributes" skipped, due to false condition; ('$(GenerateRazorHostingAssemblyInfo)'=='true' and '$(RazorDefaultConfiguration)'!='') was evaluated as (''=='true' and 'MVC-3.0'!='').
       Target "PrepareForBuild" skipped. Previously built successfully.
       Target "_CoreGenerateRazorAssemblyInfo" skipped, due to false condition; ('$(GenerateRazorAssemblyInfo)' == 'true' AND '@(_RazorAssemblyAttribute)' != '') was evaluated as ('' == 'true' AND '' != '').
   2:6>Target "_GenerateRazorAssemblyInfo" in file "C:\Program Files\dotnet\sdk\9.0.313\Sdks\Microsoft.NET.Sdk.Razor\targets\Microsoft.NET.Sdk.Razor.GenerateAssemblyInfo.targets" from project "C:\Projects\QuickStockApi\QuickStock\QuickStock.csproj" (target "CoreCompile" depends on it):
   2:6>Done building target "_GenerateRazorAssemblyInfo" in project "QuickStock.csproj".
       Target "ShimReferencePathsWhenCommonTargetsDoesNotUnderstandReferenceAssemblies" skipped, due to false condition; ('@(ReferencePathWithRefAssemblies)' == '') was evaluated as ('C:\Users\Unknown\.nuget\packages\bcrypt.net-next\4.0.3\lib\net6.0\BCrypt.Net-Next.dll;C:\Users\Unknown\.nuget\packages\bouncycastle.cryptography\2.6.2\lib\net6.0\BouncyCastle.Cryptography.dll;C:\Users\Unknown\.nuget\packages\google.protobuf\3.32.0\lib\net5.0\Google.Protobuf.dll;...' == '').
   2:6>Target "_BeforeVBCSCoreCompile" in file "C:\Program Files\dotnet\sdk\9.0.313\Roslyn\Microsoft.Managed.Core.targets" from project "C:\Projects\QuickStockApi\QuickStock\QuickStock.csproj" (target "CoreCompile" depends on it):
   2:6>Done building target "_BeforeVBCSCoreCompile" in project "QuickStock.csproj".
       Target "AdjustDefaultPlatformTargetForNetFrameworkExeWithNoNativeCopyLocalItems" skipped, due to false condition; ('$(_UsingDefaultPlatformTarget)' == 'true' and
                            '$(_UsingDefaultRuntimeIdentifier)' == 'true') was evaluated as ('true' == 'true' and
                            '' == 'true').
       Target "_DisableDiagnosticTracing" skipped, due to false condition; ('$(DisableDiagnosticTracing)' == 'true') was evaluated as ('' == 'true').
       Target "ShimReferencePathsWhenCommonTargetsDoesNotUnderstandReferenceAssemblies" skipped, due to false condition; ('@(ReferencePathWithRefAssemblies)' == '') was evaluated as ('C:\Users\Unknown\.nuget\packages\bcrypt.net-next\4.0.3\lib\net6.0\BCrypt.Net-Next.dll;C:\Users\Unknown\.nuget\packages\bouncycastle.cryptography\2.6.2\lib\net6.0\BouncyCastle.Cryptography.dll;C:\Users\Unknown\.nuget\packages\google.protobuf\3.32.0\lib\net5.0\Google.Protobuf.dll;...' == '').
   2:6>Target "_ComputeSkipAnalyzers" in file "C:\Program Files\dotnet\sdk\9.0.313\Roslyn\Microsoft.Managed.Core.targets" from project "C:\Projects\QuickStockApi\QuickStock\QuickStock.csproj" (target "CoreCompile" depends on it):
       Task "ShowMessageForImplicitlySkipAnalyzers" skipped, due to false condition; ('$(_ImplicitlySkipAnalyzers)' == 'true') was evaluated as ('' == 'true').
   2:6>Done building target "_ComputeSkipAnalyzers" in project "QuickStock.csproj".
       Target "_SetPathMapFromSourceRoots" skipped, due to false condition; ('$(DeterministicSourcePaths)' == 'true') was evaluated as ('' == 'true').
       Target "CreateCompilerGeneratedFilesOutputPath" skipped, due to false condition; ('$(EmitCompilerGeneratedFiles)' == 'true' and !('$(DesignTimeBuild)' == 'true' OR '$(BuildingProject)' != 'true')) was evaluated as ('false' == 'true' and !('' == 'true' OR 'true' != 'true')).
       Target "_CheckMicrosoftNetSdkCompilersToolsetPackageExists" skipped, due to false condition; ('$(_NeedToDownloadMicrosoftNetSdkCompilersToolsetPackage)' == 'true' and '$(DesignTimeBuild)' != 'true') was evaluated as ('' == 'true' and '' != 'true').
       Target "BeforeCompile" skipped. Previously built successfully.
       Target "InitializeSourceControlInformationFromSourceControlManager" skipped. Previously built successfully.
   2:6>Target "SetEmbeddedFilesFromSourceControlManagerUntrackedFiles" in file "C:\Program Files\dotnet\sdk\9.0.313\Sdks\Microsoft.Build.Tasks.Git\build\Microsoft.Build.Tasks.Git.targets" from project "C:\Projects\QuickStockApi\QuickStock\QuickStock.csproj" (target "_SetEmbeddedFilesFromSourceControlManagerUntrackedFiles" depends on it):
       Using "Microsoft.Build.Tasks.Git.GetUntrackedFiles" task from assembly "C:\Program Files\dotnet\sdk\9.0.313\Sdks\Microsoft.Build.Tasks.Git\build\..\tools\core\Microsoft.Build.Tasks.Git.dll".
       Task "Microsoft.Build.Tasks.Git.GetUntrackedFiles"
         SourceLink: Reusing cached git repository information.
       Done executing task "Microsoft.Build.Tasks.Git.GetUntrackedFiles".
   2:6>Done building target "SetEmbeddedFilesFromSourceControlManagerUntrackedFiles" in project "QuickStock.csproj".
   2:6>Target "_SetEmbeddedFilesFromSourceControlManagerUntrackedFiles" in file "C:\Program Files\dotnet\sdk\9.0.313\Sdks\Microsoft.SourceLink.Common\build\Microsoft.SourceLink.Common.targets" from project "C:\Projects\QuickStockApi\QuickStock\QuickStock.csproj" (target "CoreCompile" depends on it):
   2:6>Done building target "_SetEmbeddedFilesFromSourceControlManagerUntrackedFiles" in project "QuickStock.csproj".
       Target "InitializeSourceControlInformation" skipped. Previously built successfully.
   2:6>Target "_SetSourceLinkFilePath" in file "C:\Program Files\dotnet\sdk\9.0.313\Sdks\Microsoft.SourceLink.Common\build\Microsoft.SourceLink.Common.targets" from project "C:\Projects\QuickStockApi\QuickStock\QuickStock.csproj" (target "_GenerateSourceLinkFile" depends on it):
   2:6>Done building target "_SetSourceLinkFilePath" in project "QuickStock.csproj".
       Target "InitializeSourceControlInformation" skipped. Previously built successfully.
   2:6>Target "_InitializeSourceRootMappedPathsFromSourceControl" in file "C:\Program Files\dotnet\sdk\9.0.313\Roslyn\Microsoft.Managed.Core.targets" from project "C:\Projects\QuickStockApi\QuickStock\QuickStock.csproj" (target "InitializeSourceRootMappedPaths" depends on it):
   2:6>Done building target "_InitializeSourceRootMappedPathsFromSourceControl" in project "QuickStock.csproj".
   2:6>Target "InitializeSourceRootMappedPaths" in file "C:\Program Files\dotnet\sdk\9.0.313\Roslyn\Microsoft.Managed.Core.targets" from project "C:\Projects\QuickStockApi\QuickStock\QuickStock.csproj" (target "_InitializeSourceRootMappedPathsOpt" depends on it):
       Using "Microsoft.CodeAnalysis.BuildTasks.MapSourceRoots" task from assembly "C:\Program Files\dotnet\sdk\9.0.313\Roslyn\Microsoft.Build.Tasks.CodeAnalysis.dll".
       Task "Microsoft.CodeAnalysis.BuildTasks.MapSourceRoots"
       Done executing task "Microsoft.CodeAnalysis.BuildTasks.MapSourceRoots".
   2:6>Done building target "InitializeSourceRootMappedPaths" in project "QuickStock.csproj".
   2:6>Target "_InitializeSourceRootMappedPathsOpt" in file "C:\Program Files\dotnet\sdk\9.0.313\Sdks\Microsoft.SourceLink.Common\build\Microsoft.SourceLink.Common.targets" from project "C:\Projects\QuickStockApi\QuickStock\QuickStock.csproj" (target "_GenerateSourceLinkFile" depends on it):
   2:6>Done building target "_InitializeSourceRootMappedPathsOpt" in project "QuickStock.csproj".
   2:6>Target "_InitializeGitHubSourceLinkUrl" in file "C:\Program Files\dotnet\sdk\9.0.313\Sdks\Microsoft.SourceLink.GitHub\build\Microsoft.SourceLink.GitHub.targets" from project "C:\Projects\QuickStockApi\QuickStock\QuickStock.csproj" (target "_GenerateSourceLinkFile" depends on it):
       Building target "_InitializeGitHubSourceLinkUrl" completely.
       No input files were specified.
       Using "Microsoft.SourceLink.GitHub.GetSourceLinkUrl" task from assembly "C:\Program Files\dotnet\sdk\9.0.313\Sdks\Microsoft.SourceLink.GitHub\build\..\tools\core\Microsoft.SourceLink.GitHub.dll".
       Task "Microsoft.SourceLink.GitHub.GetSourceLinkUrl"
       Done executing task "Microsoft.SourceLink.GitHub.GetSourceLinkUrl".
   2:6>Done building target "_InitializeGitHubSourceLinkUrl" in project "QuickStock.csproj".
   2:6>Target "_InitializeGitHubSourceLinkUrl" in file "C:\Program Files\dotnet\sdk\9.0.313\Sdks\Microsoft.SourceLink.GitHub\build\Microsoft.SourceLink.GitHub.targets" from project "C:\Projects\QuickStockApi\QuickStock\QuickStock.csproj" (target "_GenerateSourceLinkFile" depends on it):
       Building target "_InitializeGitHubSourceLinkUrl" completely.
       No input files were specified.
       Task "Microsoft.SourceLink.GitHub.GetSourceLinkUrl"
       Done executing task "Microsoft.SourceLink.GitHub.GetSourceLinkUrl".
   2:6>Done building target "_InitializeGitHubSourceLinkUrl" in project "QuickStock.csproj".
   2:6>Target "_InitializeGitHubSourceLinkUrl" in file "C:\Program Files\dotnet\sdk\9.0.313\Sdks\Microsoft.SourceLink.GitHub\build\Microsoft.SourceLink.GitHub.targets" from project "C:\Projects\QuickStockApi\QuickStock\QuickStock.csproj" (target "_GenerateSourceLinkFile" depends on it):
       Building target "_InitializeGitHubSourceLinkUrl" completely.
       No input files were specified.
       Task "Microsoft.SourceLink.GitHub.GetSourceLinkUrl"
       Done executing task "Microsoft.SourceLink.GitHub.GetSourceLinkUrl".
   2:6>Done building target "_InitializeGitHubSourceLinkUrl" in project "QuickStock.csproj".
   2:6>Target "_InitializeGitLabSourceLinkUrl" in file "C:\Program Files\dotnet\sdk\9.0.313\Sdks\Microsoft.SourceLink.GitLab\build\Microsoft.SourceLink.GitLab.targets" from project "C:\Projects\QuickStockApi\QuickStock\QuickStock.csproj" (target "_GenerateSourceLinkFile" depends on it):
       Building target "_InitializeGitLabSourceLinkUrl" completely.
       No input files were specified.
       Using "Microsoft.SourceLink.GitLab.GetSourceLinkUrl" task from assembly "C:\Program Files\dotnet\sdk\9.0.313\Sdks\Microsoft.SourceLink.GitLab\build\..\tools\core\Microsoft.SourceLink.GitLab.dll".
       Task "Microsoft.SourceLink.GitLab.GetSourceLinkUrl"
       C:\Program Files\dotnet\sdk\9.0.313\Sdks\Microsoft.SourceLink.GitLab\build\Microsoft.SourceLink.GitLab.targets(37,7): message : Property reassignment: $(_SourceLinkUrlToUpdate)="N/A" (previous value: "https://raw.githubusercontent.com/goldensuccesscollege/QuickStockApi/6822e5527069fc679cadcac7fabbbefd0c260cec/*") at C:\Program Files\dotnet\sdk\9.0.313\Sdks\Microsoft.SourceLink.GitLab\build\Microsoft.SourceLink.GitLab.targets (37,7) [C:\Projects\QuickStockApi\QuickStock\QuickStock.csproj]
       Done executing task "Microsoft.SourceLink.GitLab.GetSourceLinkUrl".
   2:6>Done building target "_InitializeGitLabSourceLinkUrl" in project "QuickStock.csproj".
   2:6>Target "_InitializeGitLabSourceLinkUrl" in file "C:\Program Files\dotnet\sdk\9.0.313\Sdks\Microsoft.SourceLink.GitLab\build\Microsoft.SourceLink.GitLab.targets" from project "C:\Projects\QuickStockApi\QuickStock\QuickStock.csproj" (target "_GenerateSourceLinkFile" depends on it):
       Building target "_InitializeGitLabSourceLinkUrl" completely.
       No input files were specified.
       Task "Microsoft.SourceLink.GitLab.GetSourceLinkUrl"
       C:\Program Files\dotnet\sdk\9.0.313\Sdks\Microsoft.SourceLink.GitLab\build\Microsoft.SourceLink.GitLab.targets(37,7): message : Property reassignment: $(_SourceLinkUrlToUpdate)="N/A" (previous value: "https://raw.githubusercontent.com/goldensuccesscollege/QuickStockApi/6822e5527069fc679cadcac7fabbbefd0c260cec/*") at C:\Program Files\dotnet\sdk\9.0.313\Sdks\Microsoft.SourceLink.GitLab\build\Microsoft.SourceLink.GitLab.targets (37,7) [C:\Projects\QuickStockApi\QuickStock\QuickStock.csproj]
       Done executing task "Microsoft.SourceLink.GitLab.GetSourceLinkUrl".
   2:6>Done building target "_InitializeGitLabSourceLinkUrl" in project "QuickStock.csproj".
   2:6>Target "_InitializeGitLabSourceLinkUrl" in file "C:\Program Files\dotnet\sdk\9.0.313\Sdks\Microsoft.SourceLink.GitLab\build\Microsoft.SourceLink.GitLab.targets" from project "C:\Projects\QuickStockApi\QuickStock\QuickStock.csproj" (target "_GenerateSourceLinkFile" depends on it):
       Building target "_InitializeGitLabSourceLinkUrl" completely.
       No input files were specified.
       Task "Microsoft.SourceLink.GitLab.GetSourceLinkUrl"
       C:\Program Files\dotnet\sdk\9.0.313\Sdks\Microsoft.SourceLink.GitLab\build\Microsoft.SourceLink.GitLab.targets(37,7): message : Property reassignment: $(_SourceLinkUrlToUpdate)="N/A" (previous value: "https://raw.githubusercontent.com/goldensuccesscollege/QuickStockApi/6822e5527069fc679cadcac7fabbbefd0c260cec/*") at C:\Program Files\dotnet\sdk\9.0.313\Sdks\Microsoft.SourceLink.GitLab\build\Microsoft.SourceLink.GitLab.targets (37,7) [C:\Projects\QuickStockApi\QuickStock\QuickStock.csproj]
       Done executing task "Microsoft.SourceLink.GitLab.GetSourceLinkUrl".
   2:6>Done building target "_InitializeGitLabSourceLinkUrl" in project "QuickStock.csproj".
   2:6>Target "_InitializeAzureReposGitSourceLinkUrl" in file "C:\Program Files\dotnet\sdk\9.0.313\Sdks\Microsoft.SourceLink.AzureRepos.Git\build\Microsoft.SourceLink.AzureRepos.Git.targets" from project "C:\Projects\QuickStockApi\QuickStock\QuickStock.csproj" (target "_GenerateSourceLinkFile" depends on it):
       Building target "_InitializeAzureReposGitSourceLinkUrl" completely.
       No input files were specified.
       Using "Microsoft.SourceLink.AzureRepos.Git.GetSourceLinkUrl" task from assembly "C:\Program Files\dotnet\sdk\9.0.313\Sdks\Microsoft.SourceLink.AzureRepos.Git\build\..\tools\core\Microsoft.SourceLink.AzureRepos.Git.dll".
       Task "Microsoft.SourceLink.AzureRepos.Git.GetSourceLinkUrl"
       Done executing task "Microsoft.SourceLink.AzureRepos.Git.GetSourceLinkUrl".
   2:6>Done building target "_InitializeAzureReposGitSourceLinkUrl" in project "QuickStock.csproj".
   2:6>Target "_InitializeAzureReposGitSourceLinkUrl" in file "C:\Program Files\dotnet\sdk\9.0.313\Sdks\Microsoft.SourceLink.AzureRepos.Git\build\Microsoft.SourceLink.AzureRepos.Git.targets" from project "C:\Projects\QuickStockApi\QuickStock\QuickStock.csproj" (target "_GenerateSourceLinkFile" depends on it):
       Building target "_InitializeAzureReposGitSourceLinkUrl" completely.
       No input files were specified.
       Task "Microsoft.SourceLink.AzureRepos.Git.GetSourceLinkUrl"
       Done executing task "Microsoft.SourceLink.AzureRepos.Git.GetSourceLinkUrl".
   2:6>Done building target "_InitializeAzureReposGitSourceLinkUrl" in project "QuickStock.csproj".
   2:6>Target "_InitializeAzureReposGitSourceLinkUrl" in file "C:\Program Files\dotnet\sdk\9.0.313\Sdks\Microsoft.SourceLink.AzureRepos.Git\build\Microsoft.SourceLink.AzureRepos.Git.targets" from project "C:\Projects\QuickStockApi\QuickStock\QuickStock.csproj" (target "_GenerateSourceLinkFile" depends on it):
       Building target "_InitializeAzureReposGitSourceLinkUrl" completely.
       No input files were specified.
       Task "Microsoft.SourceLink.AzureRepos.Git.GetSourceLinkUrl"
       Done executing task "Microsoft.SourceLink.AzureRepos.Git.GetSourceLinkUrl".
   2:6>Done building target "_InitializeAzureReposGitSourceLinkUrl" in project "QuickStock.csproj".
   2:6>Target "_InitializeBitbucketGitSourceLinkUrl" in file "C:\Program Files\dotnet\sdk\9.0.313\Sdks\Microsoft.SourceLink.Bitbucket.Git\build\Microsoft.SourceLink.Bitbucket.Git.targets" from project "C:\Projects\QuickStockApi\QuickStock\QuickStock.csproj" (target "_GenerateSourceLinkFile" depends on it):
       Building target "_InitializeBitbucketGitSourceLinkUrl" completely.
       No input files were specified.
       Using "Microsoft.SourceLink.Bitbucket.Git.GetSourceLinkUrl" task from assembly "C:\Program Files\dotnet\sdk\9.0.313\Sdks\Microsoft.SourceLink.Bitbucket.Git\build\..\tools\core\Microsoft.SourceLink.Bitbucket.Git.dll".
       Task "Microsoft.SourceLink.Bitbucket.Git.GetSourceLinkUrl"
       Done executing task "Microsoft.SourceLink.Bitbucket.Git.GetSourceLinkUrl".
   2:6>Done building target "_InitializeBitbucketGitSourceLinkUrl" in project "QuickStock.csproj".
   2:6>Target "_InitializeBitbucketGitSourceLinkUrl" in file "C:\Program Files\dotnet\sdk\9.0.313\Sdks\Microsoft.SourceLink.Bitbucket.Git\build\Microsoft.SourceLink.Bitbucket.Git.targets" from project "C:\Projects\QuickStockApi\QuickStock\QuickStock.csproj" (target "_GenerateSourceLinkFile" depends on it):
       Building target "_InitializeBitbucketGitSourceLinkUrl" completely.
       No input files were specified.
       Task "Microsoft.SourceLink.Bitbucket.Git.GetSourceLinkUrl"
       Done executing task "Microsoft.SourceLink.Bitbucket.Git.GetSourceLinkUrl".
   2:6>Done building target "_InitializeBitbucketGitSourceLinkUrl" in project "QuickStock.csproj".
   2:6>Target "_InitializeBitbucketGitSourceLinkUrl" in file "C:\Program Files\dotnet\sdk\9.0.313\Sdks\Microsoft.SourceLink.Bitbucket.Git\build\Microsoft.SourceLink.Bitbucket.Git.targets" from project "C:\Projects\QuickStockApi\QuickStock\QuickStock.csproj" (target "_GenerateSourceLinkFile" depends on it):
       Building target "_InitializeBitbucketGitSourceLinkUrl" completely.
       No input files were specified.
       Task "Microsoft.SourceLink.Bitbucket.Git.GetSourceLinkUrl"
       Done executing task "Microsoft.SourceLink.Bitbucket.Git.GetSourceLinkUrl".
   2:6>Done building target "_InitializeBitbucketGitSourceLinkUrl" in project "QuickStock.csproj".
   2:6>Target "_GenerateSourceLinkFile" in file "C:\Program Files\dotnet\sdk\9.0.313\Sdks\Microsoft.SourceLink.Common\build\Microsoft.SourceLink.Common.targets" from project "C:\Projects\QuickStockApi\QuickStock\QuickStock.csproj" (target "GenerateSourceLinkFile" depends on it):
       Building target "_GenerateSourceLinkFile" completely.
       No input files were specified.
       Using "Microsoft.SourceLink.Common.GenerateSourceLinkFile" task from assembly "C:\Program Files\dotnet\sdk\9.0.313\Sdks\Microsoft.SourceLink.Common\build\..\tools\core\Microsoft.SourceLink.Common.dll".
       Task "Microsoft.SourceLink.Common.GenerateSourceLinkFile"
         Updating Source Link file 'obj\Debug\net8.0\QuickStock.sourcelink.json'.
       Done executing task "Microsoft.SourceLink.Common.GenerateSourceLinkFile".
   2:6>Done building target "_GenerateSourceLinkFile" in project "QuickStock.csproj".
   2:6>Target "GenerateSourceLinkFile" in file "C:\Program Files\dotnet\sdk\9.0.313\Sdks\Microsoft.SourceLink.Common\build\Microsoft.SourceLink.Common.targets" from project "C:\Projects\QuickStockApi\QuickStock\QuickStock.csproj" (target "CoreCompile" depends on it):
   2:6>Done building target "GenerateSourceLinkFile" in project "QuickStock.csproj".
   2:6>Target "AddGlobalAnalyzerConfigForPackage_MicrosoftCodeAnalysisNetAnalyzers" in file "C:\Program Files\dotnet\sdk\9.0.313\Sdks\Microsoft.NET.Sdk\analyzers\build\Microsoft.CodeAnalysis.NetAnalyzers.targets" from project "C:\Projects\QuickStockApi\QuickStock\QuickStock.csproj" (target "CoreCompile" depends on it):
   2:6>Done building target "AddGlobalAnalyzerConfigForPackage_MicrosoftCodeAnalysisNetAnalyzers" in project "QuickStock.csproj".
       Target "AddGlobalAnalyzerConfigForPackage_MicrosoftCodeAnalysisNetAnalyzersDesign" skipped, due to false condition; ('$(SkipGlobalAnalyzerConfigForPackage)' != 'true' and ('$(AnalysisLevelDesign)' != '' or '$(AnalysisModeDesign)' != '')) was evaluated as ('' != 'true' and ('' != '' or '' != '')).
       Target "AddGlobalAnalyzerConfigForPackage_MicrosoftCodeAnalysisNetAnalyzersDocumentation" skipped, due to false condition; ('$(SkipGlobalAnalyzerConfigForPackage)' != 'true' and ('$(AnalysisLevelDocumentation)' != '' or '$(AnalysisModeDocumentation)' != '')) was evaluated as ('' != 'true' and ('' != '' or '' != '')).
       Target "AddGlobalAnalyzerConfigForPackage_MicrosoftCodeAnalysisNetAnalyzersGlobalization" skipped, due to false condition; ('$(SkipGlobalAnalyzerConfigForPackage)' != 'true' and ('$(AnalysisLevelGlobalization)' != '' or '$(AnalysisModeGlobalization)' != '')) was evaluated as ('' != 'true' and ('' != '' or '' != '')).
       Target "AddGlobalAnalyzerConfigForPackage_MicrosoftCodeAnalysisNetAnalyzersInteroperability" skipped, due to false condition; ('$(SkipGlobalAnalyzerConfigForPackage)' != 'true' and ('$(AnalysisLevelInteroperability)' != '' or '$(AnalysisModeInteroperability)' != '')) was evaluated as ('' != 'true' and ('' != '' or '' != '')).
       Target "AddGlobalAnalyzerConfigForPackage_MicrosoftCodeAnalysisNetAnalyzersMaintainability" skipped, due to false condition; ('$(SkipGlobalAnalyzerConfigForPackage)' != 'true' and ('$(AnalysisLevelMaintainability)' != '' or '$(AnalysisModeMaintainability)' != '')) was evaluated as ('' != 'true' and ('' != '' or '' != '')).
       Target "AddGlobalAnalyzerConfigForPackage_MicrosoftCodeAnalysisNetAnalyzersNaming" skipped, due to false condition; ('$(SkipGlobalAnalyzerConfigForPackage)' != 'true' and ('$(AnalysisLevelNaming)' != '' or '$(AnalysisModeNaming)' != '')) was evaluated as ('' != 'true' and ('' != '' or '' != '')).
       Target "AddGlobalAnalyzerConfigForPackage_MicrosoftCodeAnalysisNetAnalyzersPerformance" skipped, due to false condition; ('$(SkipGlobalAnalyzerConfigForPackage)' != 'true' and ('$(AnalysisLevelPerformance)' != '' or '$(AnalysisModePerformance)' != '')) was evaluated as ('' != 'true' and ('' != '' or '' != '')).
       Target "AddGlobalAnalyzerConfigForPackage_MicrosoftCodeAnalysisNetAnalyzersReliability" skipped, due to false condition; ('$(SkipGlobalAnalyzerConfigForPackage)' != 'true' and ('$(AnalysisLevelReliability)' != '' or '$(AnalysisModeReliability)' != '')) was evaluated as ('' != 'true' and ('' != '' or '' != '')).
       Target "AddGlobalAnalyzerConfigForPackage_MicrosoftCodeAnalysisNetAnalyzersSecurity" skipped, due to false condition; ('$(SkipGlobalAnalyzerConfigForPackage)' != 'true' and ('$(AnalysisLevelSecurity)' != '' or '$(AnalysisModeSecurity)' != '')) was evaluated as ('' != 'true' and ('' != '' or '' != '')).
       Target "AddGlobalAnalyzerConfigForPackage_MicrosoftCodeAnalysisNetAnalyzersUsage" skipped, due to false condition; ('$(SkipGlobalAnalyzerConfigForPackage)' != 'true' and ('$(AnalysisLevelUsage)' != '' or '$(AnalysisModeUsage)' != '')) was evaluated as ('' != 'true' and ('' != '' or '' != '')).
       Target "_CodeAnalysisTreatWarningsAsErrors" skipped, due to false condition; ('$(DesignTimeBuild)' == 'true' OR '$(BuildingProject)' != 'true') was evaluated as ('' == 'true' OR 'true' != 'true').
   2:6>Target "CoreCompile" in file "C:\Program Files\dotnet\sdk\9.0.313\Roslyn\Microsoft.CSharp.Core.targets" from project "C:\Projects\QuickStockApi\QuickStock\QuickStock.csproj" (target "Compile" depends on it):
       Building target "CoreCompile" completely.
       Output file "obj\Debug\net8.0\QuickStock.dll" does not exist.
       C:\Program Files\dotnet\sdk\9.0.313\Roslyn\Microsoft.CSharp.Core.targets(66,7): message : Property reassignment: $(NoWarn)="1701;1702;1701;1702" (previous value: "1701;1702") at C:\Program Files\dotnet\sdk\9.0.313\Roslyn\Microsoft.CSharp.Core.targets (66,7) [C:\Projects\QuickStockApi\QuickStock\QuickStock.csproj]
       Using "Csc" task from assembly "C:\Program Files\dotnet\sdk\9.0.313\Roslyn\Microsoft.Build.Tasks.CodeAnalysis.dll".
       Task "Csc"
         C:\Program Files\dotnet\dotnet.exe exec "C:\Program Files\dotnet\sdk\9.0.313\Roslyn\bincore\csc.dll" /noconfig /unsafe- /checked- /nowarn:1701,1702,1701,1702 /fullpaths /nostdlib+ /errorreport:prompt /warn:8 /define:TRACE;DEBUG;NET;NET8_0;NETCOREAPP;NET5_0_OR_GREATER;NET6_0_OR_GREATER;NET7_0_OR_GREATER;NET8_0_OR_GREATER;NETCOREAPP1_0_OR_GREATER;NETCOREAPP1_1_OR_GREATER;NETCOREAPP2_0_OR_GREATER;NETCOREAPP2_1_OR_GREATER;NETCOREAPP2_2_OR_GREATER;NETCOREAPP3_0_OR_GREATER;NETCOREAPP3_1_OR_GREATER /highentropyva+ /nullable:enable /reference:C:\Users\Unknown\.nuget\packages\bcrypt.net-next\4.0.3\lib\net6.0\BCrypt.Net-Next.dll /reference:C:\Users\Unknown\.nuget\packages\bouncycastle.cryptography\2.6.2\lib\net6.0\BouncyCastle.Cryptography.dll /reference:C:\Users\Unknown\.nuget\packages\google.protobuf\3.32.0\lib\net5.0\Google.Protobuf.dll /reference:C:\Users\Unknown\.nuget\packages\k4os.compression.lz4\1.3.8\lib\net6.0\K4os.Compression.LZ4.dll /reference:C:\Users\Unknown\.nuget\packages\k4os.compression.lz4.streams\1.3.8\lib\net6.0\K4os.Compression.LZ4.Streams.dll /reference:C:\Users\Unknown\.nuget\packages\k4os.hash.xxhash\1.0.8\lib\net6.0\K4os.Hash.xxHash.dll /reference:"C:\Program Files\dotnet\packs\Microsoft.AspNetCore.App.Ref\8.0.26\ref\net8.0\Microsoft.AspNetCore.Antiforgery.dll" /reference:"C:\Program Files\dotnet\packs\Microsoft.AspNetCore.App.Ref\8.0.26\ref\net8.0\Microsoft.AspNetCore.Authentication.Abstractions.dll" /reference:"C:\Program Files\dotnet\packs\Microsoft.AspNetCore.App.Ref\8.0.26\ref\net8.0\Microsoft.AspNetCore.Authentication.BearerToken.dll" /reference:"C:\Program Files\dotnet\packs\Microsoft.AspNetCore.App.Ref\8.0.26\ref\net8.0\Microsoft.AspNetCore.Authentication.Cookies.dll" /reference:"C:\Program Files\dotnet\packs\Microsoft.AspNetCore.App.Ref\8.0.26\ref\net8.0\Microsoft.AspNetCore.Authentication.Core.dll" /reference:"C:\Program Files\dotnet\packs\Microsoft.AspNetCore.App.Ref\8.0.26\ref\net8.0\Microsoft.AspNetCore.Authentication.dll" /reference:C:\Users\Unknown\.nuget\packages\microsoft.aspnetcore.authentication.jwtbearer\8.0.1\lib\net8.0\Microsoft.AspNetCore.Authentication.JwtBearer.dll /reference:"C:\Program Files\dotnet\packs\Microsoft.AspNetCore.App.Ref\8.0.26\ref\net8.0\Microsoft.AspNetCore.Authentication.OAuth.dll" /reference:"C:\Program Files\dotnet\packs\Microsoft.AspNetCore.App.Ref\8.0.26\ref\net8.0\Microsoft.AspNetCore.Authorization.dll" /reference:"C:\Program Files\dotnet\packs\Microsoft.AspNetCore.App.Ref\8.0.26\ref\net8.0\Microsoft.AspNetCore.Authorization.Policy.dll" /reference:"C:\Program Files\dotnet\packs\Microsoft.AspNetCore.App.Ref\8.0.26\ref\net8.0\Microsoft.AspNetCore.Components.Authorization.dll" /reference:"C:\Program Files\dotnet\packs\Microsoft.AspNetCore.App.Ref\8.0.26\ref\net8.0\Microsoft.AspNetCore.Components.dll" /reference:"C:\Program Files\dotnet\packs\Microsoft.AspNetCore.App.Ref\8.0.26\ref\net8.0\Microsoft.AspNetCore.Components.Endpoints.dll" /reference:"C:\Program Files\dotnet\packs\Microsoft.AspNetCore.App.Ref\8.0.26\ref\net8.0\Microsoft.AspNetCore.Components.Forms.dll" /reference:"C:\Program Files\dotnet\packs\Microsoft.AspNetCore.App.Ref\8.0.26\ref\net8.0\Microsoft.AspNetCore.Components.Server.dll" /reference:"C:\Program Files\dotnet\packs\Microsoft.AspNetCore.App.Ref\8.0.26\ref\net8.0\Microsoft.AspNetCore.Components.Web.dll" /reference:"C:\Program Files\dotnet\packs\Microsoft.AspNetCore.App.Ref\8.0.26\ref\net8.0\Microsoft.AspNetCore.Connections.Abstractions.dll" /reference:"C:\Program Files\dotnet\packs\Microsoft.AspNetCore.App.Ref\8.0.26\ref\net8.0\Microsoft.AspNetCore.CookiePolicy.dll" /reference:"C:\Program Files\dotnet\packs\Microsoft.AspNetCore.App.Ref\8.0.26\ref\net8.0\Microsoft.AspNetCore.Cors.dll" /reference:"C:\Program Files\dotnet\packs\Microsoft.AspNetCore.App.Ref\8.0.26\ref\net8.0\Microsoft.AspNetCore.Cryptography.Internal.dll" /reference:"C:\Program Files\dotnet\packs\Microsoft.AspNetCore.App.Ref\8.0.26\ref\net8.0\Microsoft.AspNetCore.Cryptography.KeyDerivation.dll" /reference:"C:\Program Files\dotnet\packs\Microsoft.AspNetCore.App.Ref\8.0.26\ref\net8.0\Microsoft.AspNetCore.DataProtection.Abstractions.dll" /reference:"C:\Program Files\dotnet\packs\Microsoft.AspNetCore.App.Ref\8.0.26\ref\net8.0\Microsoft.AspNetCore.DataProtection.dll" /reference:"C:\Program Files\dotnet\packs\Microsoft.AspNetCore.App.Ref\8.0.26\ref\net8.0\Microsoft.AspNetCore.DataProtection.Extensions.dll" /reference:"C:\Program Files\dotnet\packs\Microsoft.AspNetCore.App.Ref\8.0.26\ref\net8.0\Microsoft.AspNetCore.Diagnostics.Abstractions.dll" /reference:"C:\Program Files\dotnet\packs\Microsoft.AspNetCore.App.Ref\8.0.26\ref\net8.0\Microsoft.AspNetCore.Diagnostics.dll" /reference:"C:\Program Files\dotnet\packs\Microsoft.AspNetCore.App.Ref\8.0.26\ref\net8.0\Microsoft.AspNetCore.Diagnostics.HealthChecks.dll" /reference:"C:\Program Files\dotnet\packs\Microsoft.AspNetCore.App.Ref\8.0.26\ref\net8.0\Microsoft.AspNetCore.dll" /reference:"C:\Program Files\dotnet\packs\Microsoft.AspNetCore.App.Ref\8.0.26\ref\net8.0\Microsoft.AspNetCore.HostFiltering.dll" /reference:"C:\Program Files\dotnet\packs\Microsoft.AspNetCore.App.Ref\8.0.26\ref\net8.0\Microsoft.AspNetCore.Hosting.Abstractions.dll" /reference:"C:\Program Files\dotnet\packs\Microsoft.AspNetCore.App.Ref\8.0.26\ref\net8.0\Microsoft.AspNetCore.Hosting.dll" /reference:"C:\Program Files\dotnet\packs\Microsoft.AspNetCore.App.Ref\8.0.26\ref\net8.0\Microsoft.AspNetCore.Hosting.Server.Abstractions.dll" /reference:"C:\Program Files\dotnet\packs\Microsoft.AspNetCore.App.Ref\8.0.26\ref\net8.0\Microsoft.AspNetCore.Html.Abstractions.dll" /reference:"C:\Program Files\dotnet\packs\Microsoft.AspNetCore.App.Ref\8.0.26\ref\net8.0\Microsoft.AspNetCore.Http.Abstractions.dll" /reference:"C:\Program Files\dotnet\packs\Microsoft.AspNetCore.App.Ref\8.0.26\ref\net8.0\Microsoft.AspNetCore.Http.Connections.Common.dll" /reference:"C:\Program Files\dotnet\packs\Microsoft.AspNetCore.App.Ref\8.0.26\ref\net8.0\Microsoft.AspNetCore.Http.Connections.dll" /reference:"C:\Program Files\dotnet\packs\Microsoft.AspNetCore.App.Ref\8.0.26\ref\net8.0\Microsoft.AspNetCore.Http.dll" /reference:"C:\Program Files\dotnet\packs\Microsoft.AspNetCore.App.Ref\8.0.26\ref\net8.0\Microsoft.AspNetCore.Http.Extensions.dll" /reference:"C:\Program Files\dotnet\packs\Microsoft.AspNetCore.App.Ref\8.0.26\ref\net8.0\Microsoft.AspNetCore.Http.Features.dll" /reference:"C:\Program Files\dotnet\packs\Microsoft.AspNetCore.App.Ref\8.0.26\ref\net8.0\Microsoft.AspNetCore.Http.Results.dll" /reference:"C:\Program Files\dotnet\packs\Microsoft.AspNetCore.App.Ref\8.0.26\ref\net8.0\Microsoft.AspNetCore.HttpLogging.dll" /reference:"C:\Program Files\dotnet\packs\Microsoft.AspNetCore.App.Ref\8.0.26\ref\net8.0\Microsoft.AspNetCore.HttpOverrides.dll" /reference:"C:\Program Files\dotnet\packs\Microsoft.AspNetCore.App.Ref\8.0.26\ref\net8.0\Microsoft.AspNetCore.HttpsPolicy.dll" /reference:"C:\Program Files\dotnet\packs\Microsoft.AspNetCore.App.Ref\8.0.26\ref\net8.0\Microsoft.AspNetCore.Identity.dll" /reference:"C:\Program Files\dotnet\packs\Microsoft.AspNetCore.App.Ref\8.0.26\ref\net8.0\Microsoft.AspNetCore.Localization.dll" /reference:"C:\Program Files\dotnet\packs\Microsoft.AspNetCore.App.Ref\8.0.26\ref\net8.0\Microsoft.AspNetCore.Localization.Routing.dll" /reference:"C:\Program Files\dotnet\packs\Microsoft.AspNetCore.App.Ref\8.0.26\ref\net8.0\Microsoft.AspNetCore.Metadata.dll" /reference:"C:\Program Files\dotnet\packs\Microsoft.AspNetCore.App.Ref\8.0.26\ref\net8.0\Microsoft.AspNetCore.Mvc.Abstractions.dll" /reference:"C:\Program Files\dotnet\packs\Microsoft.AspNetCore.App.Ref\8.0.26\ref\net8.0\Microsoft.AspNetCore.Mvc.ApiExplorer.dll" /reference:"C:\Program Files\dotnet\packs\Microsoft.AspNetCore.App.Ref\8.0.26\ref\net8.0\Microsoft.AspNetCore.Mvc.Core.dll" /reference:"C:\Program Files\dotnet\packs\Microsoft.AspNetCore.App.Ref\8.0.26\ref\net8.0\Microsoft.AspNetCore.Mvc.Cors.dll" /reference:"C:\Program Files\dotnet\packs\Microsoft.AspNetCore.App.Ref\8.0.26\ref\net8.0\Microsoft.AspNetCore.Mvc.DataAnnotations.dll" /reference:"C:\Program Files\dotnet\packs\Microsoft.AspNetCore.App.Ref\8.0.26\ref\net8.0\Microsoft.AspNetCore.Mvc.dll" /reference:"C:\Program Files\dotnet\packs\Microsoft.AspNetCore.App.Ref\8.0.26\ref\net8.0\Microsoft.AspNetCore.Mvc.Formatters.Json.dll" /reference:"C:\Program Files\dotnet\packs\Microsoft.AspNetCore.App.Ref\8.0.26\ref\net8.0\Microsoft.AspNetCore.Mvc.Formatters.Xml.dll" /reference:"C:\Program Files\dotnet\packs\Microsoft.AspNetCore.App.Ref\8.0.26\ref\net8.0\Microsoft.AspNetCore.Mvc.Localization.dll" /reference:"C:\Program Files\dotnet\packs\Microsoft.AspNetCore.App.Ref\8.0.26\ref\net8.0\Microsoft.AspNetCore.Mvc.Razor.dll" /reference:"C:\Program Files\dotnet\packs\Microsoft.AspNetCore.App.Ref\8.0.26\ref\net8.0\Microsoft.AspNetCore.Mvc.RazorPages.dll" /reference:"C:\Program Files\dotnet\packs\Microsoft.AspNetCore.App.Ref\8.0.26\ref\net8.0\Microsoft.AspNetCore.Mvc.TagHelpers.dll" /reference:"C:\Program Files\dotnet\packs\Microsoft.AspNetCore.App.Ref\8.0.26\ref\net8.0\Microsoft.AspNetCore.Mvc.ViewFeatures.dll" /reference:"C:\Program Files\dotnet\packs\Microsoft.AspNetCore.App.Ref\8.0.26\ref\net8.0\Microsoft.AspNetCore.OutputCaching.dll" /reference:"C:\Program Files\dotnet\packs\Microsoft.AspNetCore.App.Ref\8.0.26\ref\net8.0\Microsoft.AspNetCore.RateLimiting.dll" /reference:"C:\Program Files\dotnet\packs\Microsoft.AspNetCore.App.Ref\8.0.26\ref\net8.0\Microsoft.AspNetCore.Razor.dll" /reference:"C:\Program Files\dotnet\packs\Microsoft.AspNetCore.App.Ref\8.0.26\ref\net8.0\Microsoft.AspNetCore.Razor.Runtime.dll" /reference:"C:\Program Files\dotnet\packs\Microsoft.AspNetCore.App.Ref\8.0.26\ref\net8.0\Microsoft.AspNetCore.RequestDecompression.dll" /reference:"C:\Program Files\dotnet\packs\Microsoft.AspNetCore.App.Ref\8.0.26\ref\net8.0\Microsoft.AspNetCore.ResponseCaching.Abstractions.dll" /reference:"C:\Program Files\dotnet\packs\Microsoft.AspNetCore.App.Ref\8.0.26\ref\net8.0\Microsoft.AspNetCore.ResponseCaching.dll" /reference:"C:\Program Files\dotnet\packs\Microsoft.AspNetCore.App.Ref\8.0.26\ref\net8.0\Microsoft.AspNetCore.ResponseCompression.dll" /reference:"C:\Program Files\dotnet\packs\Microsoft.AspNetCore.App.Ref\8.0.26\ref\net8.0\Microsoft.AspNetCore.Rewrite.dll" /reference:"C:\Program Files\dotnet\packs\Microsoft.AspNetCore.App.Ref\8.0.26\ref\net8.0\Microsoft.AspNetCore.Routing.Abstractions.dll" /reference:"C:\Program Files\dotnet\packs\Microsoft.AspNetCore.App.Ref\8.0.26\ref\net8.0\Microsoft.AspNetCore.Routing.dll" /reference:"C:\Program Files\dotnet\packs\Microsoft.AspNetCore.App.Ref\8.0.26\ref\net8.0\Microsoft.AspNetCore.Server.HttpSys.dll" /reference:"C:\Program Files\dotnet\packs\Microsoft.AspNetCore.App.Ref\8.0.26\ref\net8.0\Microsoft.AspNetCore.Server.IIS.dll" /reference:"C:\Program Files\dotnet\packs\Microsoft.AspNetCore.App.Ref\8.0.26\ref\net8.0\Microsoft.AspNetCore.Server.IISIntegration.dll" /reference:"C:\Program Files\dotnet\packs\Microsoft.AspNetCore.App.Ref\8.0.26\ref\net8.0\Microsoft.AspNetCore.Server.Kestrel.Core.dll" /reference:"C:\Program Files\dotnet\packs\Microsoft.AspNetCore.App.Ref\8.0.26\ref\net8.0\Microsoft.AspNetCore.Server.Kestrel.dll" /reference:"C:\Program Files\dotnet\packs\Microsoft.AspNetCore.App.Ref\8.0.26\ref\net8.0\Microsoft.AspNetCore.Server.Kestrel.Transport.NamedPipes.dll" /reference:"C:\Program Files\dotnet\packs\Microsoft.AspNetCore.App.Ref\8.0.26\ref\net8.0\Microsoft.AspNetCore.Server.Kestrel.Transport.Quic.dll" /reference:"C:\Program Files\dotnet\packs\Microsoft.AspNetCore.App.Ref\8.0.26\ref\net8.0\Microsoft.AspNetCore.Server.Kestrel.Transport.Sockets.dll" /reference:"C:\Program Files\dotnet\packs\Microsoft.AspNetCore.App.Ref\8.0.26\ref\net8.0\Microsoft.AspNetCore.Session.dll" /reference:"C:\Program Files\dotnet\packs\Microsoft.AspNetCore.App.Ref\8.0.26\ref\net8.0\Microsoft.AspNetCore.SignalR.Common.dll" /reference:"C:\Program Files\dotnet\packs\Microsoft.AspNetCore.App.Ref\8.0.26\ref\net8.0\Microsoft.AspNetCore.SignalR.Core.dll" /reference:"C:\Program Files\dotnet\packs\Microsoft.AspNetCore.App.Ref\8.0.26\ref\net8.0\Microsoft.AspNetCore.SignalR.dll" /reference:"C:\Program Files\dotnet\packs\Microsoft.AspNetCore.App.Ref\8.0.26\ref\net8.0\Microsoft.AspNetCore.SignalR.Protocols.Json.dll" /reference:"C:\Program Files\dotnet\packs\Microsoft.AspNetCore.App.Ref\8.0.26\ref\net8.0\Microsoft.AspNetCore.StaticFiles.dll" /reference:"C:\Program Files\dotnet\packs\Microsoft.AspNetCore.App.Ref\8.0.26\ref\net8.0\Microsoft.AspNetCore.WebSockets.dll" /reference:"C:\Program Files\dotnet\packs\Microsoft.AspNetCore.App.Ref\8.0.26\ref\net8.0\Microsoft.AspNetCore.WebUtilities.dll" /reference:"C:\Program Files\dotnet\packs\Microsoft.NETCore.App.Ref\8.0.26\ref\net8.0\Microsoft.CSharp.dll" /reference:C:\Users\Unknown\.nuget\packages\microsoft.entityframeworkcore.abstractions\8.0.11\lib\net8.0\Microsoft.EntityFrameworkCore.Abstractions.dll /reference:C:\Users\Unknown\.nuget\packages\microsoft.entityframeworkcore\8.0.11\lib\net8.0\Microsoft.EntityFrameworkCore.dll /reference:C:\Users\Unknown\.nuget\packages\microsoft.entityframeworkcore.relational\8.0.11\lib\net8.0\Microsoft.EntityFrameworkCore.Relational.dll /reference:"C:\Program Files\dotnet\packs\Microsoft.AspNetCore.App.Ref\8.0.26\ref\net8.0\Microsoft.Extensions.Caching.Abstractions.dll" /reference:"C:\Program Files\dotnet\packs\Microsoft.AspNetCore.App.Ref\8.0.26\ref\net8.0\Microsoft.Extensions.Caching.Memory.dll" /reference:"C:\Program Files\dotnet\packs\Microsoft.AspNetCore.App.Ref\8.0.26\ref\net8.0\Microsoft.Extensions.Configuration.Abstractions.dll" /reference:"C:\Program Files\dotnet\packs\Microsoft.AspNetCore.App.Ref\8.0.26\ref\net8.0\Microsoft.Extensions.Configuration.Binder.dll" /reference:"C:\Program Files\dotnet\packs\Microsoft.AspNetCore.App.Ref\8.0.26\ref\net8.0\Microsoft.Extensions.Configuration.CommandLine.dll" /reference:"C:\Program Files\dotnet\packs\Microsoft.AspNetCore.App.Ref\8.0.26\ref\net8.0\Microsoft.Extensions.Configuration.dll" /reference:"C:\Program Files\dotnet\packs\Microsoft.AspNetCore.App.Ref\8.0.26\ref\net8.0\Microsoft.Extensions.Configuration.EnvironmentVariables.dll" /reference:"C:\Program Files\dotnet\packs\Microsoft.AspNetCore.App.Ref\8.0.26\ref\net8.0\Microsoft.Extensions.Configuration.FileExtensions.dll" /reference:"C:\Program Files\dotnet\packs\Microsoft.AspNetCore.App.Ref\8.0.26\ref\net8.0\Microsoft.Extensions.Configuration.Ini.dll" /reference:"C:\Program Files\dotnet\packs\Microsoft.AspNetCore.App.Ref\8.0.26\ref\net8.0\Microsoft.Extensions.Configuration.Json.dll" /reference:"C:\Program Files\dotnet\packs\Microsoft.AspNetCore.App.Ref\8.0.26\ref\net8.0\Microsoft.Extensions.Configuration.KeyPerFile.dll" /reference:"C:\Program Files\dotnet\packs\Microsoft.AspNetCore.App.Ref\8.0.26\ref\net8.0\Microsoft.Extensions.Configuration.UserSecrets.dll" /reference:"C:\Program Files\dotnet\packs\Microsoft.AspNetCore.App.Ref\8.0.26\ref\net8.0\Microsoft.Extensions.Configuration.Xml.dll" /reference:"C:\Program Files\dotnet\packs\Microsoft.AspNetCore.App.Ref\8.0.26\ref\net8.0\Microsoft.Extensions.DependencyInjection.Abstractions.dll" /reference:"C:\Program Files\dotnet\packs\Microsoft.AspNetCore.App.Ref\8.0.26\ref\net8.0\Microsoft.Extensions.DependencyInjection.dll" /reference:"C:\Program Files\dotnet\packs\Microsoft.AspNetCore.App.Ref\8.0.26\ref\net8.0\Microsoft.Extensions.Diagnostics.Abstractions.dll" /reference:"C:\Program Files\dotnet\packs\Microsoft.AspNetCore.App.Ref\8.0.26\ref\net8.0\Microsoft.Extensions.Diagnostics.dll" /reference:"C:\Program Files\dotnet\packs\Microsoft.AspNetCore.App.Ref\8.0.26\ref\net8.0\Microsoft.Extensions.Diagnostics.HealthChecks.Abstractions.dll" /reference:"C:\Program Files\dotnet\packs\Microsoft.AspNetCore.App.Ref\8.0.26\ref\net8.0\Microsoft.Extensions.Diagnostics.HealthChecks.dll" /reference:"C:\Program Files\dotnet\packs\Microsoft.AspNetCore.App.Ref\8.0.26\ref\net8.0\Microsoft.Extensions.Features.dll" /reference:"C:\Program Files\dotnet\packs\Microsoft.AspNetCore.App.Ref\8.0.26\ref\net8.0\Microsoft.Extensions.FileProviders.Abstractions.dll" /reference:"C:\Program Files\dotnet\packs\Microsoft.AspNetCore.App.Ref\8.0.26\ref\net8.0\Microsoft.Extensions.FileProviders.Composite.dll" /reference:"C:\Program Files\dotnet\packs\Microsoft.AspNetCore.App.Ref\8.0.26\ref\net8.0\Microsoft.Extensions.FileProviders.Embedded.dll" /reference:"C:\Program Files\dotnet\packs\Microsoft.AspNetCore.App.Ref\8.0.26\ref\net8.0\Microsoft.Extensions.FileProviders.Physical.dll" /reference:"C:\Program Files\dotnet\packs\Microsoft.AspNetCore.App.Ref\8.0.26\ref\net8.0\Microsoft.Extensions.FileSystemGlobbing.dll" /reference:"C:\Program Files\dotnet\packs\Microsoft.AspNetCore.App.Ref\8.0.26\ref\net8.0\Microsoft.Extensions.Hosting.Abstractions.dll" /reference:"C:\Program Files\dotnet\packs\Microsoft.AspNetCore.App.Ref\8.0.26\ref\net8.0\Microsoft.Extensions.Hosting.dll" /reference:"C:\Program Files\dotnet\packs\Microsoft.AspNetCore.App.Ref\8.0.26\ref\net8.0\Microsoft.Extensions.Http.dll" /reference:"C:\Program Files\dotnet\packs\Microsoft.AspNetCore.App.Ref\8.0.26\ref\net8.0\Microsoft.Extensions.Identity.Core.dll" /reference:"C:\Program Files\dotnet\packs\Microsoft.AspNetCore.App.Ref\8.0.26\ref\net8.0\Microsoft.Extensions.Identity.Stores.dll" /reference:"C:\Program Files\dotnet\packs\Microsoft.AspNetCore.App.Ref\8.0.26\ref\net8.0\Microsoft.Extensions.Localization.Abstractions.dll" /reference:"C:\Program Files\dotnet\packs\Microsoft.AspNetCore.App.Ref\8.0.26\ref\net8.0\Microsoft.Extensions.Localization.dll" /reference:"C:\Program Files\dotnet\packs\Microsoft.AspNetCore.App.Ref\8.0.26\ref\net8.0\Microsoft.Extensions.Logging.Abstractions.dll" /reference:"C:\Program Files\dotnet\packs\Microsoft.AspNetCore.App.Ref\8.0.26\ref\net8.0\Microsoft.Extensions.Logging.Configuration.dll" /reference:"C:\Program Files\dotnet\packs\Microsoft.AspNetCore.App.Ref\8.0.26\ref\net8.0\Microsoft.Extensions.Logging.Console.dll" /reference:"C:\Program Files\dotnet\packs\Microsoft.AspNetCore.App.Ref\8.0.26\ref\net8.0\Microsoft.Extensions.Logging.Debug.dll" /reference:"C:\Program Files\dotnet\packs\Microsoft.AspNetCore.App.Ref\8.0.26\ref\net8.0\Microsoft.Extensions.Logging.dll" /reference:"C:\Program Files\dotnet\packs\Microsoft.AspNetCore.App.Ref\8.0.26\ref\net8.0\Microsoft.Extensions.Logging.EventLog.dll" /reference:"C:\Program Files\dotnet\packs\Microsoft.AspNetCore.App.Ref\8.0.26\ref\net8.0\Microsoft.Extensions.Logging.EventSource.dll" /reference:"C:\Program Files\dotnet\packs\Microsoft.AspNetCore.App.Ref\8.0.26\ref\net8.0\Microsoft.Extensions.Logging.TraceSource.dll" /reference:"C:\Program Files\dotnet\packs\Microsoft.AspNetCore.App.Ref\8.0.26\ref\net8.0\Microsoft.Extensions.ObjectPool.dll" /reference:"C:\Program Files\dotnet\packs\Microsoft.AspNetCore.App.Ref\8.0.26\ref\net8.0\Microsoft.Extensions.Options.ConfigurationExtensions.dll" /reference:"C:\Program Files\dotnet\packs\Microsoft.AspNetCore.App.Ref\8.0.26\ref\net8.0\Microsoft.Extensions.Options.DataAnnotations.dll" /reference:"C:\Program Files\dotnet\packs\Microsoft.AspNetCore.App.Ref\8.0.26\ref\net8.0\Microsoft.Extensions.Options.dll" /reference:"C:\Program Files\dotnet\packs\Microsoft.AspNetCore.App.Ref\8.0.26\ref\net8.0\Microsoft.Extensions.Primitives.dll" /reference:"C:\Program Files\dotnet\packs\Microsoft.AspNetCore.App.Ref\8.0.26\ref\net8.0\Microsoft.Extensions.WebEncoders.dll" /reference:C:\Users\Unknown\.nuget\packages\microsoft.identitymodel.abstractions\8.14.0\lib\net8.0\Microsoft.IdentityModel.Abstractions.dll /reference:C:\Users\Unknown\.nuget\packages\microsoft.identitymodel.jsonwebtokens\8.14.0\lib\net8.0\Microsoft.IdentityModel.JsonWebTokens.dll /reference:C:\Users\Unknown\.nuget\packages\microsoft.identitymodel.logging\8.14.0\lib\net8.0\Microsoft.IdentityModel.Logging.dll /reference:C:\Users\Unknown\.nuget\packages\microsoft.identitymodel.protocols\7.1.2\lib\net8.0\Microsoft.IdentityModel.Protocols.dll /reference:C:\Users\Unknown\.nuget\packages\microsoft.identitymodel.protocols.openidconnect\7.1.2\lib\net8.0\Microsoft.IdentityModel.Protocols.OpenIdConnect.dll /reference:C:\Users\Unknown\.nuget\packages\microsoft.identitymodel.tokens\8.14.0\lib\net8.0\Microsoft.IdentityModel.Tokens.dll /reference:"C:\Program Files\dotnet\packs\Microsoft.AspNetCore.App.Ref\8.0.26\ref\net8.0\Microsoft.JSInterop.dll" /reference:"C:\Program Files\dotnet\packs\Microsoft.AspNetCore.App.Ref\8.0.26\ref\net8.0\Microsoft.Net.Http.Headers.dll" /reference:C:\Users\Unknown\.nuget\packages\microsoft.openapi\1.6.14\lib\netstandard2.0\Microsoft.OpenApi.dll /reference:"C:\Program Files\dotnet\packs\Microsoft.NETCore.App.Ref\8.0.26\ref\net8.0\Microsoft.VisualBasic.Core.dll" /reference:"C:\Program Files\dotnet\packs\Microsoft.NETCore.App.Ref\8.0.26\ref\net8.0\Microsoft.VisualBasic.dll" /reference:"C:\Program Files\dotnet\packs\Microsoft.NETCore.App.Ref\8.0.26\ref\net8.0\Microsoft.Win32.Primitives.dll" /reference:"C:\Program Files\dotnet\packs\Microsoft.NETCore.App.Ref\8.0.26\ref\net8.0\Microsoft.Win32.Registry.dll" /reference:"C:\Program Files\dotnet\packs\Microsoft.NETCore.App.Ref\8.0.26\ref\net8.0\mscorlib.dll" /reference:C:\Users\Unknown\.nuget\packages\mysql.data\9.7.0\lib\net8.0\MySql.Data.dll /reference:C:\Users\Unknown\.nuget\packages\mysql.entityframeworkcore\9.0.0\lib\net8.0\MySql.EntityFrameworkCore.dll /reference:"C:\Program Files\dotnet\packs\Microsoft.NETCore.App.Ref\8.0.26\ref\net8.0\netstandard.dll" /reference:C:\Users\Unknown\.nuget\packages\newtonsoft.json\13.0.4\lib\net6.0\Newtonsoft.Json.dll /reference:C:\Users\Unknown\.nuget\packages\swashbuckle.aspnetcore.swagger\6.6.2\lib\net8.0\Swashbuckle.AspNetCore.Swagger.dll /reference:C:\Users\Unknown\.nuget\packages\swashbuckle.aspnetcore.swaggergen\6.6.2\lib\net8.0\Swashbuckle.AspNetCore.SwaggerGen.dll /reference:C:\Users\Unknown\.nuget\packages\swashbuckle.aspnetcore.swaggerui\6.6.2\lib\net8.0\Swashbuckle.AspNetCore.SwaggerUI.dll /reference:"C:\Program Files\dotnet\packs\Microsoft.NETCore.App.Ref\8.0.26\ref\net8.0\System.AppContext.dll" /reference:"C:\Program Files\dotnet\packs\Microsoft.NETCore.App.Ref\8.0.26\ref\net8.0\System.Buffers.dll" /reference:"C:\Program Files\dotnet\packs\Microsoft.NETCore.App.Ref\8.0.26\ref\net8.0\System.Collections.Concurrent.dll" /reference:"C:\Program Files\dotnet\packs\Microsoft.NETCore.App.Ref\8.0.26\ref\net8.0\System.Collections.dll" /reference:"C:\Program Files\dotnet\packs\Microsoft.NETCore.App.Ref\8.0.26\ref\net8.0\System.Collections.Immutable.dll" /reference:"C:\Program Files\dotnet\packs\Microsoft.NETCore.App.Ref\8.0.26\ref\net8.0\System.Collections.NonGeneric.dll" /reference:"C:\Program Files\dotnet\packs\Microsoft.NETCore.App.Ref\8.0.26\ref\net8.0\System.Collections.Specialized.dll" /reference:"C:\Program Files\dotnet\packs\Microsoft.NETCore.App.Ref\8.0.26\ref\net8.0\System.ComponentModel.Annotations.dll" /reference:"C:\Program Files\dotnet\packs\Microsoft.NETCore.App.Ref\8.0.26\ref\net8.0\System.ComponentModel.DataAnnotations.dll" /reference:"C:\Program Files\dotnet\packs\Microsoft.NETCore.App.Ref\8.0.26\ref\net8.0\System.ComponentModel.dll" /reference:"C:\Program Files\dotnet\packs\Microsoft.NETCore.App.Ref\8.0.26\ref\net8.0\System.ComponentModel.EventBasedAsync.dll" /reference:"C:\Program Files\dotnet\packs\Microsoft.NETCore.App.Ref\8.0.26\ref\net8.0\System.ComponentModel.Primitives.dll" /reference:"C:\Program Files\dotnet\packs\Microsoft.NETCore.App.Ref\8.0.26\ref\net8.0\System.ComponentModel.TypeConverter.dll" /reference:C:\Users\Unknown\.nuget\packages\system.configuration.configurationmanager\8.0.0\lib\net8.0\System.Configuration.ConfigurationManager.dll /reference:"C:\Program Files\dotnet\packs\Microsoft.NETCore.App.Ref\8.0.26\ref\net8.0\System.Configuration.dll" /reference:"C:\Program Files\dotnet\packs\Microsoft.NETCore.App.Ref\8.0.26\ref\net8.0\System.Console.dll" /reference:"C:\Program Files\dotnet\packs\Microsoft.NETCore.App.Ref\8.0.26\ref\net8.0\System.Core.dll" /reference:"C:\Program Files\dotnet\packs\Microsoft.NETCore.App.Ref\8.0.26\ref\net8.0\System.Data.Common.dll" /reference:"C:\Program Files\dotnet\packs\Microsoft.NETCore.App.Ref\8.0.26\ref\net8.0\System.Data.DataSetExtensions.dll" /reference:"C:\Program Files\dotnet\packs\Microsoft.NETCore.App.Ref\8.0.26\ref\net8.0\System.Data.dll" /reference:"C:\Program Files\dotnet\packs\Microsoft.NETCore.App.Ref\8.0.26\ref\net8.0\System.Diagnostics.Contracts.dll" /reference:"C:\Program Files\dotnet\packs\Microsoft.NETCore.App.Ref\8.0.26\ref\net8.0\System.Diagnostics.Debug.dll" /reference:"C:\Program Files\dotnet\packs\Microsoft.NETCore.App.Ref\8.0.26\ref\net8.0\System.Diagnostics.DiagnosticSource.dll" /reference:"C:\Program Files\dotnet\packs\Microsoft.AspNetCore.App.Ref\8.0.26\ref\net8.0\System.Diagnostics.EventLog.dll" /reference:"C:\Program Files\dotnet\packs\Microsoft.NETCore.App.Ref\8.0.26\ref\net8.0\System.Diagnostics.FileVersionInfo.dll" /reference:"C:\Program Files\dotnet\packs\Microsoft.NETCore.App.Ref\8.0.26\ref\net8.0\System.Diagnostics.Process.dll" /reference:"C:\Program Files\dotnet\packs\Microsoft.NETCore.App.Ref\8.0.26\ref\net8.0\System.Diagnostics.StackTrace.dll" /reference:"C:\Program Files\dotnet\packs\Microsoft.NETCore.App.Ref\8.0.26\ref\net8.0\System.Diagnostics.TextWriterTraceListener.dll" /reference:"C:\Program Files\dotnet\packs\Microsoft.NETCore.App.Ref\8.0.26\ref\net8.0\System.Diagnostics.Tools.dll" /reference:"C:\Program Files\dotnet\packs\Microsoft.NETCore.App.Ref\8.0.26\ref\net8.0\System.Diagnostics.TraceSource.dll" /reference:"C:\Program Files\dotnet\packs\Microsoft.NETCore.App.Ref\8.0.26\ref\net8.0\System.Diagnostics.Tracing.dll" /reference:"C:\Program Files\dotnet\packs\Microsoft.NETCore.App.Ref\8.0.26\ref\net8.0\System.dll" /reference:"C:\Program Files\dotnet\packs\Microsoft.NETCore.App.Ref\8.0.26\ref\net8.0\System.Drawing.dll" /reference:"C:\Program Files\dotnet\packs\Microsoft.NETCore.App.Ref\8.0.26\ref\net8.0\System.Drawing.Primitives.dll" /reference:"C:\Program Files\dotnet\packs\Microsoft.NETCore.App.Ref\8.0.26\ref\net8.0\System.Dynamic.Runtime.dll" /reference:"C:\Program Files\dotnet\packs\Microsoft.NETCore.App.Ref\8.0.26\ref\net8.0\System.Formats.Asn1.dll" /reference:"C:\Program Files\dotnet\packs\Microsoft.NETCore.App.Ref\8.0.26\ref\net8.0\System.Formats.Tar.dll" /reference:"C:\Program Files\dotnet\packs\Microsoft.NETCore.App.Ref\8.0.26\ref\net8.0\System.Globalization.Calendars.dll" /reference:"C:\Program Files\dotnet\packs\Microsoft.NETCore.App.Ref\8.0.26\ref\net8.0\System.Globalization.dll" /reference:"C:\Program Files\dotnet\packs\Microsoft.NETCore.App.Ref\8.0.26\ref\net8.0\System.Globalization.Extensions.dll" /reference:C:\Users\Unknown\.nuget\packages\system.identitymodel.tokens.jwt\8.14.0\lib\net8.0\System.IdentityModel.Tokens.Jwt.dll /reference:"C:\Program Files\dotnet\packs\Microsoft.NETCore.App.Ref\8.0.26\ref\net8.0\System.IO.Compression.Brotli.dll" /reference:"C:\Program Files\dotnet\packs\Microsoft.NETCore.App.Ref\8.0.26\ref\net8.0\System.IO.Compression.dll" /reference:"C:\Program Files\dotnet\packs\Microsoft.NETCore.App.Ref\8.0.26\ref\net8.0\System.IO.Compression.FileSystem.dll" /reference:"C:\Program Files\dotnet\packs\Microsoft.NETCore.App.Ref\8.0.26\ref\net8.0\System.IO.Compression.ZipFile.dll" /reference:"C:\Program Files\dotnet\packs\Microsoft.NETCore.App.Ref\8.0.26\ref\net8.0\System.IO.dll" /reference:"C:\Program Files\dotnet\packs\Microsoft.NETCore.App.Ref\8.0.26\ref\net8.0\System.IO.FileSystem.AccessControl.dll" /reference:"C:\Program Files\dotnet\packs\Microsoft.NETCore.App.Ref\8.0.26\ref\net8.0\System.IO.FileSystem.dll" /reference:"C:\Program Files\dotnet\packs\Microsoft.NETCore.App.Ref\8.0.26\ref\net8.0\System.IO.FileSystem.DriveInfo.dll" /reference:"C:\Program Files\dotnet\packs\Microsoft.NETCore.App.Ref\8.0.26\ref\net8.0\System.IO.FileSystem.Primitives.dll" /reference:"C:\Program Files\dotnet\packs\Microsoft.NETCore.App.Ref\8.0.26\ref\net8.0\System.IO.FileSystem.Watcher.dll" /reference:"C:\Program Files\dotnet\packs\Microsoft.NETCore.App.Ref\8.0.26\ref\net8.0\System.IO.IsolatedStorage.dll" /reference:"C:\Program Files\dotnet\packs\Microsoft.NETCore.App.Ref\8.0.26\ref\net8.0\System.IO.MemoryMappedFiles.dll" /reference:"C:\Program Files\dotnet\packs\Microsoft.AspNetCore.App.Ref\8.0.26\ref\net8.0\System.IO.Pipelines.dll" /reference:"C:\Program Files\dotnet\packs\Microsoft.NETCore.App.Ref\8.0.26\ref\net8.0\System.IO.Pipes.AccessControl.dll" /reference:"C:\Program Files\dotnet\packs\Microsoft.NETCore.App.Ref\8.0.26\ref\net8.0\System.IO.Pipes.dll" /reference:"C:\Program Files\dotnet\packs\Microsoft.NETCore.App.Ref\8.0.26\ref\net8.0\System.IO.UnmanagedMemoryStream.dll" /reference:"C:\Program Files\dotnet\packs\Microsoft.NETCore.App.Ref\8.0.26\ref\net8.0\System.Linq.dll" /reference:"C:\Program Files\dotnet\packs\Microsoft.NETCore.App.Ref\8.0.26\ref\net8.0\System.Linq.Expressions.dll" /reference:"C:\Program Files\dotnet\packs\Microsoft.NETCore.App.Ref\8.0.26\ref\net8.0\System.Linq.Parallel.dll" /reference:"C:\Program Files\dotnet\packs\Microsoft.NETCore.App.Ref\8.0.26\ref\net8.0\System.Linq.Queryable.dll" /reference:"C:\Program Files\dotnet\packs\Microsoft.NETCore.App.Ref\8.0.26\ref\net8.0\System.Memory.dll" /reference:"C:\Program Files\dotnet\packs\Microsoft.NETCore.App.Ref\8.0.26\ref\net8.0\System.Net.dll" /reference:"C:\Program Files\dotnet\packs\Microsoft.NETCore.App.Ref\8.0.26\ref\net8.0\System.Net.Http.dll" /reference:"C:\Program Files\dotnet\packs\Microsoft.NETCore.App.Ref\8.0.26\ref\net8.0\System.Net.Http.Json.dll" /reference:"C:\Program Files\dotnet\packs\Microsoft.NETCore.App.Ref\8.0.26\ref\net8.0\System.Net.HttpListener.dll" /reference:"C:\Program Files\dotnet\packs\Microsoft.NETCore.App.Ref\8.0.26\ref\net8.0\System.Net.Mail.dll" /reference:"C:\Program Files\dotnet\packs\Microsoft.NETCore.App.Ref\8.0.26\ref\net8.0\System.Net.NameResolution.dll" /reference:"C:\Program Files\dotnet\packs\Microsoft.NETCore.App.Ref\8.0.26\ref\net8.0\System.Net.NetworkInformation.dll" /reference:"C:\Program Files\dotnet\packs\Microsoft.NETCore.App.Ref\8.0.26\ref\net8.0\System.Net.Ping.dll" /reference:"C:\Program Files\dotnet\packs\Microsoft.NETCore.App.Ref\8.0.26\ref\net8.0\System.Net.Primitives.dll" /reference:"C:\Program Files\dotnet\packs\Microsoft.NETCore.App.Ref\8.0.26\ref\net8.0\System.Net.Quic.dll" /reference:"C:\Program Files\dotnet\packs\Microsoft.NETCore.App.Ref\8.0.26\ref\net8.0\System.Net.Requests.dll" /reference:"C:\Program Files\dotnet\packs\Microsoft.NETCore.App.Ref\8.0.26\ref\net8.0\System.Net.Security.dll" /reference:"C:\Program Files\dotnet\packs\Microsoft.NETCore.App.Ref\8.0.26\ref\net8.0\System.Net.ServicePoint.dll" /reference:"C:\Program Files\dotnet\packs\Microsoft.NETCore.App.Ref\8.0.26\ref\net8.0\System.Net.Sockets.dll" /reference:"C:\Program Files\dotnet\packs\Microsoft.NETCore.App.Ref\8.0.26\ref\net8.0\System.Net.WebClient.dll" /reference:"C:\Program Files\dotnet\packs\Microsoft.NETCore.App.Ref\8.0.26\ref\net8.0\System.Net.WebHeaderCollection.dll" /reference:"C:\Program Files\dotnet\packs\Microsoft.NETCore.App.Ref\8.0.26\ref\net8.0\System.Net.WebProxy.dll" /reference:"C:\Program Files\dotnet\packs\Microsoft.NETCore.App.Ref\8.0.26\ref\net8.0\System.Net.WebSockets.Client.dll" /reference:"C:\Program Files\dotnet\packs\Microsoft.NETCore.App.Ref\8.0.26\ref\net8.0\System.Net.WebSockets.dll" /reference:"C:\Program Files\dotnet\packs\Microsoft.NETCore.App.Ref\8.0.26\ref\net8.0\System.Numerics.dll" /reference:"C:\Program Files\dotnet\packs\Microsoft.NETCore.App.Ref\8.0.26\ref\net8.0\System.Numerics.Vectors.dll" /reference:"C:\Program Files\dotnet\packs\Microsoft.NETCore.App.Ref\8.0.26\ref\net8.0\System.ObjectModel.dll" /reference:"C:\Program Files\dotnet\packs\Microsoft.NETCore.App.Ref\8.0.26\ref\net8.0\System.Reflection.DispatchProxy.dll" /reference:"C:\Program Files\dotnet\packs\Microsoft.NETCore.App.Ref\8.0.26\ref\net8.0\System.Reflection.dll" /reference:"C:\Program Files\dotnet\packs\Microsoft.NETCore.App.Ref\8.0.26\ref\net8.0\System.Reflection.Emit.dll" /reference:"C:\Program Files\dotnet\packs\Microsoft.NETCore.App.Ref\8.0.26\ref\net8.0\System.Reflection.Emit.ILGeneration.dll" /reference:"C:\Program Files\dotnet\packs\Microsoft.NETCore.App.Ref\8.0.26\ref\net8.0\System.Reflection.Emit.Lightweight.dll" /reference:"C:\Program Files\dotnet\packs\Microsoft.NETCore.App.Ref\8.0.26\ref\net8.0\System.Reflection.Extensions.dll" /reference:"C:\Program Files\dotnet\packs\Microsoft.NETCore.App.Ref\8.0.26\ref\net8.0\System.Reflection.Metadata.dll" /reference:"C:\Program Files\dotnet\packs\Microsoft.NETCore.App.Ref\8.0.26\ref\net8.0\System.Reflection.Primitives.dll" /reference:"C:\Program Files\dotnet\packs\Microsoft.NETCore.App.Ref\8.0.26\ref\net8.0\System.Reflection.TypeExtensions.dll" /reference:"C:\Program Files\dotnet\packs\Microsoft.NETCore.App.Ref\8.0.26\ref\net8.0\System.Resources.Reader.dll" /reference:"C:\Program Files\dotnet\packs\Microsoft.NETCore.App.Ref\8.0.26\ref\net8.0\System.Resources.ResourceManager.dll" /reference:"C:\Program Files\dotnet\packs\Microsoft.NETCore.App.Ref\8.0.26\ref\net8.0\System.Resources.Writer.dll" /reference:"C:\Program Files\dotnet\packs\Microsoft.NETCore.App.Ref\8.0.26\ref\net8.0\System.Runtime.CompilerServices.Unsafe.dll" /reference:"C:\Program Files\dotnet\packs\Microsoft.NETCore.App.Ref\8.0.26\ref\net8.0\System.Runtime.CompilerServices.VisualC.dll" /reference:"C:\Program Files\dotnet\packs\Microsoft.NETCore.App.Ref\8.0.26\ref\net8.0\System.Runtime.dll" /reference:"C:\Program Files\dotnet\packs\Microsoft.NETCore.App.Ref\8.0.26\ref\net8.0\System.Runtime.Extensions.dll" /reference:"C:\Program Files\dotnet\packs\Microsoft.NETCore.App.Ref\8.0.26\ref\net8.0\System.Runtime.Handles.dll" /reference:"C:\Program Files\dotnet\packs\Microsoft.NETCore.App.Ref\8.0.26\ref\net8.0\System.Runtime.InteropServices.dll" /reference:"C:\Program Files\dotnet\packs\Microsoft.NETCore.App.Ref\8.0.26\ref\net8.0\System.Runtime.InteropServices.JavaScript.dll" /reference:"C:\Program Files\dotnet\packs\Microsoft.NETCore.App.Ref\8.0.26\ref\net8.0\System.Runtime.InteropServices.RuntimeInformation.dll" /reference:"C:\Program Files\dotnet\packs\Microsoft.NETCore.App.Ref\8.0.26\ref\net8.0\System.Runtime.Intrinsics.dll" /reference:"C:\Program Files\dotnet\packs\Microsoft.NETCore.App.Ref\8.0.26\ref\net8.0\System.Runtime.Loader.dll" /reference:"C:\Program Files\dotnet\packs\Microsoft.NETCore.App.Ref\8.0.26\ref\net8.0\System.Runtime.Numerics.dll" /reference:"C:\Program Files\dotnet\packs\Microsoft.NETCore.App.Ref\8.0.26\ref\net8.0\System.Runtime.Serialization.dll" /reference:"C:\Program Files\dotnet\packs\Microsoft.NETCore.App.Ref\8.0.26\ref\net8.0\System.Runtime.Serialization.Formatters.dll" /reference:"C:\Program Files\dotnet\packs\Microsoft.NETCore.App.Ref\8.0.26\ref\net8.0\System.Runtime.Serialization.Json.dll" /reference:"C:\Program Files\dotnet\packs\Microsoft.NETCore.App.Ref\8.0.26\ref\net8.0\System.Runtime.Serialization.Primitives.dll" /reference:"C:\Program Files\dotnet\packs\Microsoft.NETCore.App.Ref\8.0.26\ref\net8.0\System.Runtime.Serialization.Xml.dll" /reference:"C:\Program Files\dotnet\packs\Microsoft.NETCore.App.Ref\8.0.26\ref\net8.0\System.Security.AccessControl.dll" /reference:"C:\Program Files\dotnet\packs\Microsoft.NETCore.App.Ref\8.0.26\ref\net8.0\System.Security.Claims.dll" /reference:"C:\Program Files\dotnet\packs\Microsoft.NETCore.App.Ref\8.0.26\ref\net8.0\System.Security.Cryptography.Algorithms.dll" /reference:"C:\Program Files\dotnet\packs\Microsoft.NETCore.App.Ref\8.0.26\ref\net8.0\System.Security.Cryptography.Cng.dll" /reference:"C:\Program Files\dotnet\packs\Microsoft.NETCore.App.Ref\8.0.26\ref\net8.0\System.Security.Cryptography.Csp.dll" /reference:"C:\Program Files\dotnet\packs\Microsoft.NETCore.App.Ref\8.0.26\ref\net8.0\System.Security.Cryptography.dll" /reference:"C:\Program Files\dotnet\packs\Microsoft.NETCore.App.Ref\8.0.26\ref\net8.0\System.Security.Cryptography.Encoding.dll" /reference:"C:\Program Files\dotnet\packs\Microsoft.NETCore.App.Ref\8.0.26\ref\net8.0\System.Security.Cryptography.OpenSsl.dll" /reference:"C:\Program Files\dotnet\packs\Microsoft.NETCore.App.Ref\8.0.26\ref\net8.0\System.Security.Cryptography.Primitives.dll" /reference:C:\Users\Unknown\.nuget\packages\system.security.cryptography.protecteddata\8.0.0\lib\net8.0\System.Security.Cryptography.ProtectedData.dll /reference:"C:\Program Files\dotnet\packs\Microsoft.NETCore.App.Ref\8.0.26\ref\net8.0\System.Security.Cryptography.X509Certificates.dll" /reference:"C:\Program Files\dotnet\packs\Microsoft.AspNetCore.App.Ref\8.0.26\ref\net8.0\System.Security.Cryptography.Xml.dll" /reference:"C:\Program Files\dotnet\packs\Microsoft.NETCore.App.Ref\8.0.26\ref\net8.0\System.Security.dll" /reference:C:\Users\Unknown\.nuget\packages\system.security.permissions\8.0.0\lib\net8.0\System.Security.Permissions.dll /reference:"C:\Program Files\dotnet\packs\Microsoft.NETCore.App.Ref\8.0.26\ref\net8.0\System.Security.Principal.dll" /reference:"C:\Program Files\dotnet\packs\Microsoft.NETCore.App.Ref\8.0.26\ref\net8.0\System.Security.Principal.Windows.dll" /reference:"C:\Program Files\dotnet\packs\Microsoft.NETCore.App.Ref\8.0.26\ref\net8.0\System.Security.SecureString.dll" /reference:"C:\Program Files\dotnet\packs\Microsoft.NETCore.App.Ref\8.0.26\ref\net8.0\System.ServiceModel.Web.dll" /reference:"C:\Program Files\dotnet\packs\Microsoft.NETCore.App.Ref\8.0.26\ref\net8.0\System.ServiceProcess.dll" /reference:"C:\Program Files\dotnet\packs\Microsoft.NETCore.App.Ref\8.0.26\ref\net8.0\System.Text.Encoding.CodePages.dll" /reference:"C:\Program Files\dotnet\packs\Microsoft.NETCore.App.Ref\8.0.26\ref\net8.0\System.Text.Encoding.dll" /reference:"C:\Program Files\dotnet\packs\Microsoft.NETCore.App.Ref\8.0.26\ref\net8.0\System.Text.Encoding.Extensions.dll" /reference:"C:\Program Files\dotnet\packs\Microsoft.NETCore.App.Ref\8.0.26\ref\net8.0\System.Text.Encodings.Web.dll" /reference:"C:\Program Files\dotnet\packs\Microsoft.NETCore.App.Ref\8.0.26\ref\net8.0\System.Text.Json.dll" /reference:"C:\Program Files\dotnet\packs\Microsoft.NETCore.App.Ref\8.0.26\ref\net8.0\System.Text.RegularExpressions.dll" /reference:"C:\Program Files\dotnet\packs\Microsoft.NETCore.App.Ref\8.0.26\ref\net8.0\System.Threading.Channels.dll" /reference:"C:\Program Files\dotnet\packs\Microsoft.NETCore.App.Ref\8.0.26\ref\net8.0\System.Threading.dll" /reference:"C:\Program Files\dotnet\packs\Microsoft.NETCore.App.Ref\8.0.26\ref\net8.0\System.Threading.Overlapped.dll" /reference:"C:\Program Files\dotnet\packs\Microsoft.AspNetCore.App.Ref\8.0.26\ref\net8.0\System.Threading.RateLimiting.dll" /reference:"C:\Program Files\dotnet\packs\Microsoft.NETCore.App.Ref\8.0.26\ref\net8.0\System.Threading.Tasks.Dataflow.dll" /reference:"C:\Program Files\dotnet\packs\Microsoft.NETCore.App.Ref\8.0.26\ref\net8.0\System.Threading.Tasks.dll" /reference:"C:\Program Files\dotnet\packs\Microsoft.NETCore.App.Ref\8.0.26\ref\net8.0\System.Threading.Tasks.Extensions.dll" /reference:"C:\Program Files\dotnet\packs\Microsoft.NETCore.App.Ref\8.0.26\ref\net8.0\System.Threading.Tasks.Parallel.dll" /reference:"C:\Program Files\dotnet\packs\Microsoft.NETCore.App.Ref\8.0.26\ref\net8.0\System.Threading.Thread.dll" /reference:"C:\Program Files\dotnet\packs\Microsoft.NETCore.App.Ref\8.0.26\ref\net8.0\System.Threading.ThreadPool.dll" /reference:"C:\Program Files\dotnet\packs\Microsoft.NETCore.App.Ref\8.0.26\ref\net8.0\System.Threading.Timer.dll" /reference:"C:\Program Files\dotnet\packs\Microsoft.NETCore.App.Ref\8.0.26\ref\net8.0\System.Transactions.dll" /reference:"C:\Program Files\dotnet\packs\Microsoft.NETCore.App.Ref\8.0.26\ref\net8.0\System.Transactions.Local.dll" /reference:"C:\Program Files\dotnet\packs\Microsoft.NETCore.App.Ref\8.0.26\ref\net8.0\System.ValueTuple.dll" /reference:"C:\Program Files\dotnet\packs\Microsoft.NETCore.App.Ref\8.0.26\ref\net8.0\System.Web.dll" /reference:"C:\Program Files\dotnet\packs\Microsoft.NETCore.App.Ref\8.0.26\ref\net8.0\System.Web.HttpUtility.dll" /reference:"C:\Program Files\dotnet\packs\Microsoft.NETCore.App.Ref\8.0.26\ref\net8.0\System.Windows.dll" /reference:C:\Users\Unknown\.nuget\packages\system.windows.extensions\8.0.0\lib\net8.0\System.Windows.Extensions.dll /reference:"C:\Program Files\dotnet\packs\Microsoft.NETCore.App.Ref\8.0.26\ref\net8.0\System.Xml.dll" /reference:"C:\Program Files\dotnet\packs\Microsoft.NETCore.App.Ref\8.0.26\ref\net8.0\System.Xml.Linq.dll" /reference:"C:\Program Files\dotnet\packs\Microsoft.NETCore.App.Ref\8.0.26\ref\net8.0\System.Xml.ReaderWriter.dll" /reference:"C:\Program Files\dotnet\packs\Microsoft.NETCore.App.Ref\8.0.26\ref\net8.0\System.Xml.Serialization.dll" /reference:"C:\Program Files\dotnet\packs\Microsoft.NETCore.App.Ref\8.0.26\ref\net8.0\System.Xml.XDocument.dll" /reference:"C:\Program Files\dotnet\packs\Microsoft.NETCore.App.Ref\8.0.26\ref\net8.0\System.Xml.XmlDocument.dll" /reference:"C:\Program Files\dotnet\packs\Microsoft.NETCore.App.Ref\8.0.26\ref\net8.0\System.Xml.XmlSerializer.dll" /reference:"C:\Program Files\dotnet\packs\Microsoft.NETCore.App.Ref\8.0.26\ref\net8.0\System.Xml.XPath.dll" /reference:"C:\Program Files\dotnet\packs\Microsoft.NETCore.App.Ref\8.0.26\ref\net8.0\System.Xml.XPath.XDocument.dll" /reference:"C:\Program Files\dotnet\packs\Microsoft.NETCore.App.Ref\8.0.26\ref\net8.0\WindowsBase.dll" /reference:C:\Users\Unknown\.nuget\packages\zstdsharp.port\0.8.6\lib\net8.0\ZstdSharp.dll /debug+ /debug:portable /filealign:512 /optimize- /out:obj\Debug\net8.0\QuickStock.dll /refout:obj\Debug\net8.0\refint\QuickStock.dll /target:exe /warnaserror- /utf8output /deterministic+ /sourcelink:obj\Debug\net8.0\QuickStock.sourcelink.json /langversion:12.0 /analyzerconfig:obj\Debug\net8.0\QuickStock.GeneratedMSBuildEditorConfig.editorconfig /analyzerconfig:"C:\Program Files\dotnet\sdk\9.0.313\Sdks\Microsoft.NET.Sdk\analyzers\build\config\analysislevel_8_default.globalconfig" /analyzer:"C:\Program Files\dotnet\sdk\9.0.313\Sdks\Microsoft.NET.Sdk.Web\analyzers\cs\Microsoft.AspNetCore.Analyzers.dll" /analyzer:"C:\Program Files\dotnet\sdk\9.0.313\Sdks\Microsoft.NET.Sdk.Web\analyzers\cs\Microsoft.AspNetCore.Mvc.Analyzers.dll" /analyzer:"C:\Program Files\dotnet\sdk\9.0.313\Sdks\Microsoft.NET.Sdk\targets\..\analyzers\Microsoft.CodeAnalysis.CSharp.NetAnalyzers.dll" /analyzer:"C:\Program Files\dotnet\sdk\9.0.313\Sdks\Microsoft.NET.Sdk\targets\..\analyzers\Microsoft.CodeAnalysis.NetAnalyzers.dll" /analyzer:C:\Users\Unknown\.nuget\packages\microsoft.codeanalysis.analyzers\3.3.3\analyzers\dotnet\cs\Microsoft.CodeAnalysis.Analyzers.dll /analyzer:C:\Users\Unknown\.nuget\packages\microsoft.codeanalysis.analyzers\3.3.3\analyzers\dotnet\cs\Microsoft.CodeAnalysis.CSharp.Analyzers.dll /analyzer:C:\Users\Unknown\.nuget\packages\microsoft.entityframeworkcore.analyzers\8.0.11\analyzers\dotnet\cs\Microsoft.EntityFrameworkCore.Analyzers.dll /analyzer:"C:\Program Files\dotnet\packs\Microsoft.NETCore.App.Ref\8.0.26\analyzers/dotnet/cs/Microsoft.Interop.ComInterfaceGenerator.dll" /analyzer:"C:\Program Files\dotnet\packs\Microsoft.NETCore.App.Ref\8.0.26\analyzers/dotnet/cs/Microsoft.Interop.JavaScript.JSImportGenerator.dll" /analyzer:"C:\Program Files\dotnet\packs\Microsoft.NETCore.App.Ref\8.0.26\analyzers/dotnet/cs/Microsoft.Interop.LibraryImportGenerator.dll" /analyzer:"C:\Program Files\dotnet\packs\Microsoft.NETCore.App.Ref\8.0.26\analyzers/dotnet/cs/Microsoft.Interop.SourceGeneration.dll" /analyzer:"C:\Program Files\dotnet\packs\Microsoft.NETCore.App.Ref\8.0.26\analyzers/dotnet/cs/System.Text.Json.SourceGeneration.dll" /analyzer:"C:\Program Files\dotnet\packs\Microsoft.NETCore.App.Ref\8.0.26\analyzers/dotnet/cs/System.Text.RegularExpressions.Generator.dll" /analyzer:"C:\Program Files\dotnet\packs\Microsoft.AspNetCore.App.Ref\8.0.26\analyzers/dotnet/cs/Microsoft.AspNetCore.App.Analyzers.dll" /analyzer:"C:\Program Files\dotnet\packs\Microsoft.AspNetCore.App.Ref\8.0.26\analyzers/dotnet/cs/Microsoft.AspNetCore.App.CodeFixes.dll" /analyzer:"C:\Program Files\dotnet\packs\Microsoft.AspNetCore.App.Ref\8.0.26\analyzers/dotnet/cs/Microsoft.AspNetCore.Components.Analyzers.dll" /analyzer:"C:\Program Files\dotnet\packs\Microsoft.AspNetCore.App.Ref\8.0.26\analyzers/dotnet/roslyn4.4/cs/Microsoft.Extensions.Logging.Generators.dll" /analyzer:"C:\Program Files\dotnet\packs\Microsoft.AspNetCore.App.Ref\8.0.26\analyzers/dotnet/roslyn4.4/cs/Microsoft.Extensions.Options.SourceGeneration.dll" /analyzer:"C:\Program Files\dotnet\sdk\9.0.313\Sdks\Microsoft.NET.Sdk.Razor\targets\..\source-generators\Microsoft.AspNetCore.Razor.Utilities.Shared.dll" /analyzer:"C:\Program Files\dotnet\sdk\9.0.313\Sdks\Microsoft.NET.Sdk.Razor\targets\..\source-generators\Microsoft.CodeAnalysis.Razor.Compiler.dll" /analyzer:"C:\Program Files\dotnet\sdk\9.0.313\Sdks\Microsoft.NET.Sdk.Razor\targets\..\source-generators\Microsoft.Extensions.ObjectPool.dll" /analyzer:"C:\Program Files\dotnet\sdk\9.0.313\Sdks\Microsoft.NET.Sdk.Razor\targets\..\source-generators\System.Collections.Immutable.dll" Applications\Accounts\Command\ForgotPasswordCommand.cs Applications\Accounts\Command\LoginCommand.cs Applications\Accounts\Command\RegisterCommand.cs Applications\Accounts\Command\ResetPasswordCommand.cs Applications\Accounts\Command\VerifyAccountCommand.cs "Applications\Accounts\Dto's\AccountDto.cs" Applications\Accounts\Handler\CheckResetTokenHandler.cs Applications\Accounts\Handler\ForgotPassHandler.cs Applications\Accounts\Handler\LoginCommandHandler.cs Applications\Accounts\Handler\RegisterCommandHandler.cs Applications\Accounts\Handler\ResetPasswordHandler.cs Applications\Accounts\Handler\VerifyAccountCommandHandler.cs Applications\Accounts\Queries\CheckResetTokenQuery.cs Applications\Apparel\Command\AddStockCommand.cs Applications\Apparel\Command\CreateApparelCommand.cs Applications\Apparel\Command\DeleteApparelCommand.cs Applications\Apparel\Command\UpdateApparelCommand.cs Applications\Apparel\Command\UpdateItemStatusCommand.cs Applications\Apparel\Handler\AddStockHandler.cs Applications\Apparel\Handler\CreateApparelHandler.cs Applications\Apparel\Handler\DeleteApparelHandler.cs Applications\Apparel\Handler\GetApparelByIdHandler.cs Applications\Apparel\Handler\GetApparelHandler.cs Applications\Apparel\Handler\GetApparelItemByQrHandler.cs Applications\Apparel\Handler\GetApparelItemsHandler.cs Applications\Apparel\Handler\GetSoldItemsHandler.cs Applications\Apparel\Handler\QueryItemsHandler.cs Applications\Apparel\Handler\UpdateApparelHandler.cs Applications\Apparel\Handler\UpdateItemStatusHandler.cs Applications\Apparel\Queries\GetApparelByIdQuery.cs Applications\Apparel\Queries\GetApparelItemByQrQuery.cs Applications\Apparel\Queries\GetApparelItemsQuery.cs Applications\Apparel\Queries\GetApparelQuery.cs Applications\Apparel\Queries\GetSoldItemsQuery.cs Applications\Apparel\Queries\QueryItemsQuery.cs Applications\AuditLogs\Handler\GetAuditLogsHandler.cs Applications\AuditLogs\Queries\GetAuditLogsQuery.cs Applications\Campuses\Command\CampusCommands.cs Applications\Campuses\Handler\CampusHandlers.cs Applications\Campuses\Queries\CampusQueries.cs "Applications\Dashboard\Dto's\AlertDto.cs" "Applications\Dashboard\Dto's\CriticalAssetDto.cs" "Applications\Dashboard\Dto's\DashboardDto.cs" "Applications\Dashboard\Dto's\RoomAssetDto.cs" Applications\Dashboard\Handler\GetDashboardStatsHandler.cs Applications\Dashboard\Queries\GetDashboardStatsQuery.cs Applications\Furniture\Command\CreateFurnitureCommand.cs Applications\Furniture\Command\FurnitureCommands.cs Applications\Furniture\Handler\CreateFurnitureHandler.cs Applications\Furniture\Handler\GetFurnitureByQrHandler.cs Applications\Furniture\Handler\GetFurnituresHandler.cs Applications\Furniture\Handler\TransferFurnitureHandler.cs Applications\Furniture\Handler\UpdateFurnitureHandler.cs Applications\Furniture\Queries\GetFurnitureByQrQuery.cs Applications\Furniture\Queries\GetFurnituresQuery.cs Applications\Itassets\Command\CreateItAssetCommand.cs Applications\Itassets\Command\DeleteItAssetCommand.cs Applications\Itassets\Command\TransferItAssetCommand.cs Applications\Itassets\Command\UpdateItAssetCommand.cs Applications\Itassets\Handler\CreateItAssetHandler.cs Applications\Itassets\Handler\DeleteItAssetHandler.cs Applications\Itassets\Handler\GetItAssetByIdHandler.cs Applications\Itassets\Handler\GetItAssetByQrHandler.cs Applications\Itassets\Handler\GetItAssetsHandler.cs Applications\Itassets\Handler\TransferItAssetHandler.cs Applications\Itassets\Handler\UpdateItAssetHandler.cs Applications\Itassets\Queries\GetItAssetByIdQuery.cs Applications\Itassets\Queries\GetItAssetByQrQuery.cs Applications\Itassets\Queries\GetItAssetsQuery.cs Applications\Library\Command\CreateLibraryBookCommand.cs Applications\Library\Command\LibraryItemCommands.cs Applications\Library\Command\UpdateLibraryBookCommand.cs Applications\Library\Handler\LibraryHandlers.cs Applications\Library\Handler\LibraryItemHandlers.cs Applications\Library\Queries\GetLibraryBookByIdQuery.cs Applications\Library\Queries\GetLibraryBooksQuery.cs "Applications\Profile\DTO's\ProfileResponseDto.cs" "Applications\Profile\DTO's\UpdateProfileDto.cs" Applications\Profile\Handler\GetProfileHandler.cs Applications\Profile\Handler\UpdateProfileHandler.cs Applications\Rooms\Command\RoomCommands.cs Applications\Rooms\Handler\RoomHandlers.cs Applications\Rooms\Queries\RoomQueries.cs Applications\Users\Command\CreateUserCommand.cs Applications\Users\Command\UpdateUserCommand.cs Applications\Users\Command\UserCommands.cs "Applications\Users\Dto's\UserDtos.cs" Applications\Users\Handler\GetUsersHandler.cs Applications\Users\Handler\ToggleConsumablesAccessHandler.cs Applications\Users\Handler\UserHandlers.cs Applications\Users\Queries\GetUsersQuery.cs Common\Exceptions\BadRequestException.cs Common\Exceptions\NotFoundException.cs Common\Exceptions\UnauthorizedException.cs Controllers\ApparelController.cs Controllers\AuditLogsController.cs Controllers\AuthController.cs Controllers\CampusesController.cs Controllers\DashboardController.cs Controllers\FurnitureController.cs Controllers\ImageController.cs Controllers\ItassetsController.cs Controllers\LibraryController.cs Controllers\NotificationHub.cs Controllers\ProfileController.cs Controllers\RoomsController.cs Controllers\UsersController.cs CQRS\CQRS.cs Domain\Account\Account.cs Domain\Account\AccountCampus.cs Domain\Apparel\Appareldata.cs Domain\Apparel\ApparelItem.cs Domain\Consumable\ConsumableUnit.cs Domain\Furniture\Furniture.cs Domain\ITassets\ItAsset.cs Domain\Library\LibraryBookItem.cs Domain\Library\Librarydata.cs Domain\Locations\Campus.cs Domain\Locations\Room.cs Domain\Shared\AuditLog.cs Domain\Shared\StoredImage.cs Domain\Social\Profile.cs Infrastructure\Config\EmailSettings.cs Infrastructure\Data\AppDbContext.cs Infrastructure\Data\AppDbContextFactory.cs Infrastructure\DependencyInjection.cs Infrastructure\Security\PasswordHelper.cs Infrastructure\Services\AuthService.cs Infrastructure\Services\EmailService.cs Infrastructure\Services\IAuthService.cs Infrastructure\Services\ImageService.cs Infrastructure\Services\NotificationService.cs Middlewares\ExceptionMiddleware.cs Program.cs obj\Debug\net8.0\QuickStock.GlobalUsings.g.cs "obj\Debug\net8.0\.NETCoreApp,Version=v8.0.AssemblyAttributes.cs" obj\Debug\net8.0\QuickStock.AssemblyInfo.cs obj\Debug\net8.0\QuickStock.MvcApplicationPartsAssemblyInfo.cs /warnaserror+:NU1605,SYSLIB0011
         Assembly loaded during TaskRun (Microsoft.CodeAnalysis.BuildTasks.Csc): System.IO.Pipes, Version=9.0.0.0, Culture=neutral, PublicKeyToken=b03f5f7f11d50a3a (location: C:\Program Files\dotnet\shared\Microsoft.NETCore.App\9.0.15\System.IO.Pipes.dll, MVID: 8689954e-d53d-4cb6-a199-d8034afa8916, AssemblyLoadContext: Default)
         Assembly loaded during TaskRun (Microsoft.CodeAnalysis.BuildTasks.Csc): System.Security.AccessControl, Version=9.0.0.0, Culture=neutral, PublicKeyToken=b03f5f7f11d50a3a (location: C:\Program Files\dotnet\shared\Microsoft.NETCore.App\9.0.15\System.Security.AccessControl.dll, MVID: 07da3e42-8fe5-478a-b12b-831ca5cbd64c, AssemblyLoadContext: Default)
         Assembly loaded during TaskRun (Microsoft.CodeAnalysis.BuildTasks.Csc): System.Diagnostics.TraceSource, Version=9.0.0.0, Culture=neutral, PublicKeyToken=b03f5f7f11d50a3a (location: C:\Program Files\dotnet\shared\Microsoft.NETCore.App\9.0.15\System.Diagnostics.TraceSource.dll, MVID: 9ebc58ac-11b1-406d-905a-1ed8e45ec0be, AssemblyLoadContext: Default)
         Microsoft (R) Visual C# Compiler version 4.14.0-3.26064.1 (450493a9)
         Copyright (C) Microsoft Corporation. All rights reserved.
   2:6>C:\Projects\QuickStockApi\QuickStock\Applications\Accounts\Handler\RegisterCommandHandler.cs(9,7): warning CS0105: The using directive for 'QuickStock.Domain.Locations' appeared previously in this namespace [C:\Projects\QuickStockApi\QuickStock\QuickStock.csproj]
   2:6>C:\Projects\QuickStockApi\QuickStock\Applications\Accounts\Handler\RegisterCommandHandler.cs(10,7): warning CS0105: The using directive for 'QuickStock.Domain.Shared' appeared previously in this namespace [C:\Projects\QuickStockApi\QuickStock\QuickStock.csproj]
   2:6>C:\Projects\QuickStockApi\QuickStock\Applications\Apparel\Handler\AddStockHandler.cs(10,7): warning CS0105: The using directive for 'QuickStock.Domain.Locations' appeared previously in this namespace [C:\Projects\QuickStockApi\QuickStock\QuickStock.csproj]
   2:6>C:\Projects\QuickStockApi\QuickStock\Applications\Apparel\Handler\AddStockHandler.cs(11,7): warning CS0105: The using directive for 'QuickStock.Domain.Shared' appeared previously in this namespace [C:\Projects\QuickStockApi\QuickStock\QuickStock.csproj]
   2:6>C:\Projects\QuickStockApi\QuickStock\Applications\Apparel\Handler\CreateApparelHandler.cs(10,7): warning CS0105: The using directive for 'QuickStock.Domain.Locations' appeared previously in this namespace [C:\Projects\QuickStockApi\QuickStock\QuickStock.csproj]
   2:6>C:\Projects\QuickStockApi\QuickStock\Applications\Apparel\Handler\CreateApparelHandler.cs(11,7): warning CS0105: The using directive for 'QuickStock.Domain.Shared' appeared previously in this namespace [C:\Projects\QuickStockApi\QuickStock\QuickStock.csproj]
   2:6>C:\Projects\QuickStockApi\QuickStock\Applications\Apparel\Handler\DeleteApparelHandler.cs(10,7): warning CS0105: The using directive for 'QuickStock.Domain.Locations' appeared previously in this namespace [C:\Projects\QuickStockApi\QuickStock\QuickStock.csproj]
   2:6>C:\Projects\QuickStockApi\QuickStock\Applications\Apparel\Handler\DeleteApparelHandler.cs(11,7): warning CS0105: The using directive for 'QuickStock.Domain.Shared' appeared previously in this namespace [C:\Projects\QuickStockApi\QuickStock\QuickStock.csproj]
   2:6>C:\Projects\QuickStockApi\QuickStock\Applications\Apparel\Handler\UpdateApparelHandler.cs(10,7): warning CS0105: The using directive for 'QuickStock.Domain.Locations' appeared previously in this namespace [C:\Projects\QuickStockApi\QuickStock\QuickStock.csproj]
   2:6>C:\Projects\QuickStockApi\QuickStock\Applications\Apparel\Handler\UpdateApparelHandler.cs(11,7): warning CS0105: The using directive for 'QuickStock.Domain.Shared' appeared previously in this namespace [C:\Projects\QuickStockApi\QuickStock\QuickStock.csproj]
   2:6>C:\Projects\QuickStockApi\QuickStock\Applications\Apparel\Handler\UpdateItemStatusHandler.cs(10,7): warning CS0105: The using directive for 'QuickStock.Domain.Locations' appeared previously in this namespace [C:\Projects\QuickStockApi\QuickStock\QuickStock.csproj]
   2:6>C:\Projects\QuickStockApi\QuickStock\Applications\Apparel\Handler\UpdateItemStatusHandler.cs(11,7): warning CS0105: The using directive for 'QuickStock.Domain.Shared' appeared previously in this namespace [C:\Projects\QuickStockApi\QuickStock\QuickStock.csproj]
   2:6>C:\Projects\QuickStockApi\QuickStock\Applications\AuditLogs\Handler\GetAuditLogsHandler.cs(10,7): warning CS0105: The using directive for 'QuickStock.Domain.Locations' appeared previously in this namespace [C:\Projects\QuickStockApi\QuickStock\QuickStock.csproj]
   2:6>C:\Projects\QuickStockApi\QuickStock\Applications\AuditLogs\Handler\GetAuditLogsHandler.cs(11,7): warning CS0105: The using directive for 'QuickStock.Domain.Shared' appeared previously in this namespace [C:\Projects\QuickStockApi\QuickStock\QuickStock.csproj]
   2:6>C:\Projects\QuickStockApi\QuickStock\Applications\Campuses\Command\CampusCommands.cs(6,7): warning CS0105: The using directive for 'QuickStock.Domain.Locations' appeared previously in this namespace [C:\Projects\QuickStockApi\QuickStock\QuickStock.csproj]
   2:6>C:\Projects\QuickStockApi\QuickStock\Applications\Campuses\Command\CampusCommands.cs(7,7): warning CS0105: The using directive for 'QuickStock.Domain.Shared' appeared previously in this namespace [C:\Projects\QuickStockApi\QuickStock\QuickStock.csproj]
   2:6>C:\Projects\QuickStockApi\QuickStock\Applications\Campuses\Handler\CampusHandlers.cs(10,7): warning CS0105: The using directive for 'QuickStock.Domain.Locations' appeared previously in this namespace [C:\Projects\QuickStockApi\QuickStock\QuickStock.csproj]
   2:6>C:\Projects\QuickStockApi\QuickStock\Applications\Campuses\Handler\CampusHandlers.cs(11,7): warning CS0105: The using directive for 'QuickStock.Domain.Shared' appeared previously in this namespace [C:\Projects\QuickStockApi\QuickStock\QuickStock.csproj]
   2:6>C:\Projects\QuickStockApi\QuickStock\Applications\Campuses\Queries\CampusQueries.cs(6,7): warning CS0105: The using directive for 'QuickStock.Domain.Locations' appeared previously in this namespace [C:\Projects\QuickStockApi\QuickStock\QuickStock.csproj]
   2:6>C:\Projects\QuickStockApi\QuickStock\Applications\Campuses\Queries\CampusQueries.cs(7,7): warning CS0105: The using directive for 'QuickStock.Domain.Shared' appeared previously in this namespace [C:\Projects\QuickStockApi\QuickStock\QuickStock.csproj]
   2:6>C:\Projects\QuickStockApi\QuickStock\Applications\Itassets\Command\CreateItAssetCommand.cs(6,7): warning CS0105: The using directive for 'QuickStock.Domain.Locations' appeared previously in this namespace [C:\Projects\QuickStockApi\QuickStock\QuickStock.csproj]
   2:6>C:\Projects\QuickStockApi\QuickStock\Applications\Itassets\Command\CreateItAssetCommand.cs(7,7): warning CS0105: The using directive for 'QuickStock.Domain.Shared' appeared previously in this namespace [C:\Projects\QuickStockApi\QuickStock\QuickStock.csproj]
   2:6>C:\Projects\QuickStockApi\QuickStock\Applications\Itassets\Command\UpdateItAssetCommand.cs(6,7): warning CS0105: The using directive for 'QuickStock.Domain.Locations' appeared previously in this namespace [C:\Projects\QuickStockApi\QuickStock\QuickStock.csproj]
   2:6>C:\Projects\QuickStockApi\QuickStock\Applications\Itassets\Command\UpdateItAssetCommand.cs(7,7): warning CS0105: The using directive for 'QuickStock.Domain.Shared' appeared previously in this namespace [C:\Projects\QuickStockApi\QuickStock\QuickStock.csproj]
   2:6>C:\Projects\QuickStockApi\QuickStock\Applications\Itassets\Handler\CreateItAssetHandler.cs(9,7): warning CS0105: The using directive for 'QuickStock.Domain.Locations' appeared previously in this namespace [C:\Projects\QuickStockApi\QuickStock\QuickStock.csproj]
   2:6>C:\Projects\QuickStockApi\QuickStock\Applications\Itassets\Handler\CreateItAssetHandler.cs(10,7): warning CS0105: The using directive for 'QuickStock.Domain.Shared' appeared previously in this namespace [C:\Projects\QuickStockApi\QuickStock\QuickStock.csproj]
   2:6>C:\Projects\QuickStockApi\QuickStock\Applications\Itassets\Handler\DeleteItAssetHandler.cs(8,7): warning CS0105: The using directive for 'QuickStock.Domain.Locations' appeared previously in this namespace [C:\Projects\QuickStockApi\QuickStock\QuickStock.csproj]
   2:6>C:\Projects\QuickStockApi\QuickStock\Applications\Itassets\Handler\DeleteItAssetHandler.cs(9,7): warning CS0105: The using directive for 'QuickStock.Domain.Shared' appeared previously in this namespace [C:\Projects\QuickStockApi\QuickStock\QuickStock.csproj]
   2:6>C:\Projects\QuickStockApi\QuickStock\Applications\Itassets\Handler\GetItAssetByIdHandler.cs(9,7): warning CS0105: The using directive for 'QuickStock.Domain.Locations' appeared previously in this namespace [C:\Projects\QuickStockApi\QuickStock\QuickStock.csproj]
   2:6>C:\Projects\QuickStockApi\QuickStock\Applications\Itassets\Handler\GetItAssetByIdHandler.cs(10,7): warning CS0105: The using directive for 'QuickStock.Domain.Shared' appeared previously in this namespace [C:\Projects\QuickStockApi\QuickStock\QuickStock.csproj]
   2:6>C:\Projects\QuickStockApi\QuickStock\Applications\Itassets\Handler\GetItAssetByQrHandler.cs(9,7): warning CS0105: The using directive for 'QuickStock.Domain.Locations' appeared previously in this namespace [C:\Projects\QuickStockApi\QuickStock\QuickStock.csproj]
   2:6>C:\Projects\QuickStockApi\QuickStock\Applications\Itassets\Handler\GetItAssetByQrHandler.cs(10,7): warning CS0105: The using directive for 'QuickStock.Domain.Shared' appeared previously in this namespace [C:\Projects\QuickStockApi\QuickStock\QuickStock.csproj]
   2:6>C:\Projects\QuickStockApi\QuickStock\Applications\Itassets\Handler\GetItAssetsHandler.cs(9,7): warning CS0105: The using directive for 'QuickStock.Domain.Locations' appeared previously in this namespace [C:\Projects\QuickStockApi\QuickStock\QuickStock.csproj]
   2:6>C:\Projects\QuickStockApi\QuickStock\Applications\Itassets\Handler\GetItAssetsHandler.cs(10,7): warning CS0105: The using directive for 'QuickStock.Domain.Shared' appeared previously in this namespace [C:\Projects\QuickStockApi\QuickStock\QuickStock.csproj]
   2:6>C:\Projects\QuickStockApi\QuickStock\Applications\Itassets\Handler\TransferItAssetHandler.cs(9,7): warning CS0105: The using directive for 'QuickStock.Domain.Locations' appeared previously in this namespace [C:\Projects\QuickStockApi\QuickStock\QuickStock.csproj]
   2:6>C:\Projects\QuickStockApi\QuickStock\Applications\Itassets\Handler\TransferItAssetHandler.cs(10,7): warning CS0105: The using directive for 'QuickStock.Domain.Shared' appeared previously in this namespace [C:\Projects\QuickStockApi\QuickStock\QuickStock.csproj]
   2:6>C:\Projects\QuickStockApi\QuickStock\Applications\Itassets\Handler\UpdateItAssetHandler.cs(9,7): warning CS0105: The using directive for 'QuickStock.Domain.Locations' appeared previously in this namespace [C:\Projects\QuickStockApi\QuickStock\QuickStock.csproj]
   2:6>C:\Projects\QuickStockApi\QuickStock\Applications\Itassets\Handler\UpdateItAssetHandler.cs(10,7): warning CS0105: The using directive for 'QuickStock.Domain.Shared' appeared previously in this namespace [C:\Projects\QuickStockApi\QuickStock\QuickStock.csproj]
   2:6>C:\Projects\QuickStockApi\QuickStock\Applications\Itassets\Queries\GetItAssetByIdQuery.cs(6,7): warning CS0105: The using directive for 'QuickStock.Domain.Locations' appeared previously in this namespace [C:\Projects\QuickStockApi\QuickStock\QuickStock.csproj]
   2:6>C:\Projects\QuickStockApi\QuickStock\Applications\Itassets\Queries\GetItAssetByIdQuery.cs(7,7): warning CS0105: The using directive for 'QuickStock.Domain.Shared' appeared previously in this namespace [C:\Projects\QuickStockApi\QuickStock\QuickStock.csproj]
   2:6>C:\Projects\QuickStockApi\QuickStock\Applications\Itassets\Queries\GetItAssetByQrQuery.cs(6,7): warning CS0105: The using directive for 'QuickStock.Domain.Locations' appeared previously in this namespace [C:\Projects\QuickStockApi\QuickStock\QuickStock.csproj]
   2:6>C:\Projects\QuickStockApi\QuickStock\Applications\Itassets\Queries\GetItAssetByQrQuery.cs(7,7): warning CS0105: The using directive for 'QuickStock.Domain.Shared' appeared previously in this namespace [C:\Projects\QuickStockApi\QuickStock\QuickStock.csproj]
   2:6>C:\Projects\QuickStockApi\QuickStock\Applications\Itassets\Queries\GetItAssetsQuery.cs(6,7): warning CS0105: The using directive for 'QuickStock.Domain.Locations' appeared previously in this namespace [C:\Projects\QuickStockApi\QuickStock\QuickStock.csproj]
   2:6>C:\Projects\QuickStockApi\QuickStock\Applications\Itassets\Queries\GetItAssetsQuery.cs(7,7): warning CS0105: The using directive for 'QuickStock.Domain.Shared' appeared previously in this namespace [C:\Projects\QuickStockApi\QuickStock\QuickStock.csproj]
   2:6>C:\Projects\QuickStockApi\QuickStock\Applications\Profile\Handler\GetProfileHandler.cs(8,7): warning CS0105: The using directive for 'QuickStock.Domain.Locations' appeared previously in this namespace [C:\Projects\QuickStockApi\QuickStock\QuickStock.csproj]
   2:6>C:\Projects\QuickStockApi\QuickStock\Applications\Profile\Handler\GetProfileHandler.cs(9,7): warning CS0105: The using directive for 'QuickStock.Domain.Shared' appeared previously in this namespace [C:\Projects\QuickStockApi\QuickStock\QuickStock.csproj]
   2:6>C:\Projects\QuickStockApi\QuickStock\Applications\Rooms\Command\RoomCommands.cs(6,7): warning CS0105: The using directive for 'QuickStock.Domain.Locations' appeared previously in this namespace [C:\Projects\QuickStockApi\QuickStock\QuickStock.csproj]
   2:6>C:\Projects\QuickStockApi\QuickStock\Applications\Rooms\Command\RoomCommands.cs(7,7): warning CS0105: The using directive for 'QuickStock.Domain.Shared' appeared previously in this namespace [C:\Projects\QuickStockApi\QuickStock\QuickStock.csproj]
   2:6>C:\Projects\QuickStockApi\QuickStock\Applications\Rooms\Queries\RoomQueries.cs(6,7): warning CS0105: The using directive for 'QuickStock.Domain.Locations' appeared previously in this namespace [C:\Projects\QuickStockApi\QuickStock\QuickStock.csproj]
   2:6>C:\Projects\QuickStockApi\QuickStock\Applications\Rooms\Queries\RoomQueries.cs(7,7): warning CS0105: The using directive for 'QuickStock.Domain.Shared' appeared previously in this namespace [C:\Projects\QuickStockApi\QuickStock\QuickStock.csproj]
   2:6>C:\Projects\QuickStockApi\QuickStock\Controllers\CampusesController.cs(10,7): warning CS0105: The using directive for 'QuickStock.Domain.Locations' appeared previously in this namespace [C:\Projects\QuickStockApi\QuickStock\QuickStock.csproj]
   2:6>C:\Projects\QuickStockApi\QuickStock\Controllers\CampusesController.cs(11,7): warning CS0105: The using directive for 'QuickStock.Domain.Shared' appeared previously in this namespace [C:\Projects\QuickStockApi\QuickStock\QuickStock.csproj]
   2:6>C:\Projects\QuickStockApi\QuickStock\Domain\Account\AccountCampus.cs(6,7): warning CS0105: The using directive for 'QuickStock.Domain.ITassets' appeared previously in this namespace [C:\Projects\QuickStockApi\QuickStock\QuickStock.csproj]
   2:6>C:\Projects\QuickStockApi\QuickStock\Domain\Account\AccountCampus.cs(7,7): warning CS0105: The using directive for 'QuickStock.Domain.Locations' appeared previously in this namespace [C:\Projects\QuickStockApi\QuickStock\QuickStock.csproj]
   2:6>C:\Projects\QuickStockApi\QuickStock\Domain\Account\AccountCampus.cs(8,7): warning CS0105: The using directive for 'QuickStock.Domain.Shared' appeared previously in this namespace [C:\Projects\QuickStockApi\QuickStock\QuickStock.csproj]
   2:6>C:\Projects\QuickStockApi\QuickStock\Domain\Account\AccountCampus.cs(9,7): warning CS0105: The using directive for 'QuickStock.Domain.Accounts' appeared previously in this namespace [C:\Projects\QuickStockApi\QuickStock\QuickStock.csproj]
   2:6>C:\Projects\QuickStockApi\QuickStock\Domain\Account\AccountCampus.cs(10,7): warning CS0105: The using directive for 'QuickStock.Domain.Locations' appeared previously in this namespace [C:\Projects\QuickStockApi\QuickStock\QuickStock.csproj]
   2:6>C:\Projects\QuickStockApi\QuickStock\Domain\Account\AccountCampus.cs(11,7): warning CS0105: The using directive for 'QuickStock.Domain.Shared' appeared previously in this namespace [C:\Projects\QuickStockApi\QuickStock\QuickStock.csproj]
   2:6>C:\Projects\QuickStockApi\QuickStock\Domain\Account\AccountCampus.cs(12,7): warning CS0105: The using directive for 'QuickStock.Domain.Accounts' appeared previously in this namespace [C:\Projects\QuickStockApi\QuickStock\QuickStock.csproj]
   2:6>C:\Projects\QuickStockApi\QuickStock\Domain\Account\AccountCampus.cs(14,7): warning CS0105: The using directive for 'QuickStock.Domain.ITassets' appeared previously in this namespace [C:\Projects\QuickStockApi\QuickStock\QuickStock.csproj]
   2:6>C:\Projects\QuickStockApi\QuickStock\Domain\Account\AccountCampus.cs(15,7): warning CS0105: The using directive for 'QuickStock.Domain.Locations' appeared previously in this namespace [C:\Projects\QuickStockApi\QuickStock\QuickStock.csproj]
   2:6>C:\Projects\QuickStockApi\QuickStock\Domain\Account\AccountCampus.cs(16,7): warning CS0105: The using directive for 'QuickStock.Domain.Shared' appeared previously in this namespace [C:\Projects\QuickStockApi\QuickStock\QuickStock.csproj]
   2:6>C:\Projects\QuickStockApi\QuickStock\Domain\Account\AccountCampus.cs(17,7): warning CS0105: The using directive for 'QuickStock.Domain.Accounts' appeared previously in this namespace [C:\Projects\QuickStockApi\QuickStock\QuickStock.csproj]
   2:6>C:\Projects\QuickStockApi\QuickStock\Domain\Account\AccountCampus.cs(18,7): warning CS0105: The using directive for 'QuickStock.Domain.Locations' appeared previously in this namespace [C:\Projects\QuickStockApi\QuickStock\QuickStock.csproj]
   2:6>C:\Projects\QuickStockApi\QuickStock\Domain\Account\AccountCampus.cs(19,7): warning CS0105: The using directive for 'QuickStock.Domain.Shared' appeared previously in this namespace [C:\Projects\QuickStockApi\QuickStock\QuickStock.csproj]
   2:6>C:\Projects\QuickStockApi\QuickStock\Domain\Locations\Campus.cs(6,7): warning CS0105: The using directive for 'QuickStock.Domain.ITassets' appeared previously in this namespace [C:\Projects\QuickStockApi\QuickStock\QuickStock.csproj]
   2:6>C:\Projects\QuickStockApi\QuickStock\Domain\Locations\Campus.cs(7,7): warning CS0105: The using directive for 'QuickStock.Domain.Locations' appeared previously in this namespace [C:\Projects\QuickStockApi\QuickStock\QuickStock.csproj]
   2:6>C:\Projects\QuickStockApi\QuickStock\Domain\Locations\Campus.cs(8,7): warning CS0105: The using directive for 'QuickStock.Domain.Shared' appeared previously in this namespace [C:\Projects\QuickStockApi\QuickStock\QuickStock.csproj]
   2:6>C:\Projects\QuickStockApi\QuickStock\Domain\Locations\Campus.cs(9,7): warning CS0105: The using directive for 'QuickStock.Domain.Accounts' appeared previously in this namespace [C:\Projects\QuickStockApi\QuickStock\QuickStock.csproj]
   2:6>C:\Projects\QuickStockApi\QuickStock\Domain\Locations\Campus.cs(10,7): warning CS0105: The using directive for 'QuickStock.Domain.Locations' appeared previously in this namespace [C:\Projects\QuickStockApi\QuickStock\QuickStock.csproj]
   2:6>C:\Projects\QuickStockApi\QuickStock\Domain\Locations\Campus.cs(11,7): warning CS0105: The using directive for 'QuickStock.Domain.Shared' appeared previously in this namespace [C:\Projects\QuickStockApi\QuickStock\QuickStock.csproj]
   2:6>C:\Projects\QuickStockApi\QuickStock\Domain\Locations\Campus.cs(12,7): warning CS0105: The using directive for 'QuickStock.Domain.Accounts' appeared previously in this namespace [C:\Projects\QuickStockApi\QuickStock\QuickStock.csproj]
   2:6>C:\Projects\QuickStockApi\QuickStock\Domain\Locations\Room.cs(6,7): warning CS0105: The using directive for 'QuickStock.Domain.ITassets' appeared previously in this namespace [C:\Projects\QuickStockApi\QuickStock\QuickStock.csproj]
   2:6>C:\Projects\QuickStockApi\QuickStock\Domain\Locations\Room.cs(7,7): warning CS0105: The using directive for 'QuickStock.Domain.Locations' appeared previously in this namespace [C:\Projects\QuickStockApi\QuickStock\QuickStock.csproj]
   2:6>C:\Projects\QuickStockApi\QuickStock\Domain\Locations\Room.cs(8,7): warning CS0105: The using directive for 'QuickStock.Domain.Shared' appeared previously in this namespace [C:\Projects\QuickStockApi\QuickStock\QuickStock.csproj]
   2:6>C:\Projects\QuickStockApi\QuickStock\Domain\Locations\Room.cs(9,7): warning CS0105: The using directive for 'QuickStock.Domain.Accounts' appeared previously in this namespace [C:\Projects\QuickStockApi\QuickStock\QuickStock.csproj]
   2:6>C:\Projects\QuickStockApi\QuickStock\Domain\Locations\Room.cs(10,7): warning CS0105: The using directive for 'QuickStock.Domain.Locations' appeared previously in this namespace [C:\Projects\QuickStockApi\QuickStock\QuickStock.csproj]
   2:6>C:\Projects\QuickStockApi\QuickStock\Domain\Locations\Room.cs(11,7): warning CS0105: The using directive for 'QuickStock.Domain.Shared' appeared previously in this namespace [C:\Projects\QuickStockApi\QuickStock\QuickStock.csproj]
   2:6>C:\Projects\QuickStockApi\QuickStock\Domain\Locations\Room.cs(12,7): warning CS0105: The using directive for 'QuickStock.Domain.Accounts' appeared previously in this namespace [C:\Projects\QuickStockApi\QuickStock\QuickStock.csproj]
   2:6>C:\Projects\QuickStockApi\QuickStock\Domain\Shared\StoredImage.cs(6,7): warning CS0105: The using directive for 'QuickStock.Domain.ITassets' appeared previously in this namespace [C:\Projects\QuickStockApi\QuickStock\QuickStock.csproj]
   2:6>C:\Projects\QuickStockApi\QuickStock\Domain\Shared\StoredImage.cs(7,7): warning CS0105: The using directive for 'QuickStock.Domain.Locations' appeared previously in this namespace [C:\Projects\QuickStockApi\QuickStock\QuickStock.csproj]
   2:6>C:\Projects\QuickStockApi\QuickStock\Domain\Shared\StoredImage.cs(8,7): warning CS0105: The using directive for 'QuickStock.Domain.Shared' appeared previously in this namespace [C:\Projects\QuickStockApi\QuickStock\QuickStock.csproj]
   2:6>C:\Projects\QuickStockApi\QuickStock\Domain\Shared\StoredImage.cs(9,7): warning CS0105: The using directive for 'QuickStock.Domain.Accounts' appeared previously in this namespace [C:\Projects\QuickStockApi\QuickStock\QuickStock.csproj]
   2:6>C:\Projects\QuickStockApi\QuickStock\Domain\Shared\StoredImage.cs(10,7): warning CS0105: The using directive for 'QuickStock.Domain.Locations' appeared previously in this namespace [C:\Projects\QuickStockApi\QuickStock\QuickStock.csproj]
   2:6>C:\Projects\QuickStockApi\QuickStock\Domain\Shared\StoredImage.cs(11,7): warning CS0105: The using directive for 'QuickStock.Domain.Shared' appeared previously in this namespace [C:\Projects\QuickStockApi\QuickStock\QuickStock.csproj]
   2:6>C:\Projects\QuickStockApi\QuickStock\Domain\Shared\StoredImage.cs(12,7): warning CS0105: The using directive for 'QuickStock.Domain.Accounts' appeared previously in this namespace [C:\Projects\QuickStockApi\QuickStock\QuickStock.csproj]
   2:6>C:\Projects\QuickStockApi\QuickStock\Domain\Social\Profile.cs(6,7): warning CS0105: The using directive for 'QuickStock.Domain.ITassets' appeared previously in this namespace [C:\Projects\QuickStockApi\QuickStock\QuickStock.csproj]
   2:6>C:\Projects\QuickStockApi\QuickStock\Domain\Social\Profile.cs(7,7): warning CS0105: The using directive for 'QuickStock.Domain.Locations' appeared previously in this namespace [C:\Projects\QuickStockApi\QuickStock\QuickStock.csproj]
   2:6>C:\Projects\QuickStockApi\QuickStock\Domain\Social\Profile.cs(8,7): warning CS0105: The using directive for 'QuickStock.Domain.Shared' appeared previously in this namespace [C:\Projects\QuickStockApi\QuickStock\QuickStock.csproj]
   2:6>C:\Projects\QuickStockApi\QuickStock\Domain\Social\Profile.cs(9,7): warning CS0105: The using directive for 'QuickStock.Domain.Accounts' appeared previously in this namespace [C:\Projects\QuickStockApi\QuickStock\QuickStock.csproj]
   2:6>C:\Projects\QuickStockApi\QuickStock\Domain\Social\Profile.cs(10,7): warning CS0105: The using directive for 'QuickStock.Domain.Locations' appeared previously in this namespace [C:\Projects\QuickStockApi\QuickStock\QuickStock.csproj]
   2:6>C:\Projects\QuickStockApi\QuickStock\Domain\Social\Profile.cs(11,7): warning CS0105: The using directive for 'QuickStock.Domain.Shared' appeared previously in this namespace [C:\Projects\QuickStockApi\QuickStock\QuickStock.csproj]
   2:6>C:\Projects\QuickStockApi\QuickStock\Domain\Social\Profile.cs(12,7): warning CS0105: The using directive for 'QuickStock.Domain.Accounts' appeared previously in this namespace [C:\Projects\QuickStockApi\QuickStock\QuickStock.csproj]
   2:6>C:\Projects\QuickStockApi\QuickStock\CQRS\CQRS.cs(56,28): warning CS8600: Converting null literal or possible null value to non-nullable type. [C:\Projects\QuickStockApi\QuickStock\QuickStock.csproj]
   2:6>C:\Projects\QuickStockApi\QuickStock\CQRS\CQRS.cs(57,30): warning CS8602: Dereference of a possibly null reference. [C:\Projects\QuickStockApi\QuickStock\QuickStock.csproj]
         C:\Projects\QuickStockApi\QuickStock\Infrastructure\Data\AppDbContext.cs(19,16): info SP0001: Diagnostic 'CS8618: Non-nullable property 'Accounts' must contain a non-null value when exiting constructor. Consider adding the 'required' modifier or declaring the property as nullable.' was programmatically suppressed by a DiagnosticSuppressor with suppression ID 'EFSPR1001' and justification 'DbSet properties on DbContext subclasses are automatically populated by the DbContext constructor.'
         C:\Projects\QuickStockApi\QuickStock\Infrastructure\Data\AppDbContext.cs(19,16): info SP0001: Diagnostic 'CS8618: Non-nullable property 'Profiles' must contain a non-null value when exiting constructor. Consider adding the 'required' modifier or declaring the property as nullable.' was programmatically suppressed by a DiagnosticSuppressor with suppression ID 'EFSPR1001' and justification 'DbSet properties on DbContext subclasses are automatically populated by the DbContext constructor.'
         C:\Projects\QuickStockApi\QuickStock\Infrastructure\Data\AppDbContext.cs(19,16): info SP0001: Diagnostic 'CS8618: Non-nullable property 'Itassets' must contain a non-null value when exiting constructor. Consider adding the 'required' modifier or declaring the property as nullable.' was programmatically suppressed by a DiagnosticSuppressor with suppression ID 'EFSPR1001' and justification 'DbSet properties on DbContext subclasses are automatically populated by the DbContext constructor.'
         C:\Projects\QuickStockApi\QuickStock\Infrastructure\Data\AppDbContext.cs(19,16): info SP0001: Diagnostic 'CS8618: Non-nullable property 'Rooms' must contain a non-null value when exiting constructor. Consider adding the 'required' modifier or declaring the property as nullable.' was programmatically suppressed by a DiagnosticSuppressor with suppression ID 'EFSPR1001' and justification 'DbSet properties on DbContext subclasses are automatically populated by the DbContext constructor.'
         C:\Projects\QuickStockApi\QuickStock\Infrastructure\Data\AppDbContext.cs(19,16): info SP0001: Diagnostic 'CS8618: Non-nullable property 'Campuses' must contain a non-null value when exiting constructor. Consider adding the 'required' modifier or declaring the property as nullable.' was programmatically suppressed by a DiagnosticSuppressor with suppression ID 'EFSPR1001' and justification 'DbSet properties on DbContext subclasses are automatically populated by the DbContext constructor.'
         C:\Projects\QuickStockApi\QuickStock\Infrastructure\Data\AppDbContext.cs(19,16): info SP0001: Diagnostic 'CS8618: Non-nullable property 'AccountCampuses' must contain a non-null value when exiting constructor. Consider adding the 'required' modifier or declaring the property as nullable.' was programmatically suppressed by a DiagnosticSuppressor with suppression ID 'EFSPR1001' and justification 'DbSet properties on DbContext subclasses are automatically populated by the DbContext constructor.'
         C:\Projects\QuickStockApi\QuickStock\Infrastructure\Data\AppDbContext.cs(19,16): info SP0001: Diagnostic 'CS8618: Non-nullable property 'AuditLogs' must contain a non-null value when exiting constructor. Consider adding the 'required' modifier or declaring the property as nullable.' was programmatically suppressed by a DiagnosticSuppressor with suppression ID 'EFSPR1001' and justification 'DbSet properties on DbContext subclasses are automatically populated by the DbContext constructor.'
         C:\Projects\QuickStockApi\QuickStock\Infrastructure\Data\AppDbContext.cs(19,16): info SP0001: Diagnostic 'CS8618: Non-nullable property 'StoredImages' must contain a non-null value when exiting constructor. Consider adding the 'required' modifier or declaring the property as nullable.' was programmatically suppressed by a DiagnosticSuppressor with suppression ID 'EFSPR1001' and justification 'DbSet properties on DbContext subclasses are automatically populated by the DbContext constructor.'
         C:\Projects\QuickStockApi\QuickStock\Infrastructure\Data\AppDbContext.cs(19,16): info SP0001: Diagnostic 'CS8618: Non-nullable property 'ApparelList' must contain a non-null value when exiting constructor. Consider adding the 'required' modifier or declaring the property as nullable.' was programmatically suppressed by a DiagnosticSuppressor with suppression ID 'EFSPR1001' and justification 'DbSet properties on DbContext subclasses are automatically populated by the DbContext constructor.'
         C:\Projects\QuickStockApi\QuickStock\Infrastructure\Data\AppDbContext.cs(19,16): info SP0001: Diagnostic 'CS8618: Non-nullable property 'ApparelItems' must contain a non-null value when exiting constructor. Consider adding the 'required' modifier or declaring the property as nullable.' was programmatically suppressed by a DiagnosticSuppressor with suppression ID 'EFSPR1001' and justification 'DbSet properties on DbContext subclasses are automatically populated by the DbContext constructor.'
         C:\Projects\QuickStockApi\QuickStock\Infrastructure\Data\AppDbContext.cs(19,16): info SP0001: Diagnostic 'CS8618: Non-nullable property 'LibraryBooks' must contain a non-null value when exiting constructor. Consider adding the 'required' modifier or declaring the property as nullable.' was programmatically suppressed by a DiagnosticSuppressor with suppression ID 'EFSPR1001' and justification 'DbSet properties on DbContext subclasses are automatically populated by the DbContext constructor.'
         C:\Projects\QuickStockApi\QuickStock\Infrastructure\Data\AppDbContext.cs(19,16): info SP0001: Diagnostic 'CS8618: Non-nullable property 'LibraryBookItems' must contain a non-null value when exiting constructor. Consider adding the 'required' modifier or declaring the property as nullable.' was programmatically suppressed by a DiagnosticSuppressor with suppression ID 'EFSPR1001' and justification 'DbSet properties on DbContext subclasses are automatically populated by the DbContext constructor.'
         C:\Projects\QuickStockApi\QuickStock\Infrastructure\Data\AppDbContext.cs(19,16): info SP0001: Diagnostic 'CS8618: Non-nullable property 'Furnitures' must contain a non-null value when exiting constructor. Consider adding the 'required' modifier or declaring the property as nullable.' was programmatically suppressed by a DiagnosticSuppressor with suppression ID 'EFSPR1001' and justification 'DbSet properties on DbContext subclasses are automatically populated by the DbContext constructor.'
         C:\Projects\QuickStockApi\QuickStock\Infrastructure\Data\AppDbContext.cs(19,16): info SP0001: Diagnostic 'CS8618: Non-nullable property 'ConsumableUnits' must contain a non-null value when exiting constructor. Consider adding the 'required' modifier or declaring the property as nullable.' was programmatically suppressed by a DiagnosticSuppressor with suppression ID 'EFSPR1001' and justification 'DbSet properties on DbContext subclasses are automatically populated by the DbContext constructor.'
   2:6>C:\Projects\QuickStockApi\QuickStock\Infrastructure\Data\AppDbContextFactory.cs(22,37): warning CS8604: Possible null reference argument for parameter 'connectionString' in 'DbContextOptionsBuilder<AppDbContext> MySQLDbContextOptionsExtensions.UseMySQL<AppDbContext>(DbContextOptionsBuilder<AppDbContext> optionsBuilder, string connectionString, Action<MySQLDbContextOptionsBuilder>? mySqlOptionsAction = null)'. [C:\Projects\QuickStockApi\QuickStock\QuickStock.csproj]
   2:6>C:\Projects\QuickStockApi\QuickStock\Applications\Furniture\Handler\GetFurnituresHandler.cs(40,42): warning CS8602: Dereference of a possibly null reference. [C:\Projects\QuickStockApi\QuickStock\QuickStock.csproj]
   2:6>C:\Projects\QuickStockApi\QuickStock\Applications\Furniture\Handler\GetFurnituresHandler.cs(41,42): warning CS8602: Dereference of a possibly null reference. [C:\Projects\QuickStockApi\QuickStock\QuickStock.csproj]
   2:6>C:\Projects\QuickStockApi\QuickStock\Applications\Library\Handler\LibraryHandlers.cs(122,20): warning CS8603: Possible null reference return. [C:\Projects\QuickStockApi\QuickStock\QuickStock.csproj]
         CompilerServer: server - server processed compilation - QuickStock (net8.0)
       Done executing task "Csc".
       Task "CallTarget" skipped, due to false condition; ('$(TargetsTriggeredByCompilation)' != '') was evaluated as ('' != '').
   2:6>Done building target "CoreCompile" in project "QuickStock.csproj".
       Target "_TouchLastBuildWithSkipAnalyzers" skipped, due to false condition; ('$(_SkipAnalyzers)' == 'true') was evaluated as ('' == 'true').
       Target "_TimeStampAfterCompile" skipped, due to false condition; ('$(RunPostBuildEvent)'=='OnOutputUpdated' or ('$(RegisterForComInterop)'=='true' and '$(OutputType)'=='library')) was evaluated as (''=='OnOutputUpdated' or (''=='true' and 'Exe'=='library')).
   2:6>Target "AfterCompile" in file "C:\Program Files\dotnet\sdk\9.0.313\Microsoft.Common.CurrentVersion.targets" from project "C:\Projects\QuickStockApi\QuickStock\QuickStock.csproj" (target "Compile" depends on it):
   2:6>Done building target "AfterCompile" in project "QuickStock.csproj".
       Target "_GetAppHostPaths" skipped. Previously built successfully.
       Target "_GetAppHostCreationConfiguration" skipped. Previously built successfully.
       Target "CoreCompile" skipped. Previously built successfully.
   2:6>Target "_CreateAppHost" in file "C:\Program Files\dotnet\sdk\9.0.313\Sdks\Microsoft.NET.Sdk\targets\Microsoft.NET.Sdk.targets" from project "C:\Projects\QuickStockApi\QuickStock\QuickStock.csproj" (target "Compile" depends on it):
       Building target "_CreateAppHost" completely.
       Input file "obj\Debug\net8.0\QuickStock.dll" is newer than output file "C:\Projects\QuickStockApi\QuickStock\obj\Debug\net8.0\apphost.exe".
       Using "CreateAppHost" task from assembly "C:\Program Files\dotnet\sdk\9.0.313\Sdks\Microsoft.NET.Sdk\targets\..\tools\net9.0\Microsoft.NET.Build.Tasks.dll".
       Task "CreateAppHost"
       Done executing task "CreateAppHost".
   2:6>Done building target "_CreateAppHost" in project "QuickStock.csproj".
       Target "_CreateComHost" skipped, due to false condition; ('$(ComputeNETCoreBuildOutputFiles)' == 'true' and
                            '$(ComHostIntermediatePath)' != '' and
                            Exists('@(IntermediateAssembly)') and
                            Exists('$(ComHostSourcePath)')) was evaluated as ('true' == 'true' and
                            '' != '' and
                            Exists('obj\Debug\net8.0\QuickStock.dll') and
                            Exists('C:\Program Files\dotnet\packs\Microsoft.NETCore.App.Host.win-x64\8.0.26\runtimes\win-x64\native\comhost.dll')).
       Target "_GetIjwHostPaths" skipped, due to false condition; ('$(UseIJWHost)' == 'true') was evaluated as ('' == 'true').
   2:6>Target "Compile" in file "C:\Program Files\dotnet\sdk\9.0.313\Microsoft.Common.CurrentVersion.targets" from project "C:\Projects\QuickStockApi\QuickStock\QuickStock.csproj" (target "CoreBuild" depends on it):
   2:6>Done building target "Compile" in project "QuickStock.csproj".
       Target "ExportWindowsMDFile" skipped, due to false condition; ('$(ExportWinMDFile)' == 'true') was evaluated as ('' == 'true').
       Target "UnmanagedUnregistration" skipped, due to false condition; ((('$(_AssemblyTimestampBeforeCompile)' != '$(_AssemblyTimestampAfterCompile)' or '$(RegisterForComInterop)' != 'true' or '$(OutputType)' != 'library') or
                           ('$(_AssemblyTimestampBeforeCompile)' == '')) and
                          Exists('@(_UnmanagedRegistrationCache)')) was evaluated as ((('' != '' or '' != 'true' or 'Exe' != 'library') or
                           ('' == '')) and
                          Exists('C:\Projects\QuickStockApi\QuickStock\obj\QuickStock.csproj.UnmanagedRegistration.cache')).
       Target "GenerateSerializationAssemblies" skipped, due to false condition; ('$(_SGenGenerateSerializationAssembliesConfig)' == 'On' or ('@(WebReferenceUrl)'!='' and '$(_SGenGenerateSerializationAssembliesConfig)' == 'Auto')) was evaluated as ('Off' == 'On' or (''!='' and 'Off' == 'Auto')).
   2:6>Target "_GenerateSatelliteAssemblyInputs" in file "C:\Program Files\dotnet\sdk\9.0.313\Microsoft.Common.CurrentVersion.targets" from project "C:\Projects\QuickStockApi\QuickStock\QuickStock.csproj" (target "CreateSatelliteAssemblies" depends on it):
       Task "MSBuildInternalMessage" skipped, due to false condition; ('@(ManifestResourceWithCulture)'!='' and '%(ManifestResourceWithCulture.EmittedForCompatibilityOnly)'=='') was evaluated as (''!='' and ''=='').
       Task "MSBuildInternalMessage" skipped, due to false condition; ('@(ManifestNonResxWithCultureOnDisk)'!='' and '%(ManifestNonResxWithCultureOnDisk.EmittedForCompatibilityOnly)'=='') was evaluated as (''!='' and ''=='').
   2:6>Done building target "_GenerateSatelliteAssemblyInputs" in project "QuickStock.csproj".
       Target "ComputeIntermediateSatelliteAssemblies" skipped, due to false condition; (@(EmbeddedResource->'%(WithCulture)') != '') was evaluated as ( != '').
       Target "GenerateSatelliteAssemblies" skipped, due to false condition; ('@(_SatelliteAssemblyResourceInputs)' != '' and '$(GenerateSatelliteAssembliesForCore)' != 'true') was evaluated as ('' != '' and 'true' != 'true').
       Target "CoreGenerateSatelliteAssemblies" skipped, due to false condition; ('@(_SatelliteAssemblyResourceInputs)' != ''  and '$(GenerateSatelliteAssembliesForCore)' == 'true' ) was evaluated as ('' != ''  and 'true' == 'true' ).
   2:6>Target "CreateSatelliteAssemblies" in file "C:\Program Files\dotnet\sdk\9.0.313\Microsoft.Common.CurrentVersion.targets" from project "C:\Projects\QuickStockApi\QuickStock\QuickStock.csproj" (target "CoreBuild" depends on it):
   2:6>Done building target "CreateSatelliteAssemblies" in project "QuickStock.csproj".
       Target "GenerateManifests" skipped, due to false condition; ('$(GenerateClickOnceManifests)'=='true' or '@(NativeReference)'!='' or '@(ResolvedIsolatedComModules)'!='' or '$(GenerateAppxManifest)' == 'true') was evaluated as (''=='true' or ''!='' or ''!='' or '' == 'true').
   2:6>Target "GetTargetPathWithTargetPlatformMoniker" in file "C:\Program Files\dotnet\sdk\9.0.313\Microsoft.Common.CurrentVersion.targets" from project "C:\Projects\QuickStockApi\QuickStock\QuickStock.csproj" (target "GetTargetPath" depends on it):
   2:6>Done building target "GetTargetPathWithTargetPlatformMoniker" in project "QuickStock.csproj".
   2:6>Target "GetTargetPath" in file "C:\Program Files\dotnet\sdk\9.0.313\Microsoft.Common.CurrentVersion.targets" from project "C:\Projects\QuickStockApi\QuickStock\QuickStock.csproj" (target "CoreBuild" depends on it):
   2:6>Done building target "GetTargetPath" in project "QuickStock.csproj".
   2:6>Target "RazorCompile" in file "C:\Program Files\dotnet\sdk\9.0.313\Sdks\Microsoft.NET.Sdk.Razor\targets\Sdk.Razor.CurrentVersion.targets" from project "C:\Projects\QuickStockApi\QuickStock\QuickStock.csproj" (target "_RazorPrepareForRun" depends on it):
   2:6>Done building target "RazorCompile" in project "QuickStock.csproj".
   2:6>Target "_RazorPrepareForRun" in file "C:\Program Files\dotnet\sdk\9.0.313\Sdks\Microsoft.NET.Sdk.Razor\targets\Sdk.Razor.CurrentVersion.targets" from project "C:\Projects\QuickStockApi\QuickStock\QuickStock.csproj" (target "PrepareForRun" depends on it):
   2:6>Done building target "_RazorPrepareForRun" in project "QuickStock.csproj".
       Target "UpdateExistingPackageStaticWebAssets" skipped. Previously built successfully.
       Target "ResolveProjectStaticWebAssets" skipped. Previously built successfully.
       Target "ResolveStaticWebAssetsCrossTargetingConfiguration" skipped, due to false condition; ('$(TargetFrameworks)' != '' And '@(StaticWebAssetsEmbeddedConfiguration)' != '') was evaluated as ('' != '' And '' != '').
   2:6>Target "ResolveEmbeddedProjectsStaticWebAssets" in file "C:\Program Files\dotnet\sdk\9.0.313\Sdks\Microsoft.NET.Sdk.StaticWebAssets\targets\Microsoft.NET.Sdk.StaticWebAssets.EmbeddedAssets.targets" from project "C:\Projects\QuickStockApi\QuickStock\QuickStock.csproj" (target "ResolveCoreStaticWebAssets" depends on it):
       Task "MSBuild" skipped, due to false condition; ('@(_StaticWebAssetsEmbeddedProjectAssetConfigurations)' != '' and %(_StaticWebAssetsEmbeddedProjectAssetConfigurations.TargetFramework) != '$(TargetFramework)') was evaluated as ('' != '' and  != 'net8.0').
   2:6>Done building target "ResolveEmbeddedProjectsStaticWebAssets" in project "QuickStock.csproj".
       Target "ResolveStaticWebAssetsConfiguration" skipped. Previously built successfully.
       Target "PrepareProjectReferences" skipped. Previously built successfully.
   2:6>Target "ResolveReferencedProjectsStaticWebAssetsConfiguration" in file "C:\Program Files\dotnet\sdk\9.0.313\Sdks\Microsoft.NET.Sdk.StaticWebAssets\targets\Microsoft.NET.Sdk.StaticWebAssets.References.targets" from project "C:\Projects\QuickStockApi\QuickStock\QuickStock.csproj" (target "ResolveReferencedProjectsStaticWebAssets" depends on it):
       Task "MSBuild" skipped, due to false condition; ('@(_StaticWebAssetProjectReference)' != '') was evaluated as ('' != '').
       Task "WriteLinesToFile" skipped, due to false condition; ('$(BuildingInsideVisualStudio)' == 'true') was evaluated as ('' == 'true').
       Using "MergeConfigurationProperties" task from assembly "C:\Program Files\dotnet\sdk\9.0.313\Sdks\Microsoft.NET.Sdk.StaticWebAssets\targets\..\tasks\net9.0\Microsoft.NET.Sdk.StaticWebAssets.Tasks.dll".
       Task "MergeConfigurationProperties"
       Done executing task "MergeConfigurationProperties".
   2:6>Done building target "ResolveReferencedProjectsStaticWebAssetsConfiguration" in project "QuickStock.csproj".
   2:6>Target "ResolveReferencedProjectsStaticWebAssets" in file "C:\Program Files\dotnet\sdk\9.0.313\Sdks\Microsoft.NET.Sdk.StaticWebAssets\targets\Microsoft.NET.Sdk.StaticWebAssets.References.targets" from project "C:\Projects\QuickStockApi\QuickStock\QuickStock.csproj" (target "ResolveCoreStaticWebAssets" depends on it):
       Task "MSBuild" skipped, due to false condition; ('@(StaticWebAssetProjectConfiguration)' != '') was evaluated as ('' != '').
       Task "UpdateExternallyDefinedStaticWebAssets" skipped, due to false condition; (@(_ResolvedReferencedProjectBuildStaticWebAssetCandidates) != '') was evaluated as ( != '').
       Task "DefineStaticWebAssetEndpoints" skipped, due to false condition; ('@(_ReferencedProjectBuildStaticWebAssetsWithoutEndpoints)' != '') was evaluated as ('' != '').
   2:6>Done building target "ResolveReferencedProjectsStaticWebAssets" in project "QuickStock.csproj".
   2:6>Target "ResolveJsInitializerModuleStaticWebAssets" in file "C:\Program Files\dotnet\sdk\9.0.313\Sdks\Microsoft.NET.Sdk.StaticWebAssets\targets\Microsoft.NET.Sdk.StaticWebAssets.JSModules.targets" from project "C:\Projects\QuickStockApi\QuickStock\QuickStock.csproj" (target "ResolveCoreStaticWebAssets" depends on it):
       Task "DefineStaticWebAssets"
         Updating cache completely.
         RelativePath 'post_images/10d3aa50-c840-4e29-8365-d3e80ed3bb9b#[.{fingerprint}]?.jpg' normalized to 'post_images/10d3aa50-c840-4e29-8365-d3e80ed3bb9b#[.{fingerprint}]?.jpg' found for candidate 'C:\Projects\QuickStockApi\QuickStock\wwwroot\post_images\10d3aa50-c840-4e29-8365-d3e80ed3bb9b.jpg' and will be used for matching.
         Skipping 'C:\Projects\QuickStockApi\QuickStock\wwwroot\post_images\10d3aa50-c840-4e29-8365-d3e80ed3bb9b.jpg' because the relative path 'post_images/10d3aa50-c840-4e29-8365-d3e80ed3bb9b#[.{fingerprint}]?.jpg' did not match the filter '**/QuickStock.lib.module.js'.
         RelativePath 'post_images/1431ceb3-435f-4371-87a1-230c1cd1f575#[.{fingerprint}]?.jpg' normalized to 'post_images/1431ceb3-435f-4371-87a1-230c1cd1f575#[.{fingerprint}]?.jpg' found for candidate 'C:\Projects\QuickStockApi\QuickStock\wwwroot\post_images\1431ceb3-435f-4371-87a1-230c1cd1f575.jpg' and will be used for matching.
         Skipping 'C:\Projects\QuickStockApi\QuickStock\wwwroot\post_images\1431ceb3-435f-4371-87a1-230c1cd1f575.jpg' because the relative path 'post_images/1431ceb3-435f-4371-87a1-230c1cd1f575#[.{fingerprint}]?.jpg' did not match the filter '**/QuickStock.lib.module.js'.
         RelativePath 'post_images/1b84e65b-1db9-48c5-a427-fcfd1e5f57e7#[.{fingerprint}]?.jpg' normalized to 'post_images/1b84e65b-1db9-48c5-a427-fcfd1e5f57e7#[.{fingerprint}]?.jpg' found for candidate 'C:\Projects\QuickStockApi\QuickStock\wwwroot\post_images\1b84e65b-1db9-48c5-a427-fcfd1e5f57e7.jpg' and will be used for matching.
         Skipping 'C:\Projects\QuickStockApi\QuickStock\wwwroot\post_images\1b84e65b-1db9-48c5-a427-fcfd1e5f57e7.jpg' because the relative path 'post_images/1b84e65b-1db9-48c5-a427-fcfd1e5f57e7#[.{fingerprint}]?.jpg' did not match the filter '**/QuickStock.lib.module.js'.
         RelativePath 'post_images/305ccad3-9587-4272-acb5-96700cfe3230#[.{fingerprint}]?.jpg' normalized to 'post_images/305ccad3-9587-4272-acb5-96700cfe3230#[.{fingerprint}]?.jpg' found for candidate 'C:\Projects\QuickStockApi\QuickStock\wwwroot\post_images\305ccad3-9587-4272-acb5-96700cfe3230.jpg' and will be used for matching.
         Skipping 'C:\Projects\QuickStockApi\QuickStock\wwwroot\post_images\305ccad3-9587-4272-acb5-96700cfe3230.jpg' because the relative path 'post_images/305ccad3-9587-4272-acb5-96700cfe3230#[.{fingerprint}]?.jpg' did not match the filter '**/QuickStock.lib.module.js'.
         RelativePath 'post_images/324ce386-909a-4ece-bdb3-3934e54ef763#[.{fingerprint}]?.jpg' normalized to 'post_images/324ce386-909a-4ece-bdb3-3934e54ef763#[.{fingerprint}]?.jpg' found for candidate 'C:\Projects\QuickStockApi\QuickStock\wwwroot\post_images\324ce386-909a-4ece-bdb3-3934e54ef763.jpg' and will be used for matching.
         Skipping 'C:\Projects\QuickStockApi\QuickStock\wwwroot\post_images\324ce386-909a-4ece-bdb3-3934e54ef763.jpg' because the relative path 'post_images/324ce386-909a-4ece-bdb3-3934e54ef763#[.{fingerprint}]?.jpg' did not match the filter '**/QuickStock.lib.module.js'.
         RelativePath 'post_images/38d0583e-d880-41bd-a28d-888eba1232ba#[.{fingerprint}]?.jpg' normalized to 'post_images/38d0583e-d880-41bd-a28d-888eba1232ba#[.{fingerprint}]?.jpg' found for candidate 'C:\Projects\QuickStockApi\QuickStock\wwwroot\post_images\38d0583e-d880-41bd-a28d-888eba1232ba.jpg' and will be used for matching.
         Skipping 'C:\Projects\QuickStockApi\QuickStock\wwwroot\post_images\38d0583e-d880-41bd-a28d-888eba1232ba.jpg' because the relative path 'post_images/38d0583e-d880-41bd-a28d-888eba1232ba#[.{fingerprint}]?.jpg' did not match the filter '**/QuickStock.lib.module.js'.
         RelativePath 'post_images/819a77e1-60e7-400c-b94d-678787184e00#[.{fingerprint}]?.jpg' normalized to 'post_images/819a77e1-60e7-400c-b94d-678787184e00#[.{fingerprint}]?.jpg' found for candidate 'C:\Projects\QuickStockApi\QuickStock\wwwroot\post_images\819a77e1-60e7-400c-b94d-678787184e00.jpg' and will be used for matching.
         Skipping 'C:\Projects\QuickStockApi\QuickStock\wwwroot\post_images\819a77e1-60e7-400c-b94d-678787184e00.jpg' because the relative path 'post_images/819a77e1-60e7-400c-b94d-678787184e00#[.{fingerprint}]?.jpg' did not match the filter '**/QuickStock.lib.module.js'.
         RelativePath 'post_images/a88c638f-fc0b-4504-a2d3-95cd3fbf2eb3#[.{fingerprint}]?.jpg' normalized to 'post_images/a88c638f-fc0b-4504-a2d3-95cd3fbf2eb3#[.{fingerprint}]?.jpg' found for candidate 'C:\Projects\QuickStockApi\QuickStock\wwwroot\post_images\a88c638f-fc0b-4504-a2d3-95cd3fbf2eb3.jpg' and will be used for matching.
         Skipping 'C:\Projects\QuickStockApi\QuickStock\wwwroot\post_images\a88c638f-fc0b-4504-a2d3-95cd3fbf2eb3.jpg' because the relative path 'post_images/a88c638f-fc0b-4504-a2d3-95cd3fbf2eb3#[.{fingerprint}]?.jpg' did not match the filter '**/QuickStock.lib.module.js'.
         RelativePath 'post_images/b3ae85e7-08ab-4552-a73f-20ccc2c98790#[.{fingerprint}]?.jpg' normalized to 'post_images/b3ae85e7-08ab-4552-a73f-20ccc2c98790#[.{fingerprint}]?.jpg' found for candidate 'C:\Projects\QuickStockApi\QuickStock\wwwroot\post_images\b3ae85e7-08ab-4552-a73f-20ccc2c98790.jpg' and will be used for matching.
         Skipping 'C:\Projects\QuickStockApi\QuickStock\wwwroot\post_images\b3ae85e7-08ab-4552-a73f-20ccc2c98790.jpg' because the relative path 'post_images/b3ae85e7-08ab-4552-a73f-20ccc2c98790#[.{fingerprint}]?.jpg' did not match the filter '**/QuickStock.lib.module.js'.
         RelativePath 'post_images/bcce3aa6-aed7-40e6-9374-9f713cba509b#[.{fingerprint}]?.jpg' normalized to 'post_images/bcce3aa6-aed7-40e6-9374-9f713cba509b#[.{fingerprint}]?.jpg' found for candidate 'C:\Projects\QuickStockApi\QuickStock\wwwroot\post_images\bcce3aa6-aed7-40e6-9374-9f713cba509b.jpg' and will be used for matching.
         Skipping 'C:\Projects\QuickStockApi\QuickStock\wwwroot\post_images\bcce3aa6-aed7-40e6-9374-9f713cba509b.jpg' because the relative path 'post_images/bcce3aa6-aed7-40e6-9374-9f713cba509b#[.{fingerprint}]?.jpg' did not match the filter '**/QuickStock.lib.module.js'.
         RelativePath 'post_images/bd7a09ad-6af7-4245-b156-571cd228d45f#[.{fingerprint}]?.png' normalized to 'post_images/bd7a09ad-6af7-4245-b156-571cd228d45f#[.{fingerprint}]?.png' found for candidate 'C:\Projects\QuickStockApi\QuickStock\wwwroot\post_images\bd7a09ad-6af7-4245-b156-571cd228d45f.png' and will be used for matching.
         Skipping 'C:\Projects\QuickStockApi\QuickStock\wwwroot\post_images\bd7a09ad-6af7-4245-b156-571cd228d45f.png' because the relative path 'post_images/bd7a09ad-6af7-4245-b156-571cd228d45f#[.{fingerprint}]?.png' did not match the filter '**/QuickStock.lib.module.js'.
         RelativePath 'post_images/bebf4a2a-a00b-4c1e-8814-f2812a3f1caf#[.{fingerprint}]?.jpg' normalized to 'post_images/bebf4a2a-a00b-4c1e-8814-f2812a3f1caf#[.{fingerprint}]?.jpg' found for candidate 'C:\Projects\QuickStockApi\QuickStock\wwwroot\post_images\bebf4a2a-a00b-4c1e-8814-f2812a3f1caf.jpg' and will be used for matching.
         Skipping 'C:\Projects\QuickStockApi\QuickStock\wwwroot\post_images\bebf4a2a-a00b-4c1e-8814-f2812a3f1caf.jpg' because the relative path 'post_images/bebf4a2a-a00b-4c1e-8814-f2812a3f1caf#[.{fingerprint}]?.jpg' did not match the filter '**/QuickStock.lib.module.js'.
         RelativePath 'post_images/c50c4d8c-c3d2-4030-b4d9-4a7f600a83a7#[.{fingerprint}]?.jpg' normalized to 'post_images/c50c4d8c-c3d2-4030-b4d9-4a7f600a83a7#[.{fingerprint}]?.jpg' found for candidate 'C:\Projects\QuickStockApi\QuickStock\wwwroot\post_images\c50c4d8c-c3d2-4030-b4d9-4a7f600a83a7.jpg' and will be used for matching.
         Skipping 'C:\Projects\QuickStockApi\QuickStock\wwwroot\post_images\c50c4d8c-c3d2-4030-b4d9-4a7f600a83a7.jpg' because the relative path 'post_images/c50c4d8c-c3d2-4030-b4d9-4a7f600a83a7#[.{fingerprint}]?.jpg' did not match the filter '**/QuickStock.lib.module.js'.
         RelativePath 'post_images/fb251974-9139-4d47-b65e-3d25aeab8e8b#[.{fingerprint}]?.jpg' normalized to 'post_images/fb251974-9139-4d47-b65e-3d25aeab8e8b#[.{fingerprint}]?.jpg' found for candidate 'C:\Projects\QuickStockApi\QuickStock\wwwroot\post_images\fb251974-9139-4d47-b65e-3d25aeab8e8b.jpg' and will be used for matching.
         Skipping 'C:\Projects\QuickStockApi\QuickStock\wwwroot\post_images\fb251974-9139-4d47-b65e-3d25aeab8e8b.jpg' because the relative path 'post_images/fb251974-9139-4d47-b65e-3d25aeab8e8b#[.{fingerprint}]?.jpg' did not match the filter '**/QuickStock.lib.module.js'.
         RelativePath 'post_images/fe4edeec-9c36-4542-a165-56cf0ee6da97#[.{fingerprint}]?.jpg' normalized to 'post_images/fe4edeec-9c36-4542-a165-56cf0ee6da97#[.{fingerprint}]?.jpg' found for candidate 'C:\Projects\QuickStockApi\QuickStock\wwwroot\post_images\fe4edeec-9c36-4542-a165-56cf0ee6da97.jpg' and will be used for matching.
         Skipping 'C:\Projects\QuickStockApi\QuickStock\wwwroot\post_images\fe4edeec-9c36-4542-a165-56cf0ee6da97.jpg' because the relative path 'post_images/fe4edeec-9c36-4542-a165-56cf0ee6da97#[.{fingerprint}]?.jpg' did not match the filter '**/QuickStock.lib.module.js'.
         RelativePath 'post_images/ffe9d48a-c7c1-420e-a8e5-0dd8f393daa3#[.{fingerprint}]?.jpg' normalized to 'post_images/ffe9d48a-c7c1-420e-a8e5-0dd8f393daa3#[.{fingerprint}]?.jpg' found for candidate 'C:\Projects\QuickStockApi\QuickStock\wwwroot\post_images\ffe9d48a-c7c1-420e-a8e5-0dd8f393daa3.jpg' and will be used for matching.
         Skipping 'C:\Projects\QuickStockApi\QuickStock\wwwroot\post_images\ffe9d48a-c7c1-420e-a8e5-0dd8f393daa3.jpg' because the relative path 'post_images/ffe9d48a-c7c1-420e-a8e5-0dd8f393daa3#[.{fingerprint}]?.jpg' did not match the filter '**/QuickStock.lib.module.js'.
         RelativePath 'upload#[.{fingerprint}]?.html' normalized to 'upload#[.{fingerprint}]?.html' found for candidate 'C:\Projects\QuickStockApi\QuickStock\wwwroot\upload.html' and will be used for matching.
         Skipping 'C:\Projects\QuickStockApi\QuickStock\wwwroot\upload.html' because the relative path 'upload#[.{fingerprint}]?.html' did not match the filter '**/QuickStock.lib.module.js'.
         RelativePath 'Upload/Picture/1da69394-2a03-4248-972d-f794d0e41650#[.{fingerprint}]?.jpg' normalized to 'Upload/Picture/1da69394-2a03-4248-972d-f794d0e41650#[.{fingerprint}]?.jpg' found for candidate 'C:\Projects\QuickStockApi\QuickStock\wwwroot\Upload\Picture\1da69394-2a03-4248-972d-f794d0e41650.jpg' and will be used for matching.
         Skipping 'C:\Projects\QuickStockApi\QuickStock\wwwroot\Upload\Picture\1da69394-2a03-4248-972d-f794d0e41650.jpg' because the relative path 'Upload/Picture/1da69394-2a03-4248-972d-f794d0e41650#[.{fingerprint}]?.jpg' did not match the filter '**/QuickStock.lib.module.js'.
         RelativePath 'Upload/Picture/3e412953-5e31-4c7b-bb1e-1e214bc8b6d1#[.{fingerprint}]?.jpg' normalized to 'Upload/Picture/3e412953-5e31-4c7b-bb1e-1e214bc8b6d1#[.{fingerprint}]?.jpg' found for candidate 'C:\Projects\QuickStockApi\QuickStock\wwwroot\Upload\Picture\3e412953-5e31-4c7b-bb1e-1e214bc8b6d1.jpg' and will be used for matching.
         Skipping 'C:\Projects\QuickStockApi\QuickStock\wwwroot\Upload\Picture\3e412953-5e31-4c7b-bb1e-1e214bc8b6d1.jpg' because the relative path 'Upload/Picture/3e412953-5e31-4c7b-bb1e-1e214bc8b6d1#[.{fingerprint}]?.jpg' did not match the filter '**/QuickStock.lib.module.js'.
         RelativePath 'Upload/Picture/7dbdce9f-0e86-4ad0-bbfe-f51bd6b641d5#[.{fingerprint}]?.jpg' normalized to 'Upload/Picture/7dbdce9f-0e86-4ad0-bbfe-f51bd6b641d5#[.{fingerprint}]?.jpg' found for candidate 'C:\Projects\QuickStockApi\QuickStock\wwwroot\Upload\Picture\7dbdce9f-0e86-4ad0-bbfe-f51bd6b641d5.jpg' and will be used for matching.
         Skipping 'C:\Projects\QuickStockApi\QuickStock\wwwroot\Upload\Picture\7dbdce9f-0e86-4ad0-bbfe-f51bd6b641d5.jpg' because the relative path 'Upload/Picture/7dbdce9f-0e86-4ad0-bbfe-f51bd6b641d5#[.{fingerprint}]?.jpg' did not match the filter '**/QuickStock.lib.module.js'.
         RelativePath 'Upload/Picture/9c9dc77d-a715-4bcd-9b49-30ce366c74d8#[.{fingerprint}]?.jpg' normalized to 'Upload/Picture/9c9dc77d-a715-4bcd-9b49-30ce366c74d8#[.{fingerprint}]?.jpg' found for candidate 'C:\Projects\QuickStockApi\QuickStock\wwwroot\Upload\Picture\9c9dc77d-a715-4bcd-9b49-30ce366c74d8.jpg' and will be used for matching.
         Skipping 'C:\Projects\QuickStockApi\QuickStock\wwwroot\Upload\Picture\9c9dc77d-a715-4bcd-9b49-30ce366c74d8.jpg' because the relative path 'Upload/Picture/9c9dc77d-a715-4bcd-9b49-30ce366c74d8#[.{fingerprint}]?.jpg' did not match the filter '**/QuickStock.lib.module.js'.
         RelativePath 'Upload/Picture/da9ec11e-34b5-4b53-a87f-d784a8c0d159#[.{fingerprint}]?.jpg' normalized to 'Upload/Picture/da9ec11e-34b5-4b53-a87f-d784a8c0d159#[.{fingerprint}]?.jpg' found for candidate 'C:\Projects\QuickStockApi\QuickStock\wwwroot\Upload\Picture\da9ec11e-34b5-4b53-a87f-d784a8c0d159.jpg' and will be used for matching.
         Skipping 'C:\Projects\QuickStockApi\QuickStock\wwwroot\Upload\Picture\da9ec11e-34b5-4b53-a87f-d784a8c0d159.jpg' because the relative path 'Upload/Picture/da9ec11e-34b5-4b53-a87f-d784a8c0d159#[.{fingerprint}]?.jpg' did not match the filter '**/QuickStock.lib.module.js'.
         RelativePath 'Upload/Picture/dc7c84d1-2aad-44af-a383-3db5b9102f92#[.{fingerprint}]?.jpg' normalized to 'Upload/Picture/dc7c84d1-2aad-44af-a383-3db5b9102f92#[.{fingerprint}]?.jpg' found for candidate 'C:\Projects\QuickStockApi\QuickStock\wwwroot\Upload\Picture\dc7c84d1-2aad-44af-a383-3db5b9102f92.jpg' and will be used for matching.
         Skipping 'C:\Projects\QuickStockApi\QuickStock\wwwroot\Upload\Picture\dc7c84d1-2aad-44af-a383-3db5b9102f92.jpg' because the relative path 'Upload/Picture/dc7c84d1-2aad-44af-a383-3db5b9102f92#[.{fingerprint}]?.jpg' did not match the filter '**/QuickStock.lib.module.js'.
       Done executing task "DefineStaticWebAssets".
       Task "DefineStaticWebAssetEndpoints"
         Removing endpoints for asset 'C:\Projects\QuickStockApi\QuickStock\wwwroot\post_images\bcce3aa6-aed7-40e6-9374-9f713cba509b.jpg' because it no longer exists.
         Removing endpoints for asset 'C:\Projects\QuickStockApi\QuickStock\wwwroot\post_images\bcce3aa6-aed7-40e6-9374-9f713cba509b.jpg' because it no longer exists.
         Removing endpoints for asset 'C:\Projects\QuickStockApi\QuickStock\wwwroot\Upload\Picture\1da69394-2a03-4248-972d-f794d0e41650.jpg' because it no longer exists.
         Removing endpoints for asset 'C:\Projects\QuickStockApi\QuickStock\wwwroot\Upload\Picture\1da69394-2a03-4248-972d-f794d0e41650.jpg' because it no longer exists.
         Removing endpoints for asset 'C:\Projects\QuickStockApi\QuickStock\wwwroot\post_images\fb251974-9139-4d47-b65e-3d25aeab8e8b.jpg' because it no longer exists.
         Removing endpoints for asset 'C:\Projects\QuickStockApi\QuickStock\wwwroot\post_images\fb251974-9139-4d47-b65e-3d25aeab8e8b.jpg' because it no longer exists.
         Removing endpoints for asset 'C:\Projects\QuickStockApi\QuickStock\wwwroot\post_images\305ccad3-9587-4272-acb5-96700cfe3230.jpg' because it no longer exists.
         Removing endpoints for asset 'C:\Projects\QuickStockApi\QuickStock\wwwroot\post_images\305ccad3-9587-4272-acb5-96700cfe3230.jpg' because it no longer exists.
         Removing endpoints for asset 'C:\Projects\QuickStockApi\QuickStock\wwwroot\post_images\fe4edeec-9c36-4542-a165-56cf0ee6da97.jpg' because it no longer exists.
         Removing endpoints for asset 'C:\Projects\QuickStockApi\QuickStock\wwwroot\post_images\fe4edeec-9c36-4542-a165-56cf0ee6da97.jpg' because it no longer exists.
         Removing endpoints for asset 'C:\Projects\QuickStockApi\QuickStock\wwwroot\post_images\324ce386-909a-4ece-bdb3-3934e54ef763.jpg' because it no longer exists.
         Removing endpoints for asset 'C:\Projects\QuickStockApi\QuickStock\wwwroot\post_images\324ce386-909a-4ece-bdb3-3934e54ef763.jpg' because it no longer exists.
         Removing endpoints for asset 'C:\Projects\QuickStockApi\QuickStock\wwwroot\post_images\a88c638f-fc0b-4504-a2d3-95cd3fbf2eb3.jpg' because it no longer exists.
         Removing endpoints for asset 'C:\Projects\QuickStockApi\QuickStock\wwwroot\post_images\a88c638f-fc0b-4504-a2d3-95cd3fbf2eb3.jpg' because it no longer exists.
         Removing endpoints for asset 'C:\Projects\QuickStockApi\QuickStock\wwwroot\post_images\1b84e65b-1db9-48c5-a427-fcfd1e5f57e7.jpg' because it no longer exists.
         Removing endpoints for asset 'C:\Projects\QuickStockApi\QuickStock\wwwroot\post_images\1b84e65b-1db9-48c5-a427-fcfd1e5f57e7.jpg' because it no longer exists.
         Removing endpoints for asset 'C:\Projects\QuickStockApi\QuickStock\wwwroot\Upload\Picture\da9ec11e-34b5-4b53-a87f-d784a8c0d159.jpg' because it no longer exists.
         Removing endpoints for asset 'C:\Projects\QuickStockApi\QuickStock\wwwroot\Upload\Picture\da9ec11e-34b5-4b53-a87f-d784a8c0d159.jpg' because it no longer exists.
         Removing endpoints for asset 'C:\Projects\QuickStockApi\QuickStock\wwwroot\post_images\819a77e1-60e7-400c-b94d-678787184e00.jpg' because it no longer exists.
         Removing endpoints for asset 'C:\Projects\QuickStockApi\QuickStock\wwwroot\post_images\819a77e1-60e7-400c-b94d-678787184e00.jpg' because it no longer exists.
         Removing endpoints for asset 'C:\Projects\QuickStockApi\QuickStock\wwwroot\post_images\ffe9d48a-c7c1-420e-a8e5-0dd8f393daa3.jpg' because it no longer exists.
         Removing endpoints for asset 'C:\Projects\QuickStockApi\QuickStock\wwwroot\post_images\ffe9d48a-c7c1-420e-a8e5-0dd8f393daa3.jpg' because it no longer exists.
         Removing endpoints for asset 'C:\Projects\QuickStockApi\QuickStock\wwwroot\post_images\b3ae85e7-08ab-4552-a73f-20ccc2c98790.jpg' because it no longer exists.
         Removing endpoints for asset 'C:\Projects\QuickStockApi\QuickStock\wwwroot\post_images\b3ae85e7-08ab-4552-a73f-20ccc2c98790.jpg' because it no longer exists.
         Removing endpoints for asset 'C:\Projects\QuickStockApi\QuickStock\wwwroot\post_images\bd7a09ad-6af7-4245-b156-571cd228d45f.png' because it no longer exists.
         Removing endpoints for asset 'C:\Projects\QuickStockApi\QuickStock\wwwroot\post_images\bd7a09ad-6af7-4245-b156-571cd228d45f.png' because it no longer exists.
         Removing endpoints for asset 'C:\Projects\QuickStockApi\QuickStock\wwwroot\Upload\Picture\3e412953-5e31-4c7b-bb1e-1e214bc8b6d1.jpg' because it no longer exists.
         Removing endpoints for asset 'C:\Projects\QuickStockApi\QuickStock\wwwroot\Upload\Picture\3e412953-5e31-4c7b-bb1e-1e214bc8b6d1.jpg' because it no longer exists.
         Removing endpoints for asset 'C:\Projects\QuickStockApi\QuickStock\wwwroot\post_images\bebf4a2a-a00b-4c1e-8814-f2812a3f1caf.jpg' because it no longer exists.
         Removing endpoints for asset 'C:\Projects\QuickStockApi\QuickStock\wwwroot\post_images\bebf4a2a-a00b-4c1e-8814-f2812a3f1caf.jpg' because it no longer exists.
         Removing endpoints for asset 'C:\Projects\QuickStockApi\QuickStock\wwwroot\Upload\Picture\7dbdce9f-0e86-4ad0-bbfe-f51bd6b641d5.jpg' because it no longer exists.
         Removing endpoints for asset 'C:\Projects\QuickStockApi\QuickStock\wwwroot\Upload\Picture\7dbdce9f-0e86-4ad0-bbfe-f51bd6b641d5.jpg' because it no longer exists.
         Removing endpoints for asset 'C:\Projects\QuickStockApi\QuickStock\wwwroot\post_images\38d0583e-d880-41bd-a28d-888eba1232ba.jpg' because it no longer exists.
         Removing endpoints for asset 'C:\Projects\QuickStockApi\QuickStock\wwwroot\post_images\38d0583e-d880-41bd-a28d-888eba1232ba.jpg' because it no longer exists.
         Removing endpoints for asset 'C:\Projects\QuickStockApi\QuickStock\wwwroot\upload.html' because it no longer exists.
         Removing endpoints for asset 'C:\Projects\QuickStockApi\QuickStock\wwwroot\upload.html' because it no longer exists.
         Removing endpoints for asset 'C:\Projects\QuickStockApi\QuickStock\wwwroot\post_images\1431ceb3-435f-4371-87a1-230c1cd1f575.jpg' because it no longer exists.
         Removing endpoints for asset 'C:\Projects\QuickStockApi\QuickStock\wwwroot\post_images\1431ceb3-435f-4371-87a1-230c1cd1f575.jpg' because it no longer exists.
         Removing endpoints for asset 'C:\Projects\QuickStockApi\QuickStock\wwwroot\Upload\Picture\dc7c84d1-2aad-44af-a383-3db5b9102f92.jpg' because it no longer exists.
         Removing endpoints for asset 'C:\Projects\QuickStockApi\QuickStock\wwwroot\Upload\Picture\dc7c84d1-2aad-44af-a383-3db5b9102f92.jpg' because it no longer exists.
         Removing endpoints for asset 'C:\Projects\QuickStockApi\QuickStock\wwwroot\post_images\10d3aa50-c840-4e29-8365-d3e80ed3bb9b.jpg' because it no longer exists.
         Removing endpoints for asset 'C:\Projects\QuickStockApi\QuickStock\wwwroot\post_images\10d3aa50-c840-4e29-8365-d3e80ed3bb9b.jpg' because it no longer exists.
         Removing endpoints for asset 'C:\Projects\QuickStockApi\QuickStock\wwwroot\post_images\c50c4d8c-c3d2-4030-b4d9-4a7f600a83a7.jpg' because it no longer exists.
         Removing endpoints for asset 'C:\Projects\QuickStockApi\QuickStock\wwwroot\post_images\c50c4d8c-c3d2-4030-b4d9-4a7f600a83a7.jpg' because it no longer exists.
         Removing endpoints for asset 'C:\Projects\QuickStockApi\QuickStock\wwwroot\Upload\Picture\9c9dc77d-a715-4bcd-9b49-30ce366c74d8.jpg' because it no longer exists.
         Removing endpoints for asset 'C:\Projects\QuickStockApi\QuickStock\wwwroot\Upload\Picture\9c9dc77d-a715-4bcd-9b49-30ce366c74d8.jpg' because it no longer exists.
       Done executing task "DefineStaticWebAssetEndpoints".
       Task "FilterStaticWebAssetEndpoints" skipped, due to false condition; ('@(_JSModuleStaticWebAsset)' != '') was evaluated as ('' != '').
       Task "Error" skipped, due to false condition; ('@(_MissingJSModuleStaticWebAsset)' != '') was evaluated as ('' != '').
       Task "UpdateStaticWebAssetEndpoints" skipped, due to false condition; ('@(_AddPropertyToInitializers)' != '') was evaluated as ('' != '').
   2:6>Done building target "ResolveJsInitializerModuleStaticWebAssets" in project "QuickStock.csproj".
       Target "ResolveProjectStaticWebAssets" skipped. Previously built successfully.
       Target "ResolveRazorComponentInputs" skipped. Previously built successfully.
       Target "ResolveRazorGenerateInputs" skipped. Previously built successfully.
   2:6>Target "ResolveJSModuleStaticWebAssets" in file "C:\Program Files\dotnet\sdk\9.0.313\Sdks\Microsoft.NET.Sdk.StaticWebAssets\targets\Microsoft.NET.Sdk.StaticWebAssets.JSModules.targets" from project "C:\Projects\QuickStockApi\QuickStock\QuickStock.csproj" (target "ResolveCoreStaticWebAssets" depends on it):
       Task "DefineStaticWebAssets"
         Updating cache completely.
         Rejected asset 'wwwroot\post_images\10d3aa50-c840-4e29-8365-d3e80ed3bb9b.jpg' for pattern '**/*.razor.js'
         Rejected asset 'wwwroot\post_images\1431ceb3-435f-4371-87a1-230c1cd1f575.jpg' for pattern '**/*.razor.js'
         Rejected asset 'wwwroot\post_images\1b84e65b-1db9-48c5-a427-fcfd1e5f57e7.jpg' for pattern '**/*.razor.js'
         Rejected asset 'wwwroot\post_images\305ccad3-9587-4272-acb5-96700cfe3230.jpg' for pattern '**/*.razor.js'
         Rejected asset 'wwwroot\post_images\324ce386-909a-4ece-bdb3-3934e54ef763.jpg' for pattern '**/*.razor.js'
         Rejected asset 'wwwroot\post_images\38d0583e-d880-41bd-a28d-888eba1232ba.jpg' for pattern '**/*.razor.js'
         Rejected asset 'wwwroot\post_images\819a77e1-60e7-400c-b94d-678787184e00.jpg' for pattern '**/*.razor.js'
         Rejected asset 'wwwroot\post_images\a88c638f-fc0b-4504-a2d3-95cd3fbf2eb3.jpg' for pattern '**/*.razor.js'
         Rejected asset 'wwwroot\post_images\b3ae85e7-08ab-4552-a73f-20ccc2c98790.jpg' for pattern '**/*.razor.js'
         Rejected asset 'wwwroot\post_images\bcce3aa6-aed7-40e6-9374-9f713cba509b.jpg' for pattern '**/*.razor.js'
         Rejected asset 'wwwroot\post_images\bd7a09ad-6af7-4245-b156-571cd228d45f.png' for pattern '**/*.razor.js'
         Rejected asset 'wwwroot\post_images\bebf4a2a-a00b-4c1e-8814-f2812a3f1caf.jpg' for pattern '**/*.razor.js'
         Rejected asset 'wwwroot\post_images\c50c4d8c-c3d2-4030-b4d9-4a7f600a83a7.jpg' for pattern '**/*.razor.js'
         Rejected asset 'wwwroot\post_images\fb251974-9139-4d47-b65e-3d25aeab8e8b.jpg' for pattern '**/*.razor.js'
         Rejected asset 'wwwroot\post_images\fe4edeec-9c36-4542-a165-56cf0ee6da97.jpg' for pattern '**/*.razor.js'
         Rejected asset 'wwwroot\post_images\ffe9d48a-c7c1-420e-a8e5-0dd8f393daa3.jpg' for pattern '**/*.razor.js'
         Rejected asset 'wwwroot\upload.html' for pattern '**/*.razor.js'
         Rejected asset 'wwwroot\Upload\Picture\1da69394-2a03-4248-972d-f794d0e41650.jpg' for pattern '**/*.razor.js'
         Rejected asset 'wwwroot\Upload\Picture\3e412953-5e31-4c7b-bb1e-1e214bc8b6d1.jpg' for pattern '**/*.razor.js'
         Rejected asset 'wwwroot\Upload\Picture\7dbdce9f-0e86-4ad0-bbfe-f51bd6b641d5.jpg' for pattern '**/*.razor.js'
         Rejected asset 'wwwroot\Upload\Picture\9c9dc77d-a715-4bcd-9b49-30ce366c74d8.jpg' for pattern '**/*.razor.js'
         Rejected asset 'wwwroot\Upload\Picture\da9ec11e-34b5-4b53-a87f-d784a8c0d159.jpg' for pattern '**/*.razor.js'
         Rejected asset 'wwwroot\Upload\Picture\dc7c84d1-2aad-44af-a383-3db5b9102f92.jpg' for pattern '**/*.razor.js'
         Rejected asset 'appsettings.Development.json' for pattern '**/*.razor.js'
         Rejected asset 'appsettings.json' for pattern '**/*.razor.js'
         Rejected asset 'Properties\launchSettings.json' for pattern '**/*.razor.js'
         Link 'QuickStock.exe' found for candidate 'C:\Projects\QuickStockApi\QuickStock\obj\Debug\net8.0\apphost.exe' and will be used for matching.
         Rejected asset 'QuickStock.exe' for pattern '**/*.razor.js'
       Done executing task "DefineStaticWebAssets".
       Task "DefineStaticWebAssets"
         Updating cache completely.
         Rejected asset 'wwwroot\post_images\10d3aa50-c840-4e29-8365-d3e80ed3bb9b.jpg' for pattern '**/*.cshtml.js'
         Rejected asset 'wwwroot\post_images\1431ceb3-435f-4371-87a1-230c1cd1f575.jpg' for pattern '**/*.cshtml.js'
         Rejected asset 'wwwroot\post_images\1b84e65b-1db9-48c5-a427-fcfd1e5f57e7.jpg' for pattern '**/*.cshtml.js'
         Rejected asset 'wwwroot\post_images\305ccad3-9587-4272-acb5-96700cfe3230.jpg' for pattern '**/*.cshtml.js'
         Rejected asset 'wwwroot\post_images\324ce386-909a-4ece-bdb3-3934e54ef763.jpg' for pattern '**/*.cshtml.js'
         Rejected asset 'wwwroot\post_images\38d0583e-d880-41bd-a28d-888eba1232ba.jpg' for pattern '**/*.cshtml.js'
         Rejected asset 'wwwroot\post_images\819a77e1-60e7-400c-b94d-678787184e00.jpg' for pattern '**/*.cshtml.js'
         Rejected asset 'wwwroot\post_images\a88c638f-fc0b-4504-a2d3-95cd3fbf2eb3.jpg' for pattern '**/*.cshtml.js'
         Rejected asset 'wwwroot\post_images\b3ae85e7-08ab-4552-a73f-20ccc2c98790.jpg' for pattern '**/*.cshtml.js'
         Rejected asset 'wwwroot\post_images\bcce3aa6-aed7-40e6-9374-9f713cba509b.jpg' for pattern '**/*.cshtml.js'
         Rejected asset 'wwwroot\post_images\bd7a09ad-6af7-4245-b156-571cd228d45f.png' for pattern '**/*.cshtml.js'
         Rejected asset 'wwwroot\post_images\bebf4a2a-a00b-4c1e-8814-f2812a3f1caf.jpg' for pattern '**/*.cshtml.js'
         Rejected asset 'wwwroot\post_images\c50c4d8c-c3d2-4030-b4d9-4a7f600a83a7.jpg' for pattern '**/*.cshtml.js'
         Rejected asset 'wwwroot\post_images\fb251974-9139-4d47-b65e-3d25aeab8e8b.jpg' for pattern '**/*.cshtml.js'
         Rejected asset 'wwwroot\post_images\fe4edeec-9c36-4542-a165-56cf0ee6da97.jpg' for pattern '**/*.cshtml.js'
         Rejected asset 'wwwroot\post_images\ffe9d48a-c7c1-420e-a8e5-0dd8f393daa3.jpg' for pattern '**/*.cshtml.js'
         Rejected asset 'wwwroot\upload.html' for pattern '**/*.cshtml.js'
         Rejected asset 'wwwroot\Upload\Picture\1da69394-2a03-4248-972d-f794d0e41650.jpg' for pattern '**/*.cshtml.js'
         Rejected asset 'wwwroot\Upload\Picture\3e412953-5e31-4c7b-bb1e-1e214bc8b6d1.jpg' for pattern '**/*.cshtml.js'
         Rejected asset 'wwwroot\Upload\Picture\7dbdce9f-0e86-4ad0-bbfe-f51bd6b641d5.jpg' for pattern '**/*.cshtml.js'
         Rejected asset 'wwwroot\Upload\Picture\9c9dc77d-a715-4bcd-9b49-30ce366c74d8.jpg' for pattern '**/*.cshtml.js'
         Rejected asset 'wwwroot\Upload\Picture\da9ec11e-34b5-4b53-a87f-d784a8c0d159.jpg' for pattern '**/*.cshtml.js'
         Rejected asset 'wwwroot\Upload\Picture\dc7c84d1-2aad-44af-a383-3db5b9102f92.jpg' for pattern '**/*.cshtml.js'
         Rejected asset 'appsettings.Development.json' for pattern '**/*.cshtml.js'
         Rejected asset 'appsettings.json' for pattern '**/*.cshtml.js'
         Rejected asset 'Properties\launchSettings.json' for pattern '**/*.cshtml.js'
         Link 'QuickStock.exe' found for candidate 'C:\Projects\QuickStockApi\QuickStock\obj\Debug\net8.0\apphost.exe' and will be used for matching.
         Rejected asset 'QuickStock.exe' for pattern '**/*.cshtml.js'
       Done executing task "DefineStaticWebAssets".
       Task "DefineStaticWebAssetEndpoints"
         Removing endpoints for asset 'C:\Projects\QuickStockApi\QuickStock\wwwroot\post_images\bcce3aa6-aed7-40e6-9374-9f713cba509b.jpg' because it no longer exists.
         Removing endpoints for asset 'C:\Projects\QuickStockApi\QuickStock\wwwroot\post_images\bcce3aa6-aed7-40e6-9374-9f713cba509b.jpg' because it no longer exists.
         Removing endpoints for asset 'C:\Projects\QuickStockApi\QuickStock\wwwroot\Upload\Picture\1da69394-2a03-4248-972d-f794d0e41650.jpg' because it no longer exists.
         Removing endpoints for asset 'C:\Projects\QuickStockApi\QuickStock\wwwroot\Upload\Picture\1da69394-2a03-4248-972d-f794d0e41650.jpg' because it no longer exists.
         Removing endpoints for asset 'C:\Projects\QuickStockApi\QuickStock\wwwroot\post_images\fb251974-9139-4d47-b65e-3d25aeab8e8b.jpg' because it no longer exists.
         Removing endpoints for asset 'C:\Projects\QuickStockApi\QuickStock\wwwroot\post_images\fb251974-9139-4d47-b65e-3d25aeab8e8b.jpg' because it no longer exists.
         Removing endpoints for asset 'C:\Projects\QuickStockApi\QuickStock\wwwroot\post_images\305ccad3-9587-4272-acb5-96700cfe3230.jpg' because it no longer exists.
         Removing endpoints for asset 'C:\Projects\QuickStockApi\QuickStock\wwwroot\post_images\305ccad3-9587-4272-acb5-96700cfe3230.jpg' because it no longer exists.
         Removing endpoints for asset 'C:\Projects\QuickStockApi\QuickStock\wwwroot\post_images\fe4edeec-9c36-4542-a165-56cf0ee6da97.jpg' because it no longer exists.
         Removing endpoints for asset 'C:\Projects\QuickStockApi\QuickStock\wwwroot\post_images\fe4edeec-9c36-4542-a165-56cf0ee6da97.jpg' because it no longer exists.
         Removing endpoints for asset 'C:\Projects\QuickStockApi\QuickStock\wwwroot\post_images\324ce386-909a-4ece-bdb3-3934e54ef763.jpg' because it no longer exists.
         Removing endpoints for asset 'C:\Projects\QuickStockApi\QuickStock\wwwroot\post_images\324ce386-909a-4ece-bdb3-3934e54ef763.jpg' because it no longer exists.
         Removing endpoints for asset 'C:\Projects\QuickStockApi\QuickStock\wwwroot\post_images\a88c638f-fc0b-4504-a2d3-95cd3fbf2eb3.jpg' because it no longer exists.
         Removing endpoints for asset 'C:\Projects\QuickStockApi\QuickStock\wwwroot\post_images\a88c638f-fc0b-4504-a2d3-95cd3fbf2eb3.jpg' because it no longer exists.
         Removing endpoints for asset 'C:\Projects\QuickStockApi\QuickStock\wwwroot\post_images\1b84e65b-1db9-48c5-a427-fcfd1e5f57e7.jpg' because it no longer exists.
         Removing endpoints for asset 'C:\Projects\QuickStockApi\QuickStock\wwwroot\post_images\1b84e65b-1db9-48c5-a427-fcfd1e5f57e7.jpg' because it no longer exists.
         Removing endpoints for asset 'C:\Projects\QuickStockApi\QuickStock\wwwroot\Upload\Picture\da9ec11e-34b5-4b53-a87f-d784a8c0d159.jpg' because it no longer exists.
         Removing endpoints for asset 'C:\Projects\QuickStockApi\QuickStock\wwwroot\Upload\Picture\da9ec11e-34b5-4b53-a87f-d784a8c0d159.jpg' because it no longer exists.
         Removing endpoints for asset 'C:\Projects\QuickStockApi\QuickStock\wwwroot\post_images\819a77e1-60e7-400c-b94d-678787184e00.jpg' because it no longer exists.
         Removing endpoints for asset 'C:\Projects\QuickStockApi\QuickStock\wwwroot\post_images\819a77e1-60e7-400c-b94d-678787184e00.jpg' because it no longer exists.
         Removing endpoints for asset 'C:\Projects\QuickStockApi\QuickStock\wwwroot\post_images\ffe9d48a-c7c1-420e-a8e5-0dd8f393daa3.jpg' because it no longer exists.
         Removing endpoints for asset 'C:\Projects\QuickStockApi\QuickStock\wwwroot\post_images\ffe9d48a-c7c1-420e-a8e5-0dd8f393daa3.jpg' because it no longer exists.
         Removing endpoints for asset 'C:\Projects\QuickStockApi\QuickStock\wwwroot\post_images\b3ae85e7-08ab-4552-a73f-20ccc2c98790.jpg' because it no longer exists.
         Removing endpoints for asset 'C:\Projects\QuickStockApi\QuickStock\wwwroot\post_images\b3ae85e7-08ab-4552-a73f-20ccc2c98790.jpg' because it no longer exists.
         Removing endpoints for asset 'C:\Projects\QuickStockApi\QuickStock\wwwroot\post_images\bd7a09ad-6af7-4245-b156-571cd228d45f.png' because it no longer exists.
         Removing endpoints for asset 'C:\Projects\QuickStockApi\QuickStock\wwwroot\post_images\bd7a09ad-6af7-4245-b156-571cd228d45f.png' because it no longer exists.
         Removing endpoints for asset 'C:\Projects\QuickStockApi\QuickStock\wwwroot\Upload\Picture\3e412953-5e31-4c7b-bb1e-1e214bc8b6d1.jpg' because it no longer exists.
         Removing endpoints for asset 'C:\Projects\QuickStockApi\QuickStock\wwwroot\Upload\Picture\3e412953-5e31-4c7b-bb1e-1e214bc8b6d1.jpg' because it no longer exists.
         Removing endpoints for asset 'C:\Projects\QuickStockApi\QuickStock\wwwroot\post_images\bebf4a2a-a00b-4c1e-8814-f2812a3f1caf.jpg' because it no longer exists.
         Removing endpoints for asset 'C:\Projects\QuickStockApi\QuickStock\wwwroot\post_images\bebf4a2a-a00b-4c1e-8814-f2812a3f1caf.jpg' because it no longer exists.
         Removing endpoints for asset 'C:\Projects\QuickStockApi\QuickStock\wwwroot\Upload\Picture\7dbdce9f-0e86-4ad0-bbfe-f51bd6b641d5.jpg' because it no longer exists.
         Removing endpoints for asset 'C:\Projects\QuickStockApi\QuickStock\wwwroot\Upload\Picture\7dbdce9f-0e86-4ad0-bbfe-f51bd6b641d5.jpg' because it no longer exists.
         Removing endpoints for asset 'C:\Projects\QuickStockApi\QuickStock\wwwroot\post_images\38d0583e-d880-41bd-a28d-888eba1232ba.jpg' because it no longer exists.
         Removing endpoints for asset 'C:\Projects\QuickStockApi\QuickStock\wwwroot\post_images\38d0583e-d880-41bd-a28d-888eba1232ba.jpg' because it no longer exists.
         Removing endpoints for asset 'C:\Projects\QuickStockApi\QuickStock\wwwroot\upload.html' because it no longer exists.
         Removing endpoints for asset 'C:\Projects\QuickStockApi\QuickStock\wwwroot\upload.html' because it no longer exists.
         Removing endpoints for asset 'C:\Projects\QuickStockApi\QuickStock\wwwroot\post_images\1431ceb3-435f-4371-87a1-230c1cd1f575.jpg' because it no longer exists.
         Removing endpoints for asset 'C:\Projects\QuickStockApi\QuickStock\wwwroot\post_images\1431ceb3-435f-4371-87a1-230c1cd1f575.jpg' because it no longer exists.
         Removing endpoints for asset 'C:\Projects\QuickStockApi\QuickStock\wwwroot\Upload\Picture\dc7c84d1-2aad-44af-a383-3db5b9102f92.jpg' because it no longer exists.
         Removing endpoints for asset 'C:\Projects\QuickStockApi\QuickStock\wwwroot\Upload\Picture\dc7c84d1-2aad-44af-a383-3db5b9102f92.jpg' because it no longer exists.
         Removing endpoints for asset 'C:\Projects\QuickStockApi\QuickStock\wwwroot\post_images\10d3aa50-c840-4e29-8365-d3e80ed3bb9b.jpg' because it no longer exists.
         Removing endpoints for asset 'C:\Projects\QuickStockApi\QuickStock\wwwroot\post_images\10d3aa50-c840-4e29-8365-d3e80ed3bb9b.jpg' because it no longer exists.
         Removing endpoints for asset 'C:\Projects\QuickStockApi\QuickStock\wwwroot\post_images\c50c4d8c-c3d2-4030-b4d9-4a7f600a83a7.jpg' because it no longer exists.
         Removing endpoints for asset 'C:\Projects\QuickStockApi\QuickStock\wwwroot\post_images\c50c4d8c-c3d2-4030-b4d9-4a7f600a83a7.jpg' because it no longer exists.
         Removing endpoints for asset 'C:\Projects\QuickStockApi\QuickStock\wwwroot\Upload\Picture\9c9dc77d-a715-4bcd-9b49-30ce366c74d8.jpg' because it no longer exists.
         Removing endpoints for asset 'C:\Projects\QuickStockApi\QuickStock\wwwroot\Upload\Picture\9c9dc77d-a715-4bcd-9b49-30ce366c74d8.jpg' because it no longer exists.
       Done executing task "DefineStaticWebAssetEndpoints".
       Task "DefineStaticWebAssetEndpoints"
         Removing endpoints for asset 'C:\Projects\QuickStockApi\QuickStock\wwwroot\post_images\bcce3aa6-aed7-40e6-9374-9f713cba509b.jpg' because it no longer exists.
         Removing endpoints for asset 'C:\Projects\QuickStockApi\QuickStock\wwwroot\post_images\bcce3aa6-aed7-40e6-9374-9f713cba509b.jpg' because it no longer exists.
         Removing endpoints for asset 'C:\Projects\QuickStockApi\QuickStock\wwwroot\Upload\Picture\1da69394-2a03-4248-972d-f794d0e41650.jpg' because it no longer exists.
         Removing endpoints for asset 'C:\Projects\QuickStockApi\QuickStock\wwwroot\Upload\Picture\1da69394-2a03-4248-972d-f794d0e41650.jpg' because it no longer exists.
         Removing endpoints for asset 'C:\Projects\QuickStockApi\QuickStock\wwwroot\post_images\fb251974-9139-4d47-b65e-3d25aeab8e8b.jpg' because it no longer exists.
         Removing endpoints for asset 'C:\Projects\QuickStockApi\QuickStock\wwwroot\post_images\fb251974-9139-4d47-b65e-3d25aeab8e8b.jpg' because it no longer exists.
         Removing endpoints for asset 'C:\Projects\QuickStockApi\QuickStock\wwwroot\post_images\305ccad3-9587-4272-acb5-96700cfe3230.jpg' because it no longer exists.
         Removing endpoints for asset 'C:\Projects\QuickStockApi\QuickStock\wwwroot\post_images\305ccad3-9587-4272-acb5-96700cfe3230.jpg' because it no longer exists.
         Removing endpoints for asset 'C:\Projects\QuickStockApi\QuickStock\wwwroot\post_images\fe4edeec-9c36-4542-a165-56cf0ee6da97.jpg' because it no longer exists.
         Removing endpoints for asset 'C:\Projects\QuickStockApi\QuickStock\wwwroot\post_images\fe4edeec-9c36-4542-a165-56cf0ee6da97.jpg' because it no longer exists.
         Removing endpoints for asset 'C:\Projects\QuickStockApi\QuickStock\wwwroot\post_images\324ce386-909a-4ece-bdb3-3934e54ef763.jpg' because it no longer exists.
         Removing endpoints for asset 'C:\Projects\QuickStockApi\QuickStock\wwwroot\post_images\324ce386-909a-4ece-bdb3-3934e54ef763.jpg' because it no longer exists.
         Removing endpoints for asset 'C:\Projects\QuickStockApi\QuickStock\wwwroot\post_images\a88c638f-fc0b-4504-a2d3-95cd3fbf2eb3.jpg' because it no longer exists.
         Removing endpoints for asset 'C:\Projects\QuickStockApi\QuickStock\wwwroot\post_images\a88c638f-fc0b-4504-a2d3-95cd3fbf2eb3.jpg' because it no longer exists.
         Removing endpoints for asset 'C:\Projects\QuickStockApi\QuickStock\wwwroot\post_images\1b84e65b-1db9-48c5-a427-fcfd1e5f57e7.jpg' because it no longer exists.
         Removing endpoints for asset 'C:\Projects\QuickStockApi\QuickStock\wwwroot\post_images\1b84e65b-1db9-48c5-a427-fcfd1e5f57e7.jpg' because it no longer exists.
         Removing endpoints for asset 'C:\Projects\QuickStockApi\QuickStock\wwwroot\Upload\Picture\da9ec11e-34b5-4b53-a87f-d784a8c0d159.jpg' because it no longer exists.
         Removing endpoints for asset 'C:\Projects\QuickStockApi\QuickStock\wwwroot\Upload\Picture\da9ec11e-34b5-4b53-a87f-d784a8c0d159.jpg' because it no longer exists.
         Removing endpoints for asset 'C:\Projects\QuickStockApi\QuickStock\wwwroot\post_images\819a77e1-60e7-400c-b94d-678787184e00.jpg' because it no longer exists.
         Removing endpoints for asset 'C:\Projects\QuickStockApi\QuickStock\wwwroot\post_images\819a77e1-60e7-400c-b94d-678787184e00.jpg' because it no longer exists.
         Removing endpoints for asset 'C:\Projects\QuickStockApi\QuickStock\wwwroot\post_images\ffe9d48a-c7c1-420e-a8e5-0dd8f393daa3.jpg' because it no longer exists.
         Removing endpoints for asset 'C:\Projects\QuickStockApi\QuickStock\wwwroot\post_images\ffe9d48a-c7c1-420e-a8e5-0dd8f393daa3.jpg' because it no longer exists.
         Removing endpoints for asset 'C:\Projects\QuickStockApi\QuickStock\wwwroot\post_images\b3ae85e7-08ab-4552-a73f-20ccc2c98790.jpg' because it no longer exists.
         Removing endpoints for asset 'C:\Projects\QuickStockApi\QuickStock\wwwroot\post_images\b3ae85e7-08ab-4552-a73f-20ccc2c98790.jpg' because it no longer exists.
         Removing endpoints for asset 'C:\Projects\QuickStockApi\QuickStock\wwwroot\post_images\bd7a09ad-6af7-4245-b156-571cd228d45f.png' because it no longer exists.
         Removing endpoints for asset 'C:\Projects\QuickStockApi\QuickStock\wwwroot\post_images\bd7a09ad-6af7-4245-b156-571cd228d45f.png' because it no longer exists.
         Removing endpoints for asset 'C:\Projects\QuickStockApi\QuickStock\wwwroot\Upload\Picture\3e412953-5e31-4c7b-bb1e-1e214bc8b6d1.jpg' because it no longer exists.
         Removing endpoints for asset 'C:\Projects\QuickStockApi\QuickStock\wwwroot\Upload\Picture\3e412953-5e31-4c7b-bb1e-1e214bc8b6d1.jpg' because it no longer exists.
         Removing endpoints for asset 'C:\Projects\QuickStockApi\QuickStock\wwwroot\post_images\bebf4a2a-a00b-4c1e-8814-f2812a3f1caf.jpg' because it no longer exists.
         Removing endpoints for asset 'C:\Projects\QuickStockApi\QuickStock\wwwroot\post_images\bebf4a2a-a00b-4c1e-8814-f2812a3f1caf.jpg' because it no longer exists.
         Removing endpoints for asset 'C:\Projects\QuickStockApi\QuickStock\wwwroot\Upload\Picture\7dbdce9f-0e86-4ad0-bbfe-f51bd6b641d5.jpg' because it no longer exists.
         Removing endpoints for asset 'C:\Projects\QuickStockApi\QuickStock\wwwroot\Upload\Picture\7dbdce9f-0e86-4ad0-bbfe-f51bd6b641d5.jpg' because it no longer exists.
         Removing endpoints for asset 'C:\Projects\QuickStockApi\QuickStock\wwwroot\post_images\38d0583e-d880-41bd-a28d-888eba1232ba.jpg' because it no longer exists.
         Removing endpoints for asset 'C:\Projects\QuickStockApi\QuickStock\wwwroot\post_images\38d0583e-d880-41bd-a28d-888eba1232ba.jpg' because it no longer exists.
         Removing endpoints for asset 'C:\Projects\QuickStockApi\QuickStock\wwwroot\upload.html' because it no longer exists.
         Removing endpoints for asset 'C:\Projects\QuickStockApi\QuickStock\wwwroot\upload.html' because it no longer exists.
         Removing endpoints for asset 'C:\Projects\QuickStockApi\QuickStock\wwwroot\post_images\1431ceb3-435f-4371-87a1-230c1cd1f575.jpg' because it no longer exists.
         Removing endpoints for asset 'C:\Projects\QuickStockApi\QuickStock\wwwroot\post_images\1431ceb3-435f-4371-87a1-230c1cd1f575.jpg' because it no longer exists.
         Removing endpoints for asset 'C:\Projects\QuickStockApi\QuickStock\wwwroot\Upload\Picture\dc7c84d1-2aad-44af-a383-3db5b9102f92.jpg' because it no longer exists.
         Removing endpoints for asset 'C:\Projects\QuickStockApi\QuickStock\wwwroot\Upload\Picture\dc7c84d1-2aad-44af-a383-3db5b9102f92.jpg' because it no longer exists.
         Removing endpoints for asset 'C:\Projects\QuickStockApi\QuickStock\wwwroot\post_images\10d3aa50-c840-4e29-8365-d3e80ed3bb9b.jpg' because it no longer exists.
         Removing endpoints for asset 'C:\Projects\QuickStockApi\QuickStock\wwwroot\post_images\10d3aa50-c840-4e29-8365-d3e80ed3bb9b.jpg' because it no longer exists.
         Removing endpoints for asset 'C:\Projects\QuickStockApi\QuickStock\wwwroot\post_images\c50c4d8c-c3d2-4030-b4d9-4a7f600a83a7.jpg' because it no longer exists.
         Removing endpoints for asset 'C:\Projects\QuickStockApi\QuickStock\wwwroot\post_images\c50c4d8c-c3d2-4030-b4d9-4a7f600a83a7.jpg' because it no longer exists.
         Removing endpoints for asset 'C:\Projects\QuickStockApi\QuickStock\wwwroot\Upload\Picture\9c9dc77d-a715-4bcd-9b49-30ce366c74d8.jpg' because it no longer exists.
         Removing endpoints for asset 'C:\Projects\QuickStockApi\QuickStock\wwwroot\Upload\Picture\9c9dc77d-a715-4bcd-9b49-30ce366c74d8.jpg' because it no longer exists.
       Done executing task "DefineStaticWebAssetEndpoints".
       Using "ApplyJsModules" task from assembly "C:\Program Files\dotnet\sdk\9.0.313\Sdks\Microsoft.NET.Sdk.StaticWebAssets\targets\..\tasks\net9.0\Microsoft.NET.Sdk.StaticWebAssets.Tasks.dll".
       Task "ApplyJsModules"
       Done executing task "ApplyJsModules".
       Task "UpdateStaticWebAssetEndpoints" skipped, due to false condition; ('@(_AddPropertyToJsModules)' != '') was evaluated as ('' != '').
   2:6>Done building target "ResolveJSModuleStaticWebAssets" in project "QuickStock.csproj".
   2:6>Target "ResolveCoreStaticWebAssets" in file "C:\Program Files\dotnet\sdk\9.0.313\Sdks\Microsoft.NET.Sdk.StaticWebAssets\targets\Microsoft.NET.Sdk.StaticWebAssets.targets" from project "C:\Projects\QuickStockApi\QuickStock\QuickStock.csproj" (target "ResolveBuildStaticWebAssets" depends on it):
   2:6>Done building target "ResolveCoreStaticWebAssets" in project "QuickStock.csproj".
       Target "ResolveCoreStaticWebAssets" skipped. Previously built successfully.
       Target "ResolveJsInitializerModuleStaticWebAssets" skipped. Previously built successfully.
   2:6>Target "ResolveJSModuleManifestBuildConfiguration" in file "C:\Program Files\dotnet\sdk\9.0.313\Sdks\Microsoft.NET.Sdk.StaticWebAssets\targets\Microsoft.NET.Sdk.StaticWebAssets.JSModules.targets" from project "C:\Projects\QuickStockApi\QuickStock\QuickStock.csproj" (target "GenerateJSModuleManifestBuildStaticWebAssets" depends on it):
   2:6>Done building target "ResolveJSModuleManifestBuildConfiguration" in project "QuickStock.csproj".
   2:6>Target "GenerateJSModuleManifestBuildStaticWebAssets" in file "C:\Program Files\dotnet\sdk\9.0.313\Sdks\Microsoft.NET.Sdk.StaticWebAssets\targets\Microsoft.NET.Sdk.StaticWebAssets.JSModules.targets" from project "C:\Projects\QuickStockApi\QuickStock\QuickStock.csproj" (target "ResolveJSModuleManifestBuildStaticWebAssets" depends on it):
       Task "FilterStaticWebAssetEndpoints" skipped, due to false condition; ('@(_ExistingBuildJSModules)' != '') was evaluated as ('' != '').
       Task "FilterStaticWebAssetEndpoints" skipped, due to false condition; ('$(StaticWebAssetStandaloneHosting)' != 'true' and '@(_ExistingBuildJSModulesWithoutFingerprint)' != '') was evaluated as ('' != 'true' and '' != '').
       Task "Error" skipped, due to false condition; ('@(_ExistingBuildJSModules)' != '' and '@(_BuildJSModulessWithoutEndpoints)' != '') was evaluated as ('' != '' and '' != '').
       Task "ResolveStaticWebAssetEndpointRoutes" skipped, due to false condition; ('@(_ExistingBuildJSModules)' != '') was evaluated as ('' != '').
       Task "GenerateJsModuleManifest" skipped, due to false condition; ('@(_ExistingBuildJSModules)' != '') was evaluated as ('' != '').
   2:6>Done building target "GenerateJSModuleManifestBuildStaticWebAssets" in project "QuickStock.csproj".
   2:6>Target "ResolveJSModuleManifestBuildStaticWebAssets" in file "C:\Program Files\dotnet\sdk\9.0.313\Sdks\Microsoft.NET.Sdk.StaticWebAssets\targets\Microsoft.NET.Sdk.StaticWebAssets.JSModules.targets" from project "C:\Projects\QuickStockApi\QuickStock\QuickStock.csproj" (target "ResolveStaticWebAssetsInputs" depends on it):
       Task "DefineStaticWebAssets" skipped, due to false condition; (@(_ExistingBuildJSModules) != '') was evaluated as ( != '').
       Task "DefineStaticWebAssetEndpoints"
         Removing endpoints for asset 'C:\Projects\QuickStockApi\QuickStock\wwwroot\post_images\bcce3aa6-aed7-40e6-9374-9f713cba509b.jpg' because it no longer exists.
         Removing endpoints for asset 'C:\Projects\QuickStockApi\QuickStock\wwwroot\post_images\bcce3aa6-aed7-40e6-9374-9f713cba509b.jpg' because it no longer exists.
         Removing endpoints for asset 'C:\Projects\QuickStockApi\QuickStock\wwwroot\Upload\Picture\1da69394-2a03-4248-972d-f794d0e41650.jpg' because it no longer exists.
         Removing endpoints for asset 'C:\Projects\QuickStockApi\QuickStock\wwwroot\Upload\Picture\1da69394-2a03-4248-972d-f794d0e41650.jpg' because it no longer exists.
         Removing endpoints for asset 'C:\Projects\QuickStockApi\QuickStock\wwwroot\post_images\fb251974-9139-4d47-b65e-3d25aeab8e8b.jpg' because it no longer exists.
         Removing endpoints for asset 'C:\Projects\QuickStockApi\QuickStock\wwwroot\post_images\fb251974-9139-4d47-b65e-3d25aeab8e8b.jpg' because it no longer exists.
         Removing endpoints for asset 'C:\Projects\QuickStockApi\QuickStock\wwwroot\post_images\305ccad3-9587-4272-acb5-96700cfe3230.jpg' because it no longer exists.
         Removing endpoints for asset 'C:\Projects\QuickStockApi\QuickStock\wwwroot\post_images\305ccad3-9587-4272-acb5-96700cfe3230.jpg' because it no longer exists.
         Removing endpoints for asset 'C:\Projects\QuickStockApi\QuickStock\wwwroot\post_images\fe4edeec-9c36-4542-a165-56cf0ee6da97.jpg' because it no longer exists.
         Removing endpoints for asset 'C:\Projects\QuickStockApi\QuickStock\wwwroot\post_images\fe4edeec-9c36-4542-a165-56cf0ee6da97.jpg' because it no longer exists.
         Removing endpoints for asset 'C:\Projects\QuickStockApi\QuickStock\wwwroot\post_images\324ce386-909a-4ece-bdb3-3934e54ef763.jpg' because it no longer exists.
         Removing endpoints for asset 'C:\Projects\QuickStockApi\QuickStock\wwwroot\post_images\324ce386-909a-4ece-bdb3-3934e54ef763.jpg' because it no longer exists.
         Removing endpoints for asset 'C:\Projects\QuickStockApi\QuickStock\wwwroot\post_images\a88c638f-fc0b-4504-a2d3-95cd3fbf2eb3.jpg' because it no longer exists.
         Removing endpoints for asset 'C:\Projects\QuickStockApi\QuickStock\wwwroot\post_images\a88c638f-fc0b-4504-a2d3-95cd3fbf2eb3.jpg' because it no longer exists.
         Removing endpoints for asset 'C:\Projects\QuickStockApi\QuickStock\wwwroot\post_images\1b84e65b-1db9-48c5-a427-fcfd1e5f57e7.jpg' because it no longer exists.
         Removing endpoints for asset 'C:\Projects\QuickStockApi\QuickStock\wwwroot\post_images\1b84e65b-1db9-48c5-a427-fcfd1e5f57e7.jpg' because it no longer exists.
         Removing endpoints for asset 'C:\Projects\QuickStockApi\QuickStock\wwwroot\Upload\Picture\da9ec11e-34b5-4b53-a87f-d784a8c0d159.jpg' because it no longer exists.
         Removing endpoints for asset 'C:\Projects\QuickStockApi\QuickStock\wwwroot\Upload\Picture\da9ec11e-34b5-4b53-a87f-d784a8c0d159.jpg' because it no longer exists.
         Removing endpoints for asset 'C:\Projects\QuickStockApi\QuickStock\wwwroot\post_images\819a77e1-60e7-400c-b94d-678787184e00.jpg' because it no longer exists.
         Removing endpoints for asset 'C:\Projects\QuickStockApi\QuickStock\wwwroot\post_images\819a77e1-60e7-400c-b94d-678787184e00.jpg' because it no longer exists.
         Removing endpoints for asset 'C:\Projects\QuickStockApi\QuickStock\wwwroot\post_images\ffe9d48a-c7c1-420e-a8e5-0dd8f393daa3.jpg' because it no longer exists.
         Removing endpoints for asset 'C:\Projects\QuickStockApi\QuickStock\wwwroot\post_images\ffe9d48a-c7c1-420e-a8e5-0dd8f393daa3.jpg' because it no longer exists.
         Removing endpoints for asset 'C:\Projects\QuickStockApi\QuickStock\wwwroot\post_images\b3ae85e7-08ab-4552-a73f-20ccc2c98790.jpg' because it no longer exists.
         Removing endpoints for asset 'C:\Projects\QuickStockApi\QuickStock\wwwroot\post_images\b3ae85e7-08ab-4552-a73f-20ccc2c98790.jpg' because it no longer exists.
         Removing endpoints for asset 'C:\Projects\QuickStockApi\QuickStock\wwwroot\post_images\bd7a09ad-6af7-4245-b156-571cd228d45f.png' because it no longer exists.
         Removing endpoints for asset 'C:\Projects\QuickStockApi\QuickStock\wwwroot\post_images\bd7a09ad-6af7-4245-b156-571cd228d45f.png' because it no longer exists.
         Removing endpoints for asset 'C:\Projects\QuickStockApi\QuickStock\wwwroot\Upload\Picture\3e412953-5e31-4c7b-bb1e-1e214bc8b6d1.jpg' because it no longer exists.
         Removing endpoints for asset 'C:\Projects\QuickStockApi\QuickStock\wwwroot\Upload\Picture\3e412953-5e31-4c7b-bb1e-1e214bc8b6d1.jpg' because it no longer exists.
         Removing endpoints for asset 'C:\Projects\QuickStockApi\QuickStock\wwwroot\post_images\bebf4a2a-a00b-4c1e-8814-f2812a3f1caf.jpg' because it no longer exists.
         Removing endpoints for asset 'C:\Projects\QuickStockApi\QuickStock\wwwroot\post_images\bebf4a2a-a00b-4c1e-8814-f2812a3f1caf.jpg' because it no longer exists.
         Removing endpoints for asset 'C:\Projects\QuickStockApi\QuickStock\wwwroot\Upload\Picture\7dbdce9f-0e86-4ad0-bbfe-f51bd6b641d5.jpg' because it no longer exists.
         Removing endpoints for asset 'C:\Projects\QuickStockApi\QuickStock\wwwroot\Upload\Picture\7dbdce9f-0e86-4ad0-bbfe-f51bd6b641d5.jpg' because it no longer exists.
         Removing endpoints for asset 'C:\Projects\QuickStockApi\QuickStock\wwwroot\post_images\38d0583e-d880-41bd-a28d-888eba1232ba.jpg' because it no longer exists.
         Removing endpoints for asset 'C:\Projects\QuickStockApi\QuickStock\wwwroot\post_images\38d0583e-d880-41bd-a28d-888eba1232ba.jpg' because it no longer exists.
         Removing endpoints for asset 'C:\Projects\QuickStockApi\QuickStock\wwwroot\upload.html' because it no longer exists.
         Removing endpoints for asset 'C:\Projects\QuickStockApi\QuickStock\wwwroot\upload.html' because it no longer exists.
         Removing endpoints for asset 'C:\Projects\QuickStockApi\QuickStock\wwwroot\post_images\1431ceb3-435f-4371-87a1-230c1cd1f575.jpg' because it no longer exists.
         Removing endpoints for asset 'C:\Projects\QuickStockApi\QuickStock\wwwroot\post_images\1431ceb3-435f-4371-87a1-230c1cd1f575.jpg' because it no longer exists.
         Removing endpoints for asset 'C:\Projects\QuickStockApi\QuickStock\wwwroot\Upload\Picture\dc7c84d1-2aad-44af-a383-3db5b9102f92.jpg' because it no longer exists.
         Removing endpoints for asset 'C:\Projects\QuickStockApi\QuickStock\wwwroot\Upload\Picture\dc7c84d1-2aad-44af-a383-3db5b9102f92.jpg' because it no longer exists.
         Removing endpoints for asset 'C:\Projects\QuickStockApi\QuickStock\wwwroot\post_images\10d3aa50-c840-4e29-8365-d3e80ed3bb9b.jpg' because it no longer exists.
         Removing endpoints for asset 'C:\Projects\QuickStockApi\QuickStock\wwwroot\post_images\10d3aa50-c840-4e29-8365-d3e80ed3bb9b.jpg' because it no longer exists.
         Removing endpoints for asset 'C:\Projects\QuickStockApi\QuickStock\wwwroot\post_images\c50c4d8c-c3d2-4030-b4d9-4a7f600a83a7.jpg' because it no longer exists.
         Removing endpoints for asset 'C:\Projects\QuickStockApi\QuickStock\wwwroot\post_images\c50c4d8c-c3d2-4030-b4d9-4a7f600a83a7.jpg' because it no longer exists.
         Removing endpoints for asset 'C:\Projects\QuickStockApi\QuickStock\wwwroot\Upload\Picture\9c9dc77d-a715-4bcd-9b49-30ce366c74d8.jpg' because it no longer exists.
         Removing endpoints for asset 'C:\Projects\QuickStockApi\QuickStock\wwwroot\Upload\Picture\9c9dc77d-a715-4bcd-9b49-30ce366c74d8.jpg' because it no longer exists.
       Done executing task "DefineStaticWebAssetEndpoints".
   2:6>Done building target "ResolveJSModuleManifestBuildStaticWebAssets" in project "QuickStock.csproj".
       Target "ResolveCoreStaticWebAssets" skipped. Previously built successfully.
       Target "ResolveCoreStaticWebAssets" skipped. Previously built successfully.
       Target "ResolveCssScopes" skipped. Previously built successfully.
   2:6>Target "ResolveScopedCssOutputs" in file "C:\Program Files\dotnet\sdk\9.0.313\Sdks\Microsoft.NET.Sdk.StaticWebAssets\targets\Microsoft.NET.Sdk.StaticWebAssets.ScopedCss.targets" from project "C:\Projects\QuickStockApi\QuickStock\QuickStock.csproj" (target "_ComputeScopedCssStaticWebAssets" depends on it):
   2:6>Done building target "ResolveScopedCssOutputs" in project "QuickStock.csproj".
       Target "ResolveStaticWebAssetsConfiguration" skipped. Previously built successfully.
   2:6>Target "_ComputeScopedCssStaticWebAssets" in file "C:\Program Files\dotnet\sdk\9.0.313\Sdks\Microsoft.NET.Sdk.StaticWebAssets\targets\Microsoft.NET.Sdk.StaticWebAssets.ScopedCss.targets" from project "C:\Projects\QuickStockApi\QuickStock\QuickStock.csproj" (target "_CollectAllScopedCssAssets" depends on it):
       Task "DefineStaticWebAssets" skipped, due to false condition; (@(_ScopedCss) != '') was evaluated as ( != '').
       Task "DefineStaticWebAssetEndpoints" skipped, due to false condition; (@(_ScopedCss) != '') was evaluated as ( != '').
   2:6>Done building target "_ComputeScopedCssStaticWebAssets" in project "QuickStock.csproj".
   2:6>Target "_CollectAllScopedCssAssets" in file "C:\Program Files\dotnet\sdk\9.0.313\Sdks\Microsoft.NET.Sdk.StaticWebAssets\targets\Microsoft.NET.Sdk.StaticWebAssets.ScopedCss.targets" from project "C:\Projects\QuickStockApi\QuickStock\QuickStock.csproj" (target "BundleScopedCssFiles" depends on it):
       Using "ResolveAllScopedCssAssets" task from assembly "C:\Program Files\dotnet\sdk\9.0.313\Sdks\Microsoft.NET.Sdk.StaticWebAssets\targets\..\tasks\net9.0\Microsoft.NET.Sdk.StaticWebAssets.Tasks.dll".
       Task "ResolveAllScopedCssAssets"
       Done executing task "ResolveAllScopedCssAssets".
   2:6>Done building target "_CollectAllScopedCssAssets" in project "QuickStock.csproj".
       Target "ResolveScopedCssOutputs" skipped. Previously built successfully.
   2:6>Target "_ProcessScopedCssFiles" in file "C:\Program Files\dotnet\sdk\9.0.313\Sdks\Microsoft.NET.Sdk.StaticWebAssets\targets\Microsoft.NET.Sdk.StaticWebAssets.ScopedCss.targets" from project "C:\Projects\QuickStockApi\QuickStock\QuickStock.csproj" (target "BundleScopedCssFiles" depends on it):
       Skipping target "_ProcessScopedCssFiles" because it has no outputs.
       Though the target has declared its outputs, the output specification only references empty properties and/or empty item lists.
   2:6>Done building target "_ProcessScopedCssFiles" in project "QuickStock.csproj".
       Target "ResolveStaticWebAssetsConfiguration" skipped. Previously built successfully.
   2:6>Target "_ResolveBundlingConfiguration" in file "C:\Program Files\dotnet\sdk\9.0.313\Sdks\Microsoft.NET.Sdk.StaticWebAssets\targets\Microsoft.NET.Sdk.StaticWebAssets.ScopedCss.targets" from project "C:\Projects\QuickStockApi\QuickStock\QuickStock.csproj" (target "BundleScopedCssFiles" depends on it):
   2:6>Done building target "_ResolveBundlingConfiguration" in project "QuickStock.csproj".
   2:6>Target "BundleScopedCssFiles" in file "C:\Program Files\dotnet\sdk\9.0.313\Sdks\Microsoft.NET.Sdk.StaticWebAssets\targets\Microsoft.NET.Sdk.StaticWebAssets.ScopedCss.targets" from project "C:\Projects\QuickStockApi\QuickStock\QuickStock.csproj" (target "GenerateComputedBuildStaticWebAssets" depends on it):
       Task "FilterStaticWebAssetEndpoints" skipped, due to false condition; ('@(_ScopedCssProjectBundles)' != '') was evaluated as ('' != '').
       Task "FilterStaticWebAssetEndpoints" skipped, due to false condition; ('$(StaticWebAssetStandaloneHosting)' != 'true' and '@(_ScopedCssBundlesWithoutFingerprint)' != '') was evaluated as ('' != 'true' and '' != '').
       Task "Error" skipped, due to false condition; ('@(_ScopedCssProjectBundles)' != '' and '@(_ScopedCssBundlesWithoutEndpoints)' != '') was evaluated as ('' != '' and '' != '').
       Task "ResolveStaticWebAssetEndpointRoutes" skipped, due to false condition; ('@(_ScopedCssProjectBundles)' != '') was evaluated as ('' != '').
       Task "ConcatenateCssFiles" skipped, due to false condition; ('@(_ScopedCssProjectBundles)' != '' or '@(_ScopedCss)' != '') was evaluated as ('' != '' or '' != '').
       Task "ConcatenateCssFiles" skipped, due to false condition; ('@(_ScopedCss)' != '') was evaluated as ('' != '').
   2:6>Done building target "BundleScopedCssFiles" in project "QuickStock.csproj".
   2:6>Target "GenerateComputedBuildStaticWebAssets" in file "C:\Program Files\dotnet\sdk\9.0.313\Sdks\Microsoft.NET.Sdk.StaticWebAssets\targets\Microsoft.NET.Sdk.StaticWebAssets.targets" from project "C:\Projects\QuickStockApi\QuickStock\QuickStock.csproj" (target "ResolveStaticWebAssetsInputs" depends on it):
   2:6>Done building target "GenerateComputedBuildStaticWebAssets" in project "QuickStock.csproj".
       Target "UpdateExistingPackageStaticWebAssets" skipped. Previously built successfully.
   2:6>Target "UpdateLegacyPackageScopedCssBundles" in file "C:\Program Files\dotnet\sdk\9.0.313\Sdks\Microsoft.NET.Sdk.StaticWebAssets\targets\Microsoft.NET.Sdk.StaticWebAssets.ScopedCss.targets" from project "C:\Projects\QuickStockApi\QuickStock\QuickStock.csproj" (target "ResolveScopedCssAssets" depends on it):
       Task "DefineStaticWebAssets"
         No cache manifest path specified. Cache will not be used.
       Done executing task "DefineStaticWebAssets".
       Task "DefineStaticWebAssets"
         No cache manifest path specified. Cache will not be used.
       Done executing task "DefineStaticWebAssets".
   2:6>Done building target "UpdateLegacyPackageScopedCssBundles" in project "QuickStock.csproj".
       Target "_ResolveBundlingConfiguration" skipped. Previously built successfully.
       Target "ResolveScopedCssOutputs" skipped. Previously built successfully.
   2:6>Target "_ProcessScopedCssFiles" in file "C:\Program Files\dotnet\sdk\9.0.313\Sdks\Microsoft.NET.Sdk.StaticWebAssets\targets\Microsoft.NET.Sdk.StaticWebAssets.ScopedCss.targets" from project "C:\Projects\QuickStockApi\QuickStock\QuickStock.csproj" (target "GenerateScopedCssFiles" depends on it):
       Skipping target "_ProcessScopedCssFiles" because it has no outputs.
       Though the target has declared its outputs, the output specification only references empty properties and/or empty item lists.
   2:6>Done building target "_ProcessScopedCssFiles" in project "QuickStock.csproj".
       Target "BundleScopedCssFiles" skipped. Previously built successfully.
   2:6>Target "GenerateScopedCssFiles" in file "C:\Program Files\dotnet\sdk\9.0.313\Sdks\Microsoft.NET.Sdk.StaticWebAssets\targets\Microsoft.NET.Sdk.StaticWebAssets.ScopedCss.targets" from project "C:\Projects\QuickStockApi\QuickStock\QuickStock.csproj" (target "ResolveScopedCssAssets" depends on it):
   2:6>Done building target "GenerateScopedCssFiles" in project "QuickStock.csproj".
       Target "_ResolveBundlingConfiguration" skipped. Previously built successfully.
       Target "_CollectAllScopedCssAssets" skipped. Previously built successfully.
   2:6>Target "ResolveBundledCssAssets" in file "C:\Program Files\dotnet\sdk\9.0.313\Sdks\Microsoft.NET.Sdk.StaticWebAssets\targets\Microsoft.NET.Sdk.StaticWebAssets.ScopedCss.targets" from project "C:\Projects\QuickStockApi\QuickStock\QuickStock.csproj" (target "ResolveScopedCssAssets" depends on it):
       Task "DefineStaticWebAssets" skipped, due to false condition; (@(_AllScopedCss) != '') was evaluated as ( != '').
       Task "DefineStaticWebAssetEndpoints" skipped, due to false condition; (@(_AllScopedCss) != '') was evaluated as ( != '').
       Task "UpdateStaticWebAssetEndpoints" skipped, due to false condition; ('@(_AddLinkHeaderToAppBundle)' != '') was evaluated as ('' != '').
       Task "DefineStaticWebAssets" skipped, due to false condition; (@(_ScopedCss) != '') was evaluated as ( != '').
       Task "DefineStaticWebAssetEndpoints" skipped, due to false condition; (@(_ScopedCss) != '') was evaluated as ( != '').
   2:6>Done building target "ResolveBundledCssAssets" in project "QuickStock.csproj".
   2:6>Target "ResolveScopedCssAssets" in file "C:\Program Files\dotnet\sdk\9.0.313\Sdks\Microsoft.NET.Sdk.StaticWebAssets\targets\Microsoft.NET.Sdk.StaticWebAssets.ScopedCss.targets" from project "C:\Projects\QuickStockApi\QuickStock\QuickStock.csproj" (target "ResolveStaticWebAssetsInputs" depends on it):
   2:6>Done building target "ResolveScopedCssAssets" in project "QuickStock.csproj".
   2:6>Target "ResolveStaticWebAssetsInputs" in file "C:\Program Files\dotnet\sdk\9.0.313\Sdks\Microsoft.NET.Sdk.StaticWebAssets\targets\Microsoft.NET.Sdk.StaticWebAssets.targets" from project "C:\Projects\QuickStockApi\QuickStock\QuickStock.csproj" (target "ResolveBuildStaticWebAssets" depends on it):
   2:6>Done building target "ResolveStaticWebAssetsInputs" in project "QuickStock.csproj".
       Target "ResolveStaticWebAssetsInputs" skipped. Previously built successfully.
   2:6>Target "ResolveBuildCompressedStaticWebAssetsConfiguration" in file "C:\Program Files\dotnet\sdk\9.0.313\Sdks\Microsoft.NET.Sdk.StaticWebAssets\targets\Microsoft.NET.Sdk.StaticWebAssets.Compression.targets" from project "C:\Projects\QuickStockApi\QuickStock\QuickStock.csproj" (target "GenerateBuildCompressedStaticWebAssets" depends on it):
       Using "DiscoverPrecompressedAssets" task from assembly "C:\Program Files\dotnet\sdk\9.0.313\Sdks\Microsoft.NET.Sdk.StaticWebAssets\targets\..\tasks\net9.0\Microsoft.NET.Sdk.StaticWebAssets.Tasks.dll".
       Task "DiscoverPrecompressedAssets"
       Done executing task "DiscoverPrecompressedAssets".
       Task "FilterStaticWebAssetEndpoints" skipped, due to false condition; ('@(_PrecompressedStaticWebAssets)' != '') was evaluated as ('' != '').
       Using "ResolveCompressedAssets" task from assembly "C:\Program Files\dotnet\sdk\9.0.313\Sdks\Microsoft.NET.Sdk.StaticWebAssets\targets\..\tasks\net9.0\Microsoft.NET.Sdk.StaticWebAssets.Tasks.dll".
       Task "ResolveCompressedAssets"
         Asset 'C:\Projects\QuickStockApi\QuickStock\wwwroot\post_images\10d3aa50-c840-4e29-8365-d3e80ed3bb9b.jpg' is not compressed.
         Asset 'C:\Projects\QuickStockApi\QuickStock\wwwroot\post_images\1431ceb3-435f-4371-87a1-230c1cd1f575.jpg' is not compressed.
         Asset 'C:\Projects\QuickStockApi\QuickStock\wwwroot\post_images\1b84e65b-1db9-48c5-a427-fcfd1e5f57e7.jpg' is not compressed.
         Asset 'C:\Projects\QuickStockApi\QuickStock\wwwroot\post_images\305ccad3-9587-4272-acb5-96700cfe3230.jpg' is not compressed.
         Asset 'C:\Projects\QuickStockApi\QuickStock\wwwroot\post_images\324ce386-909a-4ece-bdb3-3934e54ef763.jpg' is not compressed.
         Asset 'C:\Projects\QuickStockApi\QuickStock\wwwroot\post_images\38d0583e-d880-41bd-a28d-888eba1232ba.jpg' is not compressed.
         Asset 'C:\Projects\QuickStockApi\QuickStock\wwwroot\post_images\819a77e1-60e7-400c-b94d-678787184e00.jpg' is not compressed.
         Asset 'C:\Projects\QuickStockApi\QuickStock\wwwroot\post_images\a88c638f-fc0b-4504-a2d3-95cd3fbf2eb3.jpg' is not compressed.
         Asset 'C:\Projects\QuickStockApi\QuickStock\wwwroot\post_images\b3ae85e7-08ab-4552-a73f-20ccc2c98790.jpg' is not compressed.
         Asset 'C:\Projects\QuickStockApi\QuickStock\wwwroot\post_images\bcce3aa6-aed7-40e6-9374-9f713cba509b.jpg' is not compressed.
         Asset 'C:\Projects\QuickStockApi\QuickStock\wwwroot\post_images\bd7a09ad-6af7-4245-b156-571cd228d45f.png' is not compressed.
         Asset 'C:\Projects\QuickStockApi\QuickStock\wwwroot\post_images\bebf4a2a-a00b-4c1e-8814-f2812a3f1caf.jpg' is not compressed.
         Asset 'C:\Projects\QuickStockApi\QuickStock\wwwroot\post_images\c50c4d8c-c3d2-4030-b4d9-4a7f600a83a7.jpg' is not compressed.
         Asset 'C:\Projects\QuickStockApi\QuickStock\wwwroot\post_images\fb251974-9139-4d47-b65e-3d25aeab8e8b.jpg' is not compressed.
         Asset 'C:\Projects\QuickStockApi\QuickStock\wwwroot\post_images\fe4edeec-9c36-4542-a165-56cf0ee6da97.jpg' is not compressed.
         Asset 'C:\Projects\QuickStockApi\QuickStock\wwwroot\post_images\ffe9d48a-c7c1-420e-a8e5-0dd8f393daa3.jpg' is not compressed.
         Asset 'C:\Projects\QuickStockApi\QuickStock\wwwroot\upload.html' is not compressed.
         Asset 'C:\Projects\QuickStockApi\QuickStock\wwwroot\Upload\Picture\1da69394-2a03-4248-972d-f794d0e41650.jpg' is not compressed.
         Asset 'C:\Projects\QuickStockApi\QuickStock\wwwroot\Upload\Picture\3e412953-5e31-4c7b-bb1e-1e214bc8b6d1.jpg' is not compressed.
         Asset 'C:\Projects\QuickStockApi\QuickStock\wwwroot\Upload\Picture\7dbdce9f-0e86-4ad0-bbfe-f51bd6b641d5.jpg' is not compressed.
         Asset 'C:\Projects\QuickStockApi\QuickStock\wwwroot\Upload\Picture\9c9dc77d-a715-4bcd-9b49-30ce366c74d8.jpg' is not compressed.
         Asset 'C:\Projects\QuickStockApi\QuickStock\wwwroot\Upload\Picture\da9ec11e-34b5-4b53-a87f-d784a8c0d159.jpg' is not compressed.
         Asset 'C:\Projects\QuickStockApi\QuickStock\wwwroot\Upload\Picture\dc7c84d1-2aad-44af-a383-3db5b9102f92.jpg' is not compressed.
         Asset 'C:\Projects\QuickStockApi\QuickStock\wwwroot\post_images\10d3aa50-c840-4e29-8365-d3e80ed3bb9b.jpg' with relative path 'post_images/10d3aa50-c840-4e29-8365-d3e80ed3bb9b.jpg' did not match include pattern '' or matched exclude pattern ''.
         Asset 'C:\Projects\QuickStockApi\QuickStock\wwwroot\post_images\1431ceb3-435f-4371-87a1-230c1cd1f575.jpg' with relative path 'post_images/1431ceb3-435f-4371-87a1-230c1cd1f575.jpg' did not match include pattern '' or matched exclude pattern ''.
         Asset 'C:\Projects\QuickStockApi\QuickStock\wwwroot\post_images\1b84e65b-1db9-48c5-a427-fcfd1e5f57e7.jpg' with relative path 'post_images/1b84e65b-1db9-48c5-a427-fcfd1e5f57e7.jpg' did not match include pattern '' or matched exclude pattern ''.
         Asset 'C:\Projects\QuickStockApi\QuickStock\wwwroot\post_images\305ccad3-9587-4272-acb5-96700cfe3230.jpg' with relative path 'post_images/305ccad3-9587-4272-acb5-96700cfe3230.jpg' did not match include pattern '' or matched exclude pattern ''.
         Asset 'C:\Projects\QuickStockApi\QuickStock\wwwroot\post_images\324ce386-909a-4ece-bdb3-3934e54ef763.jpg' with relative path 'post_images/324ce386-909a-4ece-bdb3-3934e54ef763.jpg' did not match include pattern '' or matched exclude pattern ''.
         Asset 'C:\Projects\QuickStockApi\QuickStock\wwwroot\post_images\38d0583e-d880-41bd-a28d-888eba1232ba.jpg' with relative path 'post_images/38d0583e-d880-41bd-a28d-888eba1232ba.jpg' did not match include pattern '' or matched exclude pattern ''.
         Asset 'C:\Projects\QuickStockApi\QuickStock\wwwroot\post_images\819a77e1-60e7-400c-b94d-678787184e00.jpg' with relative path 'post_images/819a77e1-60e7-400c-b94d-678787184e00.jpg' did not match include pattern '' or matched exclude pattern ''.
         Asset 'C:\Projects\QuickStockApi\QuickStock\wwwroot\post_images\a88c638f-fc0b-4504-a2d3-95cd3fbf2eb3.jpg' with relative path 'post_images/a88c638f-fc0b-4504-a2d3-95cd3fbf2eb3.jpg' did not match include pattern '' or matched exclude pattern ''.
         Asset 'C:\Projects\QuickStockApi\QuickStock\wwwroot\post_images\b3ae85e7-08ab-4552-a73f-20ccc2c98790.jpg' with relative path 'post_images/b3ae85e7-08ab-4552-a73f-20ccc2c98790.jpg' did not match include pattern '' or matched exclude pattern ''.
         Asset 'C:\Projects\QuickStockApi\QuickStock\wwwroot\post_images\bcce3aa6-aed7-40e6-9374-9f713cba509b.jpg' with relative path 'post_images/bcce3aa6-aed7-40e6-9374-9f713cba509b.jpg' did not match include pattern '' or matched exclude pattern ''.
         Asset 'C:\Projects\QuickStockApi\QuickStock\wwwroot\post_images\bd7a09ad-6af7-4245-b156-571cd228d45f.png' with relative path 'post_images/bd7a09ad-6af7-4245-b156-571cd228d45f.png' did not match include pattern '' or matched exclude pattern ''.
         Asset 'C:\Projects\QuickStockApi\QuickStock\wwwroot\post_images\bebf4a2a-a00b-4c1e-8814-f2812a3f1caf.jpg' with relative path 'post_images/bebf4a2a-a00b-4c1e-8814-f2812a3f1caf.jpg' did not match include pattern '' or matched exclude pattern ''.
         Asset 'C:\Projects\QuickStockApi\QuickStock\wwwroot\post_images\c50c4d8c-c3d2-4030-b4d9-4a7f600a83a7.jpg' with relative path 'post_images/c50c4d8c-c3d2-4030-b4d9-4a7f600a83a7.jpg' did not match include pattern '' or matched exclude pattern ''.
         Asset 'C:\Projects\QuickStockApi\QuickStock\wwwroot\post_images\fb251974-9139-4d47-b65e-3d25aeab8e8b.jpg' with relative path 'post_images/fb251974-9139-4d47-b65e-3d25aeab8e8b.jpg' did not match include pattern '' or matched exclude pattern ''.
         Asset 'C:\Projects\QuickStockApi\QuickStock\wwwroot\post_images\fe4edeec-9c36-4542-a165-56cf0ee6da97.jpg' with relative path 'post_images/fe4edeec-9c36-4542-a165-56cf0ee6da97.jpg' did not match include pattern '' or matched exclude pattern ''.
         Asset 'C:\Projects\QuickStockApi\QuickStock\wwwroot\post_images\ffe9d48a-c7c1-420e-a8e5-0dd8f393daa3.jpg' with relative path 'post_images/ffe9d48a-c7c1-420e-a8e5-0dd8f393daa3.jpg' did not match include pattern '' or matched exclude pattern ''.
         Asset 'C:\Projects\QuickStockApi\QuickStock\wwwroot\upload.html' with relative path 'upload.html' did not match include pattern '' or matched exclude pattern ''.
         Asset 'C:\Projects\QuickStockApi\QuickStock\wwwroot\Upload\Picture\1da69394-2a03-4248-972d-f794d0e41650.jpg' with relative path 'Upload/Picture/1da69394-2a03-4248-972d-f794d0e41650.jpg' did not match include pattern '' or matched exclude pattern ''.
         Asset 'C:\Projects\QuickStockApi\QuickStock\wwwroot\Upload\Picture\3e412953-5e31-4c7b-bb1e-1e214bc8b6d1.jpg' with relative path 'Upload/Picture/3e412953-5e31-4c7b-bb1e-1e214bc8b6d1.jpg' did not match include pattern '' or matched exclude pattern ''.
         Asset 'C:\Projects\QuickStockApi\QuickStock\wwwroot\Upload\Picture\7dbdce9f-0e86-4ad0-bbfe-f51bd6b641d5.jpg' with relative path 'Upload/Picture/7dbdce9f-0e86-4ad0-bbfe-f51bd6b641d5.jpg' did not match include pattern '' or matched exclude pattern ''.
         Asset 'C:\Projects\QuickStockApi\QuickStock\wwwroot\Upload\Picture\9c9dc77d-a715-4bcd-9b49-30ce366c74d8.jpg' with relative path 'Upload/Picture/9c9dc77d-a715-4bcd-9b49-30ce366c74d8.jpg' did not match include pattern '' or matched exclude pattern ''.
         Asset 'C:\Projects\QuickStockApi\QuickStock\wwwroot\Upload\Picture\da9ec11e-34b5-4b53-a87f-d784a8c0d159.jpg' with relative path 'Upload/Picture/da9ec11e-34b5-4b53-a87f-d784a8c0d159.jpg' did not match include pattern '' or matched exclude pattern ''.
         Asset 'C:\Projects\QuickStockApi\QuickStock\wwwroot\Upload\Picture\dc7c84d1-2aad-44af-a383-3db5b9102f92.jpg' with relative path 'Upload/Picture/dc7c84d1-2aad-44af-a383-3db5b9102f92.jpg' did not match include pattern '' or matched exclude pattern ''.
         Resolved 0 compressed assets for 0 candidate assets.
       Done executing task "ResolveCompressedAssets".
   2:6>Done building target "ResolveBuildCompressedStaticWebAssetsConfiguration" in project "QuickStock.csproj".
   2:6>Target "GenerateBuildCompressedStaticWebAssets" in file "C:\Program Files\dotnet\sdk\9.0.313\Sdks\Microsoft.NET.Sdk.StaticWebAssets\targets\Microsoft.NET.Sdk.StaticWebAssets.Compression.targets" from project "C:\Projects\QuickStockApi\QuickStock\QuickStock.csproj" (target "ResolveBuildCompressedStaticWebAssets" depends on it):
       Task "GZipCompress" skipped, due to false condition; ('@(_GZipCompressedStaticWebAssets)' != '') was evaluated as ('' != '').
       Task "BrotliCompress" skipped, due to false condition; ('@(_BrotliCompressedStaticWebAssets)' != '') was evaluated as ('' != '').
   2:6>Done building target "GenerateBuildCompressedStaticWebAssets" in project "QuickStock.csproj".
   2:6>Target "ResolveBuildCompressedStaticWebAssets" in file "C:\Program Files\dotnet\sdk\9.0.313\Sdks\Microsoft.NET.Sdk.StaticWebAssets\targets\Microsoft.NET.Sdk.StaticWebAssets.Compression.targets" from project "C:\Projects\QuickStockApi\QuickStock\QuickStock.csproj" (target "ResolveBuildRelatedStaticWebAssets" depends on it):
       Task "DefineStaticWebAssets"
         Updating cache completely.
       Done executing task "DefineStaticWebAssets".
       Task "DefineStaticWebAssetEndpoints"
       Done executing task "DefineStaticWebAssetEndpoints".
       Using "ApplyCompressionNegotiation" task from assembly "C:\Program Files\dotnet\sdk\9.0.313\Sdks\Microsoft.NET.Sdk.StaticWebAssets\targets\..\tasks\net9.0\Microsoft.NET.Sdk.StaticWebAssets.Tasks.dll".
       Task "ApplyCompressionNegotiation"
       Done executing task "ApplyCompressionNegotiation".
   2:6>Done building target "ResolveBuildCompressedStaticWebAssets" in project "QuickStock.csproj".
       Target "ResolveStaticWebAssetsInputs" skipped. Previously built successfully.
   2:6>Target "ResolveBuildRelatedStaticWebAssets" in file "C:\Program Files\dotnet\sdk\9.0.313\Sdks\Microsoft.NET.Sdk.StaticWebAssets\targets\Microsoft.NET.Sdk.StaticWebAssets.targets" from project "C:\Projects\QuickStockApi\QuickStock\QuickStock.csproj" (target "ResolveBuildStaticWebAssets" depends on it):
   2:6>Done building target "ResolveBuildRelatedStaticWebAssets" in project "QuickStock.csproj".
   2:6>Target "ResolveBuildStaticWebAssets" in file "C:\Program Files\dotnet\sdk\9.0.313\Sdks\Microsoft.NET.Sdk.StaticWebAssets\targets\Microsoft.NET.Sdk.StaticWebAssets.targets" from project "C:\Projects\QuickStockApi\QuickStock\QuickStock.csproj" (target "StaticWebAssetsPrepareForRun" depends on it):
   2:6>Done building target "ResolveBuildStaticWebAssets" in project "QuickStock.csproj".
       Target "ResolveBuildStaticWebAssets" skipped. Previously built successfully.
   2:6>Target "GenerateStaticWebAssetsManifest" in file "C:\Program Files\dotnet\sdk\9.0.313\Sdks\Microsoft.NET.Sdk.StaticWebAssets\targets\Microsoft.NET.Sdk.StaticWebAssets.targets" from project "C:\Projects\QuickStockApi\QuickStock\QuickStock.csproj" (target "StaticWebAssetsPrepareForRun" depends on it):
       Task "MergeStaticWebAssets" skipped, due to false condition; ('@(StaticWebAssetsEmbeddedConfiguration)' != '') was evaluated as ('' != '').
       Using "GenerateStaticWebAssetsManifest" task from assembly "C:\Program Files\dotnet\sdk\9.0.313\Sdks\Microsoft.NET.Sdk.StaticWebAssets\targets\..\tasks\net9.0\Microsoft.NET.Sdk.StaticWebAssets.Tasks.dll".
       Task "GenerateStaticWebAssetsManifest"
         Generating manifest for '23' assets and '46' endpoints
         Creating manifest because manifest file 'obj\Debug\net8.0\staticwebassets.build.json' does not exist.
       Done executing task "GenerateStaticWebAssetsManifest".
       Using "GenerateStaticWebAssetEndpointsManifest" task from assembly "C:\Program Files\dotnet\sdk\9.0.313\Sdks\Microsoft.NET.Sdk.StaticWebAssets\targets\..\tasks\net9.0\Microsoft.NET.Sdk.StaticWebAssets.Tasks.dll".
       Task "GenerateStaticWebAssetEndpointsManifest"
         Including endpoint 'Upload/Picture/1da69394-2a03-4248-972d-f794d0e41650.br8lkqlj1p.jpg' for asset 'C:\Projects\QuickStockApi\QuickStock\wwwroot\Upload\Picture\1da69394-2a03-4248-972d-f794d0e41650.jpg' with final location 'Upload/Picture/1da69394-2a03-4248-972d-f794d0e41650#[.{fingerprint}]?.jpg'
         Including endpoint 'Upload/Picture/1da69394-2a03-4248-972d-f794d0e41650.jpg' for asset 'C:\Projects\QuickStockApi\QuickStock\wwwroot\Upload\Picture\1da69394-2a03-4248-972d-f794d0e41650.jpg' with final location 'Upload/Picture/1da69394-2a03-4248-972d-f794d0e41650#[.{fingerprint}]?.jpg'
         Including endpoint 'Upload/Picture/3e412953-5e31-4c7b-bb1e-1e214bc8b6d1.br8lkqlj1p.jpg' for asset 'C:\Projects\QuickStockApi\QuickStock\wwwroot\Upload\Picture\3e412953-5e31-4c7b-bb1e-1e214bc8b6d1.jpg' with final location 'Upload/Picture/3e412953-5e31-4c7b-bb1e-1e214bc8b6d1#[.{fingerprint}]?.jpg'
         Including endpoint 'Upload/Picture/3e412953-5e31-4c7b-bb1e-1e214bc8b6d1.jpg' for asset 'C:\Projects\QuickStockApi\QuickStock\wwwroot\Upload\Picture\3e412953-5e31-4c7b-bb1e-1e214bc8b6d1.jpg' with final location 'Upload/Picture/3e412953-5e31-4c7b-bb1e-1e214bc8b6d1#[.{fingerprint}]?.jpg'
         Including endpoint 'Upload/Picture/7dbdce9f-0e86-4ad0-bbfe-f51bd6b641d5.jpg' for asset 'C:\Projects\QuickStockApi\QuickStock\wwwroot\Upload\Picture\7dbdce9f-0e86-4ad0-bbfe-f51bd6b641d5.jpg' with final location 'Upload/Picture/7dbdce9f-0e86-4ad0-bbfe-f51bd6b641d5#[.{fingerprint}]?.jpg'
         Including endpoint 'Upload/Picture/7dbdce9f-0e86-4ad0-bbfe-f51bd6b641d5.oprv58h8dw.jpg' for asset 'C:\Projects\QuickStockApi\QuickStock\wwwroot\Upload\Picture\7dbdce9f-0e86-4ad0-bbfe-f51bd6b641d5.jpg' with final location 'Upload/Picture/7dbdce9f-0e86-4ad0-bbfe-f51bd6b641d5#[.{fingerprint}]?.jpg'
         Including endpoint 'Upload/Picture/9c9dc77d-a715-4bcd-9b49-30ce366c74d8.jpg' for asset 'C:\Projects\QuickStockApi\QuickStock\wwwroot\Upload\Picture\9c9dc77d-a715-4bcd-9b49-30ce366c74d8.jpg' with final location 'Upload/Picture/9c9dc77d-a715-4bcd-9b49-30ce366c74d8#[.{fingerprint}]?.jpg'
         Including endpoint 'Upload/Picture/9c9dc77d-a715-4bcd-9b49-30ce366c74d8.rmls2n1eq7.jpg' for asset 'C:\Projects\QuickStockApi\QuickStock\wwwroot\Upload\Picture\9c9dc77d-a715-4bcd-9b49-30ce366c74d8.jpg' with final location 'Upload/Picture/9c9dc77d-a715-4bcd-9b49-30ce366c74d8#[.{fingerprint}]?.jpg'
         Including endpoint 'Upload/Picture/da9ec11e-34b5-4b53-a87f-d784a8c0d159.jpg' for asset 'C:\Projects\QuickStockApi\QuickStock\wwwroot\Upload\Picture\da9ec11e-34b5-4b53-a87f-d784a8c0d159.jpg' with final location 'Upload/Picture/da9ec11e-34b5-4b53-a87f-d784a8c0d159#[.{fingerprint}]?.jpg'
         Including endpoint 'Upload/Picture/da9ec11e-34b5-4b53-a87f-d784a8c0d159.q4dpa0jlre.jpg' for asset 'C:\Projects\QuickStockApi\QuickStock\wwwroot\Upload\Picture\da9ec11e-34b5-4b53-a87f-d784a8c0d159.jpg' with final location 'Upload/Picture/da9ec11e-34b5-4b53-a87f-d784a8c0d159#[.{fingerprint}]?.jpg'
         Including endpoint 'Upload/Picture/dc7c84d1-2aad-44af-a383-3db5b9102f92.br8lkqlj1p.jpg' for asset 'C:\Projects\QuickStockApi\QuickStock\wwwroot\Upload\Picture\dc7c84d1-2aad-44af-a383-3db5b9102f92.jpg' with final location 'Upload/Picture/dc7c84d1-2aad-44af-a383-3db5b9102f92#[.{fingerprint}]?.jpg'
         Including endpoint 'Upload/Picture/dc7c84d1-2aad-44af-a383-3db5b9102f92.jpg' for asset 'C:\Projects\QuickStockApi\QuickStock\wwwroot\Upload\Picture\dc7c84d1-2aad-44af-a383-3db5b9102f92.jpg' with final location 'Upload/Picture/dc7c84d1-2aad-44af-a383-3db5b9102f92#[.{fingerprint}]?.jpg'
         Including endpoint 'post_images/10d3aa50-c840-4e29-8365-d3e80ed3bb9b.jpg' for asset 'C:\Projects\QuickStockApi\QuickStock\wwwroot\post_images\10d3aa50-c840-4e29-8365-d3e80ed3bb9b.jpg' with final location 'post_images/10d3aa50-c840-4e29-8365-d3e80ed3bb9b#[.{fingerprint}]?.jpg'
         Including endpoint 'post_images/10d3aa50-c840-4e29-8365-d3e80ed3bb9b.q4dpa0jlre.jpg' for asset 'C:\Projects\QuickStockApi\QuickStock\wwwroot\post_images\10d3aa50-c840-4e29-8365-d3e80ed3bb9b.jpg' with final location 'post_images/10d3aa50-c840-4e29-8365-d3e80ed3bb9b#[.{fingerprint}]?.jpg'
         Including endpoint 'post_images/1431ceb3-435f-4371-87a1-230c1cd1f575.jpg' for asset 'C:\Projects\QuickStockApi\QuickStock\wwwroot\post_images\1431ceb3-435f-4371-87a1-230c1cd1f575.jpg' with final location 'post_images/1431ceb3-435f-4371-87a1-230c1cd1f575#[.{fingerprint}]?.jpg'
         Including endpoint 'post_images/1431ceb3-435f-4371-87a1-230c1cd1f575.q4dpa0jlre.jpg' for asset 'C:\Projects\QuickStockApi\QuickStock\wwwroot\post_images\1431ceb3-435f-4371-87a1-230c1cd1f575.jpg' with final location 'post_images/1431ceb3-435f-4371-87a1-230c1cd1f575#[.{fingerprint}]?.jpg'
         Including endpoint 'post_images/1b84e65b-1db9-48c5-a427-fcfd1e5f57e7.jpg' for asset 'C:\Projects\QuickStockApi\QuickStock\wwwroot\post_images\1b84e65b-1db9-48c5-a427-fcfd1e5f57e7.jpg' with final location 'post_images/1b84e65b-1db9-48c5-a427-fcfd1e5f57e7#[.{fingerprint}]?.jpg'
         Including endpoint 'post_images/1b84e65b-1db9-48c5-a427-fcfd1e5f57e7.q4dpa0jlre.jpg' for asset 'C:\Projects\QuickStockApi\QuickStock\wwwroot\post_images\1b84e65b-1db9-48c5-a427-fcfd1e5f57e7.jpg' with final location 'post_images/1b84e65b-1db9-48c5-a427-fcfd1e5f57e7#[.{fingerprint}]?.jpg'
         Including endpoint 'post_images/305ccad3-9587-4272-acb5-96700cfe3230.jpg' for asset 'C:\Projects\QuickStockApi\QuickStock\wwwroot\post_images\305ccad3-9587-4272-acb5-96700cfe3230.jpg' with final location 'post_images/305ccad3-9587-4272-acb5-96700cfe3230#[.{fingerprint}]?.jpg'
         Including endpoint 'post_images/305ccad3-9587-4272-acb5-96700cfe3230.p3vk9pjmzj.jpg' for asset 'C:\Projects\QuickStockApi\QuickStock\wwwroot\post_images\305ccad3-9587-4272-acb5-96700cfe3230.jpg' with final location 'post_images/305ccad3-9587-4272-acb5-96700cfe3230#[.{fingerprint}]?.jpg'
         Including endpoint 'post_images/324ce386-909a-4ece-bdb3-3934e54ef763.gs732w5oma.jpg' for asset 'C:\Projects\QuickStockApi\QuickStock\wwwroot\post_images\324ce386-909a-4ece-bdb3-3934e54ef763.jpg' with final location 'post_images/324ce386-909a-4ece-bdb3-3934e54ef763#[.{fingerprint}]?.jpg'
         Including endpoint 'post_images/324ce386-909a-4ece-bdb3-3934e54ef763.jpg' for asset 'C:\Projects\QuickStockApi\QuickStock\wwwroot\post_images\324ce386-909a-4ece-bdb3-3934e54ef763.jpg' with final location 'post_images/324ce386-909a-4ece-bdb3-3934e54ef763#[.{fingerprint}]?.jpg'
         Including endpoint 'post_images/38d0583e-d880-41bd-a28d-888eba1232ba.jpg' for asset 'C:\Projects\QuickStockApi\QuickStock\wwwroot\post_images\38d0583e-d880-41bd-a28d-888eba1232ba.jpg' with final location 'post_images/38d0583e-d880-41bd-a28d-888eba1232ba#[.{fingerprint}]?.jpg'
         Including endpoint 'post_images/38d0583e-d880-41bd-a28d-888eba1232ba.rmls2n1eq7.jpg' for asset 'C:\Projects\QuickStockApi\QuickStock\wwwroot\post_images\38d0583e-d880-41bd-a28d-888eba1232ba.jpg' with final location 'post_images/38d0583e-d880-41bd-a28d-888eba1232ba#[.{fingerprint}]?.jpg'
         Including endpoint 'post_images/819a77e1-60e7-400c-b94d-678787184e00.jpg' for asset 'C:\Projects\QuickStockApi\QuickStock\wwwroot\post_images\819a77e1-60e7-400c-b94d-678787184e00.jpg' with final location 'post_images/819a77e1-60e7-400c-b94d-678787184e00#[.{fingerprint}]?.jpg'
         Including endpoint 'post_images/819a77e1-60e7-400c-b94d-678787184e00.oprv58h8dw.jpg' for asset 'C:\Projects\QuickStockApi\QuickStock\wwwroot\post_images\819a77e1-60e7-400c-b94d-678787184e00.jpg' with final location 'post_images/819a77e1-60e7-400c-b94d-678787184e00#[.{fingerprint}]?.jpg'
         Including endpoint 'post_images/a88c638f-fc0b-4504-a2d3-95cd3fbf2eb3.br8lkqlj1p.jpg' for asset 'C:\Projects\QuickStockApi\QuickStock\wwwroot\post_images\a88c638f-fc0b-4504-a2d3-95cd3fbf2eb3.jpg' with final location 'post_images/a88c638f-fc0b-4504-a2d3-95cd3fbf2eb3#[.{fingerprint}]?.jpg'
         Including endpoint 'post_images/a88c638f-fc0b-4504-a2d3-95cd3fbf2eb3.jpg' for asset 'C:\Projects\QuickStockApi\QuickStock\wwwroot\post_images\a88c638f-fc0b-4504-a2d3-95cd3fbf2eb3.jpg' with final location 'post_images/a88c638f-fc0b-4504-a2d3-95cd3fbf2eb3#[.{fingerprint}]?.jpg'
         Including endpoint 'post_images/b3ae85e7-08ab-4552-a73f-20ccc2c98790.9rrvjbvvow.jpg' for asset 'C:\Projects\QuickStockApi\QuickStock\wwwroot\post_images\b3ae85e7-08ab-4552-a73f-20ccc2c98790.jpg' with final location 'post_images/b3ae85e7-08ab-4552-a73f-20ccc2c98790#[.{fingerprint}]?.jpg'
         Including endpoint 'post_images/b3ae85e7-08ab-4552-a73f-20ccc2c98790.jpg' for asset 'C:\Projects\QuickStockApi\QuickStock\wwwroot\post_images\b3ae85e7-08ab-4552-a73f-20ccc2c98790.jpg' with final location 'post_images/b3ae85e7-08ab-4552-a73f-20ccc2c98790#[.{fingerprint}]?.jpg'
         Including endpoint 'post_images/bcce3aa6-aed7-40e6-9374-9f713cba509b.jpg' for asset 'C:\Projects\QuickStockApi\QuickStock\wwwroot\post_images\bcce3aa6-aed7-40e6-9374-9f713cba509b.jpg' with final location 'post_images/bcce3aa6-aed7-40e6-9374-9f713cba509b#[.{fingerprint}]?.jpg'
         Including endpoint 'post_images/bcce3aa6-aed7-40e6-9374-9f713cba509b.uflvxrcxh1.jpg' for asset 'C:\Projects\QuickStockApi\QuickStock\wwwroot\post_images\bcce3aa6-aed7-40e6-9374-9f713cba509b.jpg' with final location 'post_images/bcce3aa6-aed7-40e6-9374-9f713cba509b#[.{fingerprint}]?.jpg'
         Including endpoint 'post_images/bd7a09ad-6af7-4245-b156-571cd228d45f.obs04au2mo.png' for asset 'C:\Projects\QuickStockApi\QuickStock\wwwroot\post_images\bd7a09ad-6af7-4245-b156-571cd228d45f.png' with final location 'post_images/bd7a09ad-6af7-4245-b156-571cd228d45f#[.{fingerprint}]?.png'
         Including endpoint 'post_images/bd7a09ad-6af7-4245-b156-571cd228d45f.png' for asset 'C:\Projects\QuickStockApi\QuickStock\wwwroot\post_images\bd7a09ad-6af7-4245-b156-571cd228d45f.png' with final location 'post_images/bd7a09ad-6af7-4245-b156-571cd228d45f#[.{fingerprint}]?.png'
         Including endpoint 'post_images/bebf4a2a-a00b-4c1e-8814-f2812a3f1caf.e99k1qdzwf.jpg' for asset 'C:\Projects\QuickStockApi\QuickStock\wwwroot\post_images\bebf4a2a-a00b-4c1e-8814-f2812a3f1caf.jpg' with final location 'post_images/bebf4a2a-a00b-4c1e-8814-f2812a3f1caf#[.{fingerprint}]?.jpg'
         Including endpoint 'post_images/bebf4a2a-a00b-4c1e-8814-f2812a3f1caf.jpg' for asset 'C:\Projects\QuickStockApi\QuickStock\wwwroot\post_images\bebf4a2a-a00b-4c1e-8814-f2812a3f1caf.jpg' with final location 'post_images/bebf4a2a-a00b-4c1e-8814-f2812a3f1caf#[.{fingerprint}]?.jpg'
         Including endpoint 'post_images/c50c4d8c-c3d2-4030-b4d9-4a7f600a83a7.gs732w5oma.jpg' for asset 'C:\Projects\QuickStockApi\QuickStock\wwwroot\post_images\c50c4d8c-c3d2-4030-b4d9-4a7f600a83a7.jpg' with final location 'post_images/c50c4d8c-c3d2-4030-b4d9-4a7f600a83a7#[.{fingerprint}]?.jpg'
         Including endpoint 'post_images/c50c4d8c-c3d2-4030-b4d9-4a7f600a83a7.jpg' for asset 'C:\Projects\QuickStockApi\QuickStock\wwwroot\post_images\c50c4d8c-c3d2-4030-b4d9-4a7f600a83a7.jpg' with final location 'post_images/c50c4d8c-c3d2-4030-b4d9-4a7f600a83a7#[.{fingerprint}]?.jpg'
         Including endpoint 'post_images/fb251974-9139-4d47-b65e-3d25aeab8e8b.e99k1qdzwf.jpg' for asset 'C:\Projects\QuickStockApi\QuickStock\wwwroot\post_images\fb251974-9139-4d47-b65e-3d25aeab8e8b.jpg' with final location 'post_images/fb251974-9139-4d47-b65e-3d25aeab8e8b#[.{fingerprint}]?.jpg'
         Including endpoint 'post_images/fb251974-9139-4d47-b65e-3d25aeab8e8b.jpg' for asset 'C:\Projects\QuickStockApi\QuickStock\wwwroot\post_images\fb251974-9139-4d47-b65e-3d25aeab8e8b.jpg' with final location 'post_images/fb251974-9139-4d47-b65e-3d25aeab8e8b#[.{fingerprint}]?.jpg'
         Including endpoint 'post_images/fe4edeec-9c36-4542-a165-56cf0ee6da97.jpg' for asset 'C:\Projects\QuickStockApi\QuickStock\wwwroot\post_images\fe4edeec-9c36-4542-a165-56cf0ee6da97.jpg' with final location 'post_images/fe4edeec-9c36-4542-a165-56cf0ee6da97#[.{fingerprint}]?.jpg'
         Including endpoint 'post_images/fe4edeec-9c36-4542-a165-56cf0ee6da97.oprv58h8dw.jpg' for asset 'C:\Projects\QuickStockApi\QuickStock\wwwroot\post_images\fe4edeec-9c36-4542-a165-56cf0ee6da97.jpg' with final location 'post_images/fe4edeec-9c36-4542-a165-56cf0ee6da97#[.{fingerprint}]?.jpg'
         Including endpoint 'post_images/ffe9d48a-c7c1-420e-a8e5-0dd8f393daa3.jpg' for asset 'C:\Projects\QuickStockApi\QuickStock\wwwroot\post_images\ffe9d48a-c7c1-420e-a8e5-0dd8f393daa3.jpg' with final location 'post_images/ffe9d48a-c7c1-420e-a8e5-0dd8f393daa3#[.{fingerprint}]?.jpg'
         Including endpoint 'post_images/ffe9d48a-c7c1-420e-a8e5-0dd8f393daa3.n6hwl3eyec.jpg' for asset 'C:\Projects\QuickStockApi\QuickStock\wwwroot\post_images\ffe9d48a-c7c1-420e-a8e5-0dd8f393daa3.jpg' with final location 'post_images/ffe9d48a-c7c1-420e-a8e5-0dd8f393daa3#[.{fingerprint}]?.jpg'
         Including endpoint 'upload.ed6tlp25k6.html' for asset 'C:\Projects\QuickStockApi\QuickStock\wwwroot\upload.html' with final location 'upload#[.{fingerprint}]?.html'
         Including endpoint 'upload.html' for asset 'C:\Projects\QuickStockApi\QuickStock\wwwroot\upload.html' with final location 'upload#[.{fingerprint}]?.html'
         Creating artifact because artifact file 'obj\Debug\net8.0\staticwebassets.build.endpoints.json' does not exist.
       Done executing task "GenerateStaticWebAssetEndpointsManifest".
       Using "GenerateStaticWebAssetsDevelopmentManifest" task from assembly "C:\Program Files\dotnet\sdk\9.0.313\Sdks\Microsoft.NET.Sdk.StaticWebAssets\targets\..\tasks\net9.0\Microsoft.NET.Sdk.StaticWebAssets.Tasks.dll".
       Task "GenerateStaticWebAssetsDevelopmentManifest"
         Creating manifest because manifest file 'obj\Debug\net8.0\staticwebassets.development.json' does not exist.
       Done executing task "GenerateStaticWebAssetsDevelopmentManifest".
   2:6>Done building target "GenerateStaticWebAssetsManifest" in project "QuickStock.csproj".
       Target "GenerateStaticWebAssetsPackFiles" skipped, due to false condition; ('$(IsPackable)' == 'true') was evaluated as ('false' == 'true').
   2:6>Target "LoadStaticWebAssetsBuildManifest" in file "C:\Program Files\dotnet\sdk\9.0.313\Sdks\Microsoft.NET.Sdk.StaticWebAssets\targets\Microsoft.NET.Sdk.StaticWebAssets.Publish.targets" from project "C:\Projects\QuickStockApi\QuickStock\QuickStock.csproj" (target "CopyStaticWebAssetsToOutputDirectory" depends on it):
       Task "ReadStaticWebAssetsManifestFile" skipped, due to false condition; ('$(_ShouldLoadBuildManifestAndUpdateAssets)' == 'true') was evaluated as ('false' == 'true').
   2:6>Done building target "LoadStaticWebAssetsBuildManifest" in project "QuickStock.csproj".
   2:6>Target "_EnsureContentRootFolders" in file "C:\Program Files\dotnet\sdk\9.0.313\Sdks\Microsoft.NET.Sdk.StaticWebAssets\targets\Microsoft.NET.Sdk.StaticWebAssets.targets" from project "C:\Projects\QuickStockApi\QuickStock\QuickStock.csproj" (target "CopyStaticWebAssetsToOutputDirectory" depends on it):
       Task "MakeDir"
       Done executing task "MakeDir".
   2:6>Done building target "_EnsureContentRootFolders" in project "QuickStock.csproj".
   2:6>Target "CopyStaticWebAssetsToOutputDirectory" in file "C:\Program Files\dotnet\sdk\9.0.313\Sdks\Microsoft.NET.Sdk.StaticWebAssets\targets\Microsoft.NET.Sdk.StaticWebAssets.targets" from project "C:\Projects\QuickStockApi\QuickStock\QuickStock.csproj" (target "StaticWebAssetsPrepareForRun" depends on it):
   2:6>Done building target "CopyStaticWebAssetsToOutputDirectory" in project "QuickStock.csproj".
   2:6>Target "_SplitStaticWebAssetsByCopyOptions" in file "C:\Program Files\dotnet\sdk\9.0.313\Sdks\Microsoft.NET.Sdk.StaticWebAssets\targets\Microsoft.NET.Sdk.StaticWebAssets.targets" from project "C:\Projects\QuickStockApi\QuickStock\QuickStock.csproj" (target "StaticWebAssetsPrepareForRun" depends on it):
       Using "CollectStaticWebAssetsToCopy" task from assembly "C:\Program Files\dotnet\sdk\9.0.313\Sdks\Microsoft.NET.Sdk.StaticWebAssets\targets\..\tasks\net9.0\Microsoft.NET.Sdk.StaticWebAssets.Tasks.dll".
       Task "CollectStaticWebAssetsToCopy"
         Skipping asset 'C:\Projects\QuickStockApi\QuickStock\wwwroot\post_images\10d3aa50-c840-4e29-8365-d3e80ed3bb9b.jpg' since copy to output directory option is 'Never'
         Skipping asset 'C:\Projects\QuickStockApi\QuickStock\wwwroot\post_images\1431ceb3-435f-4371-87a1-230c1cd1f575.jpg' since copy to output directory option is 'Never'
         Skipping asset 'C:\Projects\QuickStockApi\QuickStock\wwwroot\post_images\1b84e65b-1db9-48c5-a427-fcfd1e5f57e7.jpg' since copy to output directory option is 'Never'
         Skipping asset 'C:\Projects\QuickStockApi\QuickStock\wwwroot\post_images\305ccad3-9587-4272-acb5-96700cfe3230.jpg' since copy to output directory option is 'Never'
         Skipping asset 'C:\Projects\QuickStockApi\QuickStock\wwwroot\post_images\324ce386-909a-4ece-bdb3-3934e54ef763.jpg' since copy to output directory option is 'Never'
         Skipping asset 'C:\Projects\QuickStockApi\QuickStock\wwwroot\post_images\38d0583e-d880-41bd-a28d-888eba1232ba.jpg' since copy to output directory option is 'Never'
         Skipping asset 'C:\Projects\QuickStockApi\QuickStock\wwwroot\post_images\819a77e1-60e7-400c-b94d-678787184e00.jpg' since copy to output directory option is 'Never'
         Skipping asset 'C:\Projects\QuickStockApi\QuickStock\wwwroot\post_images\a88c638f-fc0b-4504-a2d3-95cd3fbf2eb3.jpg' since copy to output directory option is 'Never'
         Skipping asset 'C:\Projects\QuickStockApi\QuickStock\wwwroot\post_images\b3ae85e7-08ab-4552-a73f-20ccc2c98790.jpg' since copy to output directory option is 'Never'
         Skipping asset 'C:\Projects\QuickStockApi\QuickStock\wwwroot\post_images\bcce3aa6-aed7-40e6-9374-9f713cba509b.jpg' since copy to output directory option is 'Never'
         Skipping asset 'C:\Projects\QuickStockApi\QuickStock\wwwroot\post_images\bd7a09ad-6af7-4245-b156-571cd228d45f.png' since copy to output directory option is 'Never'
         Skipping asset 'C:\Projects\QuickStockApi\QuickStock\wwwroot\post_images\bebf4a2a-a00b-4c1e-8814-f2812a3f1caf.jpg' since copy to output directory option is 'Never'
         Skipping asset 'C:\Projects\QuickStockApi\QuickStock\wwwroot\post_images\c50c4d8c-c3d2-4030-b4d9-4a7f600a83a7.jpg' since copy to output directory option is 'Never'
         Skipping asset 'C:\Projects\QuickStockApi\QuickStock\wwwroot\post_images\fb251974-9139-4d47-b65e-3d25aeab8e8b.jpg' since copy to output directory option is 'Never'
         Skipping asset 'C:\Projects\QuickStockApi\QuickStock\wwwroot\post_images\fe4edeec-9c36-4542-a165-56cf0ee6da97.jpg' since copy to output directory option is 'Never'
         Skipping asset 'C:\Projects\QuickStockApi\QuickStock\wwwroot\post_images\ffe9d48a-c7c1-420e-a8e5-0dd8f393daa3.jpg' since copy to output directory option is 'Never'
         Skipping asset 'C:\Projects\QuickStockApi\QuickStock\wwwroot\upload.html' since copy to output directory option is 'Never'
         Skipping asset 'C:\Projects\QuickStockApi\QuickStock\wwwroot\Upload\Picture\1da69394-2a03-4248-972d-f794d0e41650.jpg' since copy to output directory option is 'Never'
         Skipping asset 'C:\Projects\QuickStockApi\QuickStock\wwwroot\Upload\Picture\3e412953-5e31-4c7b-bb1e-1e214bc8b6d1.jpg' since copy to output directory option is 'Never'
         Skipping asset 'C:\Projects\QuickStockApi\QuickStock\wwwroot\Upload\Picture\7dbdce9f-0e86-4ad0-bbfe-f51bd6b641d5.jpg' since copy to output directory option is 'Never'
         Skipping asset 'C:\Projects\QuickStockApi\QuickStock\wwwroot\Upload\Picture\9c9dc77d-a715-4bcd-9b49-30ce366c74d8.jpg' since copy to output directory option is 'Never'
         Skipping asset 'C:\Projects\QuickStockApi\QuickStock\wwwroot\Upload\Picture\da9ec11e-34b5-4b53-a87f-d784a8c0d159.jpg' since copy to output directory option is 'Never'
         Skipping asset 'C:\Projects\QuickStockApi\QuickStock\wwwroot\Upload\Picture\dc7c84d1-2aad-44af-a383-3db5b9102f92.jpg' since copy to output directory option is 'Never'
       Done executing task "CollectStaticWebAssetsToCopy".
   2:6>Done building target "_SplitStaticWebAssetsByCopyOptions" in project "QuickStock.csproj".
   2:6>Target "_BuildCopyStaticWebAssetsPreserveNewest" in file "C:\Program Files\dotnet\sdk\9.0.313\Sdks\Microsoft.NET.Sdk.StaticWebAssets\targets\Microsoft.NET.Sdk.StaticWebAssets.targets" from project "C:\Projects\QuickStockApi\QuickStock\QuickStock.csproj" (target "StaticWebAssetsPrepareForRun" depends on it):
       Skipping target "_BuildCopyStaticWebAssetsPreserveNewest" because it has no outputs.
       Though the target has declared its outputs, the output specification only references empty properties and/or empty item lists.
   2:6>Done building target "_BuildCopyStaticWebAssetsPreserveNewest" in project "QuickStock.csproj".
   2:6>Target "_BuildCopyStaticWebAssetsAlways" in file "C:\Program Files\dotnet\sdk\9.0.313\Sdks\Microsoft.NET.Sdk.StaticWebAssets\targets\Microsoft.NET.Sdk.StaticWebAssets.targets" from project "C:\Projects\QuickStockApi\QuickStock\QuickStock.csproj" (target "StaticWebAssetsPrepareForRun" depends on it):
       Using "Copy" task from assembly "Microsoft.Build.Tasks.Core, Version=15.1.0.0, Culture=neutral, PublicKeyToken=b03f5f7f11d50a3a".
       Task "Copy"
       Done executing task "Copy".
   2:6>Done building target "_BuildCopyStaticWebAssetsAlways" in project "QuickStock.csproj".
   2:6>Target "StaticWebAssetsPrepareForRun" in file "C:\Program Files\dotnet\sdk\9.0.313\Sdks\Microsoft.NET.Sdk.StaticWebAssets\targets\Microsoft.NET.Sdk.StaticWebAssets.targets" from project "C:\Projects\QuickStockApi\QuickStock\QuickStock.csproj" (target "PrepareForRun" depends on it):
   2:6>Done building target "StaticWebAssetsPrepareForRun" in project "QuickStock.csproj".
       Target "ComputeIntermediateSatelliteAssemblies" skipped, due to false condition; (@(EmbeddedResource->'%(WithCulture)') != '') was evaluated as ( != '').
   2:6>Target "_CopyFilesMarkedCopyLocal" in file "C:\Program Files\dotnet\sdk\9.0.313\Microsoft.Common.CurrentVersion.targets" from project "C:\Projects\QuickStockApi\QuickStock\QuickStock.csproj" (target "CopyFilesToOutputDirectory" depends on it):
       Task "Copy"
         Copying file from "C:\Users\Unknown\.nuget\packages\bcrypt.net-next\4.0.3\lib\net6.0\BCrypt.Net-Next.dll" to "C:\Projects\QuickStockApi\QuickStock\bin\Debug\net8.0\BCrypt.Net-Next.dll".
         Copying file from "C:\Users\Unknown\.nuget\packages\humanizer.core\2.14.1\lib\net6.0\Humanizer.dll" to "C:\Projects\QuickStockApi\QuickStock\bin\Debug\net8.0\Humanizer.dll".
         Copying file from "C:\Users\Unknown\.nuget\packages\google.protobuf\3.32.0\lib\net5.0\Google.Protobuf.dll" to "C:\Projects\QuickStockApi\QuickStock\bin\Debug\net8.0\Google.Protobuf.dll".
         Copying file from "C:\Users\Unknown\.nuget\packages\bouncycastle.cryptography\2.6.2\lib\net6.0\BouncyCastle.Cryptography.dll" to "C:\Projects\QuickStockApi\QuickStock\bin\Debug\net8.0\BouncyCastle.Cryptography.dll".
         Copying file from "C:\Users\Unknown\.nuget\packages\k4os.compression.lz4\1.3.8\lib\net6.0\K4os.Compression.LZ4.dll" to "C:\Projects\QuickStockApi\QuickStock\bin\Debug\net8.0\K4os.Compression.LZ4.dll".
         Copying file from "C:\Users\Unknown\.nuget\packages\k4os.compression.lz4.streams\1.3.8\lib\net6.0\K4os.Compression.LZ4.Streams.dll" to "C:\Projects\QuickStockApi\QuickStock\bin\Debug\net8.0\K4os.Compression.LZ4.Streams.dll".
         Copying file from "C:\Users\Unknown\.nuget\packages\k4os.hash.xxhash\1.0.8\lib\net6.0\K4os.Hash.xxHash.dll" to "C:\Projects\QuickStockApi\QuickStock\bin\Debug\net8.0\K4os.Hash.xxHash.dll".
         Copying file from "C:\Users\Unknown\.nuget\packages\microsoft.aspnetcore.authentication.jwtbearer\8.0.1\lib\net8.0\Microsoft.AspNetCore.Authentication.JwtBearer.dll" to "C:\Projects\QuickStockApi\QuickStock\bin\Debug\net8.0\Microsoft.AspNetCore.Authentication.JwtBearer.dll".
         Copying file from "C:\Users\Unknown\.nuget\packages\microsoft.codeanalysis.common\4.5.0\lib\netcoreapp3.1\Microsoft.CodeAnalysis.dll" to "C:\Projects\QuickStockApi\QuickStock\bin\Debug\net8.0\Microsoft.CodeAnalysis.dll".
         Copying file from "C:\Users\Unknown\.nuget\packages\microsoft.bcl.asyncinterfaces\6.0.0\lib\netstandard2.1\Microsoft.Bcl.AsyncInterfaces.dll" to "C:\Projects\QuickStockApi\QuickStock\bin\Debug\net8.0\Microsoft.Bcl.AsyncInterfaces.dll".
         Copying file from "C:\Users\Unknown\.nuget\packages\microsoft.codeanalysis.csharp\4.5.0\lib\netcoreapp3.1\Microsoft.CodeAnalysis.CSharp.dll" to "C:\Projects\QuickStockApi\QuickStock\bin\Debug\net8.0\Microsoft.CodeAnalysis.CSharp.dll".
         Copying file from "C:\Users\Unknown\.nuget\packages\microsoft.codeanalysis.csharp.workspaces\4.5.0\lib\netcoreapp3.1\Microsoft.CodeAnalysis.CSharp.Workspaces.dll" to "C:\Projects\QuickStockApi\QuickStock\bin\Debug\net8.0\Microsoft.CodeAnalysis.CSharp.Workspaces.dll".
         Copying file from "C:\Users\Unknown\.nuget\packages\microsoft.codeanalysis.workspaces.common\4.5.0\lib\netcoreapp3.1\Microsoft.CodeAnalysis.Workspaces.dll" to "C:\Projects\QuickStockApi\QuickStock\bin\Debug\net8.0\Microsoft.CodeAnalysis.Workspaces.dll".
         Copying file from "C:\Users\Unknown\.nuget\packages\microsoft.entityframeworkcore\8.0.11\lib\net8.0\Microsoft.EntityFrameworkCore.dll" to "C:\Projects\QuickStockApi\QuickStock\bin\Debug\net8.0\Microsoft.EntityFrameworkCore.dll".
         Copying file from "C:\Users\Unknown\.nuget\packages\microsoft.entityframeworkcore.abstractions\8.0.11\lib\net8.0\Microsoft.EntityFrameworkCore.Abstractions.dll" to "C:\Projects\QuickStockApi\QuickStock\bin\Debug\net8.0\Microsoft.EntityFrameworkCore.Abstractions.dll".
         Copying file from "C:\Users\Unknown\.nuget\packages\microsoft.entityframeworkcore.design\8.0.11\lib\net8.0\Microsoft.EntityFrameworkCore.Design.dll" to "C:\Projects\QuickStockApi\QuickStock\bin\Debug\net8.0\Microsoft.EntityFrameworkCore.Design.dll".
         Copying file from "C:\Users\Unknown\.nuget\packages\microsoft.entityframeworkcore.relational\8.0.11\lib\net8.0\Microsoft.EntityFrameworkCore.Relational.dll" to "C:\Projects\QuickStockApi\QuickStock\bin\Debug\net8.0\Microsoft.EntityFrameworkCore.Relational.dll".
         Copying file from "C:\Users\Unknown\.nuget\packages\microsoft.extensions.caching.memory\8.0.1\lib\net8.0\Microsoft.Extensions.Caching.Memory.dll" to "C:\Projects\QuickStockApi\QuickStock\bin\Debug\net8.0\Microsoft.Extensions.Caching.Memory.dll".
         Copying file from "C:\Users\Unknown\.nuget\packages\microsoft.extensions.dependencyinjection\8.0.1\lib\net8.0\Microsoft.Extensions.DependencyInjection.dll" to "C:\Projects\QuickStockApi\QuickStock\bin\Debug\net8.0\Microsoft.Extensions.DependencyInjection.dll".
         Copying file from "C:\Users\Unknown\.nuget\packages\microsoft.extensions.dependencyinjection.abstractions\8.0.2\lib\net8.0\Microsoft.Extensions.DependencyInjection.Abstractions.dll" to "C:\Projects\QuickStockApi\QuickStock\bin\Debug\net8.0\Microsoft.Extensions.DependencyInjection.Abstractions.dll".
         Copying file from "C:\Users\Unknown\.nuget\packages\microsoft.extensions.dependencymodel\8.0.2\lib\net8.0\Microsoft.Extensions.DependencyModel.dll" to "C:\Projects\QuickStockApi\QuickStock\bin\Debug\net8.0\Microsoft.Extensions.DependencyModel.dll".
         Copying file from "C:\Users\Unknown\.nuget\packages\microsoft.extensions.logging\8.0.1\lib\net8.0\Microsoft.Extensions.Logging.dll" to "C:\Projects\QuickStockApi\QuickStock\bin\Debug\net8.0\Microsoft.Extensions.Logging.dll".
         Copying file from "C:\Users\Unknown\.nuget\packages\microsoft.extensions.logging.abstractions\8.0.2\lib\net8.0\Microsoft.Extensions.Logging.Abstractions.dll" to "C:\Projects\QuickStockApi\QuickStock\bin\Debug\net8.0\Microsoft.Extensions.Logging.Abstractions.dll".
         Copying file from "C:\Users\Unknown\.nuget\packages\microsoft.extensions.options\8.0.2\lib\net8.0\Microsoft.Extensions.Options.dll" to "C:\Projects\QuickStockApi\QuickStock\bin\Debug\net8.0\Microsoft.Extensions.Options.dll".
         Copying file from "C:\Users\Unknown\.nuget\packages\microsoft.identitymodel.abstractions\8.14.0\lib\net8.0\Microsoft.IdentityModel.Abstractions.dll" to "C:\Projects\QuickStockApi\QuickStock\bin\Debug\net8.0\Microsoft.IdentityModel.Abstractions.dll".
         Copying file from "C:\Users\Unknown\.nuget\packages\microsoft.identitymodel.jsonwebtokens\8.14.0\lib\net8.0\Microsoft.IdentityModel.JsonWebTokens.dll" to "C:\Projects\QuickStockApi\QuickStock\bin\Debug\net8.0\Microsoft.IdentityModel.JsonWebTokens.dll".
         Copying file from "C:\Users\Unknown\.nuget\packages\microsoft.identitymodel.logging\8.14.0\lib\net8.0\Microsoft.IdentityModel.Logging.dll" to "C:\Projects\QuickStockApi\QuickStock\bin\Debug\net8.0\Microsoft.IdentityModel.Logging.dll".
         Copying file from "C:\Users\Unknown\.nuget\packages\microsoft.identitymodel.protocols\7.1.2\lib\net8.0\Microsoft.IdentityModel.Protocols.dll" to "C:\Projects\QuickStockApi\QuickStock\bin\Debug\net8.0\Microsoft.IdentityModel.Protocols.dll".
         Copying file from "C:\Users\Unknown\.nuget\packages\microsoft.identitymodel.protocols.openidconnect\7.1.2\lib\net8.0\Microsoft.IdentityModel.Protocols.OpenIdConnect.dll" to "C:\Projects\QuickStockApi\QuickStock\bin\Debug\net8.0\Microsoft.IdentityModel.Protocols.OpenIdConnect.dll".
         Copying file from "C:\Users\Unknown\.nuget\packages\mono.texttemplating\2.2.1\lib\netstandard2.0\Mono.TextTemplating.dll" to "C:\Projects\QuickStockApi\QuickStock\bin\Debug\net8.0\Mono.TextTemplating.dll".
         Copying file from "C:\Users\Unknown\.nuget\packages\microsoft.openapi\1.6.14\lib\netstandard2.0\Microsoft.OpenApi.dll" to "C:\Projects\QuickStockApi\QuickStock\bin\Debug\net8.0\Microsoft.OpenApi.dll".
         Copying file from "C:\Users\Unknown\.nuget\packages\microsoft.identitymodel.tokens\8.14.0\lib\net8.0\Microsoft.IdentityModel.Tokens.dll" to "C:\Projects\QuickStockApi\QuickStock\bin\Debug\net8.0\Microsoft.IdentityModel.Tokens.dll".
         Copying file from "C:\Users\Unknown\.nuget\packages\mysql.data\9.7.0\lib\net8.0\MySql.Data.dll" to "C:\Projects\QuickStockApi\QuickStock\bin\Debug\net8.0\MySql.Data.dll".
         Copying file from "C:\Users\Unknown\.nuget\packages\mysql.entityframeworkcore\9.0.0\lib\net8.0\MySql.EntityFrameworkCore.dll" to "C:\Projects\QuickStockApi\QuickStock\bin\Debug\net8.0\MySql.EntityFrameworkCore.dll".
         Copying file from "C:\Users\Unknown\.nuget\packages\newtonsoft.json\13.0.4\lib\net6.0\Newtonsoft.Json.dll" to "C:\Projects\QuickStockApi\QuickStock\bin\Debug\net8.0\Newtonsoft.Json.dll".
         Copying file from "C:\Users\Unknown\.nuget\packages\swashbuckle.aspnetcore.swagger\6.6.2\lib\net8.0\Swashbuckle.AspNetCore.Swagger.dll" to "C:\Projects\QuickStockApi\QuickStock\bin\Debug\net8.0\Swashbuckle.AspNetCore.Swagger.dll".
         Copying file from "C:\Users\Unknown\.nuget\packages\swashbuckle.aspnetcore.swaggergen\6.6.2\lib\net8.0\Swashbuckle.AspNetCore.SwaggerGen.dll" to "C:\Projects\QuickStockApi\QuickStock\bin\Debug\net8.0\Swashbuckle.AspNetCore.SwaggerGen.dll".
         Copying file from "C:\Users\Unknown\.nuget\packages\swashbuckle.aspnetcore.swaggerui\6.6.2\lib\net8.0\Swashbuckle.AspNetCore.SwaggerUI.dll" to "C:\Projects\QuickStockApi\QuickStock\bin\Debug\net8.0\Swashbuckle.AspNetCore.SwaggerUI.dll".
         Copying file from "C:\Users\Unknown\.nuget\packages\system.codedom\4.4.0\lib\netstandard2.0\System.CodeDom.dll" to "C:\Projects\QuickStockApi\QuickStock\bin\Debug\net8.0\System.CodeDom.dll".
         Copying file from "C:\Users\Unknown\.nuget\packages\system.composition.attributedmodel\6.0.0\lib\net6.0\System.Composition.AttributedModel.dll" to "C:\Projects\QuickStockApi\QuickStock\bin\Debug\net8.0\System.Composition.AttributedModel.dll".
         Copying file from "C:\Users\Unknown\.nuget\packages\system.composition.convention\6.0.0\lib\net6.0\System.Composition.Convention.dll" to "C:\Projects\QuickStockApi\QuickStock\bin\Debug\net8.0\System.Composition.Convention.dll".
         Copying file from "C:\Users\Unknown\.nuget\packages\system.composition.hosting\6.0.0\lib\net6.0\System.Composition.Hosting.dll" to "C:\Projects\QuickStockApi\QuickStock\bin\Debug\net8.0\System.Composition.Hosting.dll".
         Copying file from "C:\Users\Unknown\.nuget\packages\system.composition.runtime\6.0.0\lib\net6.0\System.Composition.Runtime.dll" to "C:\Projects\QuickStockApi\QuickStock\bin\Debug\net8.0\System.Composition.Runtime.dll".
         Copying file from "C:\Users\Unknown\.nuget\packages\system.composition.typedparts\6.0.0\lib\net6.0\System.Composition.TypedParts.dll" to "C:\Projects\QuickStockApi\QuickStock\bin\Debug\net8.0\System.Composition.TypedParts.dll".
         Copying file from "C:\Users\Unknown\.nuget\packages\system.configuration.configurationmanager\8.0.0\lib\net8.0\System.Configuration.ConfigurationManager.dll" to "C:\Projects\QuickStockApi\QuickStock\bin\Debug\net8.0\System.Configuration.ConfigurationManager.dll".
         Copying file from "C:\Users\Unknown\.nuget\packages\system.identitymodel.tokens.jwt\8.14.0\lib\net8.0\System.IdentityModel.Tokens.Jwt.dll" to "C:\Projects\QuickStockApi\QuickStock\bin\Debug\net8.0\System.IdentityModel.Tokens.Jwt.dll".
         Copying file from "C:\Users\Unknown\.nuget\packages\system.security.cryptography.protecteddata\8.0.0\lib\net8.0\System.Security.Cryptography.ProtectedData.dll" to "C:\Projects\QuickStockApi\QuickStock\bin\Debug\net8.0\System.Security.Cryptography.ProtectedData.dll".
         Copying file from "C:\Users\Unknown\.nuget\packages\system.security.permissions\8.0.0\lib\net8.0\System.Security.Permissions.dll" to "C:\Projects\QuickStockApi\QuickStock\bin\Debug\net8.0\System.Security.Permissions.dll".
         Copying file from "C:\Users\Unknown\.nuget\packages\system.windows.extensions\8.0.0\lib\net8.0\System.Windows.Extensions.dll" to "C:\Projects\QuickStockApi\QuickStock\bin\Debug\net8.0\System.Windows.Extensions.dll".
         Copying file from "C:\Users\Unknown\.nuget\packages\zstdsharp.port\0.8.6\lib\net8.0\ZstdSharp.dll" to "C:\Projects\QuickStockApi\QuickStock\bin\Debug\net8.0\ZstdSharp.dll".
         Copying file from "C:\Users\Unknown\.nuget\packages\microsoft.codeanalysis.common\4.5.0\lib\netcoreapp3.1\cs\Microsoft.CodeAnalysis.resources.dll" to "C:\Projects\QuickStockApi\QuickStock\bin\Debug\net8.0\cs\Microsoft.CodeAnalysis.resources.dll".
         Copying file from "C:\Users\Unknown\.nuget\packages\microsoft.codeanalysis.common\4.5.0\lib\netcoreapp3.1\de\Microsoft.CodeAnalysis.resources.dll" to "C:\Projects\QuickStockApi\QuickStock\bin\Debug\net8.0\de\Microsoft.CodeAnalysis.resources.dll".
         Copying file from "C:\Users\Unknown\.nuget\packages\microsoft.codeanalysis.common\4.5.0\lib\netcoreapp3.1\es\Microsoft.CodeAnalysis.resources.dll" to "C:\Projects\QuickStockApi\QuickStock\bin\Debug\net8.0\es\Microsoft.CodeAnalysis.resources.dll".
         Copying file from "C:\Users\Unknown\.nuget\packages\microsoft.codeanalysis.common\4.5.0\lib\netcoreapp3.1\fr\Microsoft.CodeAnalysis.resources.dll" to "C:\Projects\QuickStockApi\QuickStock\bin\Debug\net8.0\fr\Microsoft.CodeAnalysis.resources.dll".
         Copying file from "C:\Users\Unknown\.nuget\packages\microsoft.codeanalysis.common\4.5.0\lib\netcoreapp3.1\ja\Microsoft.CodeAnalysis.resources.dll" to "C:\Projects\QuickStockApi\QuickStock\bin\Debug\net8.0\ja\Microsoft.CodeAnalysis.resources.dll".
         Copying file from "C:\Users\Unknown\.nuget\packages\microsoft.codeanalysis.common\4.5.0\lib\netcoreapp3.1\it\Microsoft.CodeAnalysis.resources.dll" to "C:\Projects\QuickStockApi\QuickStock\bin\Debug\net8.0\it\Microsoft.CodeAnalysis.resources.dll".
         Copying file from "C:\Users\Unknown\.nuget\packages\microsoft.codeanalysis.common\4.5.0\lib\netcoreapp3.1\ko\Microsoft.CodeAnalysis.resources.dll" to "C:\Projects\QuickStockApi\QuickStock\bin\Debug\net8.0\ko\Microsoft.CodeAnalysis.resources.dll".
         Copying file from "C:\Users\Unknown\.nuget\packages\microsoft.codeanalysis.common\4.5.0\lib\netcoreapp3.1\pl\Microsoft.CodeAnalysis.resources.dll" to "C:\Projects\QuickStockApi\QuickStock\bin\Debug\net8.0\pl\Microsoft.CodeAnalysis.resources.dll".
         Copying file from "C:\Users\Unknown\.nuget\packages\microsoft.codeanalysis.common\4.5.0\lib\netcoreapp3.1\pt-BR\Microsoft.CodeAnalysis.resources.dll" to "C:\Projects\QuickStockApi\QuickStock\bin\Debug\net8.0\pt-BR\Microsoft.CodeAnalysis.resources.dll".
         Copying file from "C:\Users\Unknown\.nuget\packages\microsoft.codeanalysis.common\4.5.0\lib\netcoreapp3.1\ru\Microsoft.CodeAnalysis.resources.dll" to "C:\Projects\QuickStockApi\QuickStock\bin\Debug\net8.0\ru\Microsoft.CodeAnalysis.resources.dll".
         Copying file from "C:\Users\Unknown\.nuget\packages\microsoft.codeanalysis.common\4.5.0\lib\netcoreapp3.1\tr\Microsoft.CodeAnalysis.resources.dll" to "C:\Projects\QuickStockApi\QuickStock\bin\Debug\net8.0\tr\Microsoft.CodeAnalysis.resources.dll".
         Copying file from "C:\Users\Unknown\.nuget\packages\microsoft.codeanalysis.common\4.5.0\lib\netcoreapp3.1\zh-Hans\Microsoft.CodeAnalysis.resources.dll" to "C:\Projects\QuickStockApi\QuickStock\bin\Debug\net8.0\zh-Hans\Microsoft.CodeAnalysis.resources.dll".
         Copying file from "C:\Users\Unknown\.nuget\packages\microsoft.codeanalysis.csharp\4.5.0\lib\netcoreapp3.1\cs\Microsoft.CodeAnalysis.CSharp.resources.dll" to "C:\Projects\QuickStockApi\QuickStock\bin\Debug\net8.0\cs\Microsoft.CodeAnalysis.CSharp.resources.dll".
         Copying file from "C:\Users\Unknown\.nuget\packages\microsoft.codeanalysis.common\4.5.0\lib\netcoreapp3.1\zh-Hant\Microsoft.CodeAnalysis.resources.dll" to "C:\Projects\QuickStockApi\QuickStock\bin\Debug\net8.0\zh-Hant\Microsoft.CodeAnalysis.resources.dll".
         Copying file from "C:\Users\Unknown\.nuget\packages\microsoft.codeanalysis.csharp\4.5.0\lib\netcoreapp3.1\de\Microsoft.CodeAnalysis.CSharp.resources.dll" to "C:\Projects\QuickStockApi\QuickStock\bin\Debug\net8.0\de\Microsoft.CodeAnalysis.CSharp.resources.dll".
         Copying file from "C:\Users\Unknown\.nuget\packages\microsoft.codeanalysis.csharp\4.5.0\lib\netcoreapp3.1\es\Microsoft.CodeAnalysis.CSharp.resources.dll" to "C:\Projects\QuickStockApi\QuickStock\bin\Debug\net8.0\es\Microsoft.CodeAnalysis.CSharp.resources.dll".
         Copying file from "C:\Users\Unknown\.nuget\packages\microsoft.codeanalysis.csharp\4.5.0\lib\netcoreapp3.1\fr\Microsoft.CodeAnalysis.CSharp.resources.dll" to "C:\Projects\QuickStockApi\QuickStock\bin\Debug\net8.0\fr\Microsoft.CodeAnalysis.CSharp.resources.dll".
         Copying file from "C:\Users\Unknown\.nuget\packages\microsoft.codeanalysis.csharp\4.5.0\lib\netcoreapp3.1\it\Microsoft.CodeAnalysis.CSharp.resources.dll" to "C:\Projects\QuickStockApi\QuickStock\bin\Debug\net8.0\it\Microsoft.CodeAnalysis.CSharp.resources.dll".
         Copying file from "C:\Users\Unknown\.nuget\packages\microsoft.codeanalysis.csharp\4.5.0\lib\netcoreapp3.1\ja\Microsoft.CodeAnalysis.CSharp.resources.dll" to "C:\Projects\QuickStockApi\QuickStock\bin\Debug\net8.0\ja\Microsoft.CodeAnalysis.CSharp.resources.dll".
         Copying file from "C:\Users\Unknown\.nuget\packages\microsoft.codeanalysis.csharp\4.5.0\lib\netcoreapp3.1\pl\Microsoft.CodeAnalysis.CSharp.resources.dll" to "C:\Projects\QuickStockApi\QuickStock\bin\Debug\net8.0\pl\Microsoft.CodeAnalysis.CSharp.resources.dll".
         Copying file from "C:\Users\Unknown\.nuget\packages\microsoft.codeanalysis.csharp\4.5.0\lib\netcoreapp3.1\ko\Microsoft.CodeAnalysis.CSharp.resources.dll" to "C:\Projects\QuickStockApi\QuickStock\bin\Debug\net8.0\ko\Microsoft.CodeAnalysis.CSharp.resources.dll".
         Copying file from "C:\Users\Unknown\.nuget\packages\microsoft.codeanalysis.csharp\4.5.0\lib\netcoreapp3.1\pt-BR\Microsoft.CodeAnalysis.CSharp.resources.dll" to "C:\Projects\QuickStockApi\QuickStock\bin\Debug\net8.0\pt-BR\Microsoft.CodeAnalysis.CSharp.resources.dll".
         Copying file from "C:\Users\Unknown\.nuget\packages\microsoft.codeanalysis.csharp\4.5.0\lib\netcoreapp3.1\ru\Microsoft.CodeAnalysis.CSharp.resources.dll" to "C:\Projects\QuickStockApi\QuickStock\bin\Debug\net8.0\ru\Microsoft.CodeAnalysis.CSharp.resources.dll".
         Copying file from "C:\Users\Unknown\.nuget\packages\microsoft.codeanalysis.csharp\4.5.0\lib\netcoreapp3.1\tr\Microsoft.CodeAnalysis.CSharp.resources.dll" to "C:\Projects\QuickStockApi\QuickStock\bin\Debug\net8.0\tr\Microsoft.CodeAnalysis.CSharp.resources.dll".
         Copying file from "C:\Users\Unknown\.nuget\packages\microsoft.codeanalysis.csharp\4.5.0\lib\netcoreapp3.1\zh-Hans\Microsoft.CodeAnalysis.CSharp.resources.dll" to "C:\Projects\QuickStockApi\QuickStock\bin\Debug\net8.0\zh-Hans\Microsoft.CodeAnalysis.CSharp.resources.dll".
         Copying file from "C:\Users\Unknown\.nuget\packages\microsoft.codeanalysis.csharp\4.5.0\lib\netcoreapp3.1\zh-Hant\Microsoft.CodeAnalysis.CSharp.resources.dll" to "C:\Projects\QuickStockApi\QuickStock\bin\Debug\net8.0\zh-Hant\Microsoft.CodeAnalysis.CSharp.resources.dll".
         Copying file from "C:\Users\Unknown\.nuget\packages\microsoft.codeanalysis.csharp.workspaces\4.5.0\lib\netcoreapp3.1\de\Microsoft.CodeAnalysis.CSharp.Workspaces.resources.dll" to "C:\Projects\QuickStockApi\QuickStock\bin\Debug\net8.0\de\Microsoft.CodeAnalysis.CSharp.Workspaces.resources.dll".
         Copying file from "C:\Users\Unknown\.nuget\packages\microsoft.codeanalysis.csharp.workspaces\4.5.0\lib\netcoreapp3.1\cs\Microsoft.CodeAnalysis.CSharp.Workspaces.resources.dll" to "C:\Projects\QuickStockApi\QuickStock\bin\Debug\net8.0\cs\Microsoft.CodeAnalysis.CSharp.Workspaces.resources.dll".
         Copying file from "C:\Users\Unknown\.nuget\packages\microsoft.codeanalysis.csharp.workspaces\4.5.0\lib\netcoreapp3.1\es\Microsoft.CodeAnalysis.CSharp.Workspaces.resources.dll" to "C:\Projects\QuickStockApi\QuickStock\bin\Debug\net8.0\es\Microsoft.CodeAnalysis.CSharp.Workspaces.resources.dll".
         Copying file from "C:\Users\Unknown\.nuget\packages\microsoft.codeanalysis.csharp.workspaces\4.5.0\lib\netcoreapp3.1\fr\Microsoft.CodeAnalysis.CSharp.Workspaces.resources.dll" to "C:\Projects\QuickStockApi\QuickStock\bin\Debug\net8.0\fr\Microsoft.CodeAnalysis.CSharp.Workspaces.resources.dll".
         Copying file from "C:\Users\Unknown\.nuget\packages\microsoft.codeanalysis.csharp.workspaces\4.5.0\lib\netcoreapp3.1\it\Microsoft.CodeAnalysis.CSharp.Workspaces.resources.dll" to "C:\Projects\QuickStockApi\QuickStock\bin\Debug\net8.0\it\Microsoft.CodeAnalysis.CSharp.Workspaces.resources.dll".
         Copying file from "C:\Users\Unknown\.nuget\packages\microsoft.codeanalysis.csharp.workspaces\4.5.0\lib\netcoreapp3.1\ja\Microsoft.CodeAnalysis.CSharp.Workspaces.resources.dll" to "C:\Projects\QuickStockApi\QuickStock\bin\Debug\net8.0\ja\Microsoft.CodeAnalysis.CSharp.Workspaces.resources.dll".
         Copying file from "C:\Users\Unknown\.nuget\packages\microsoft.codeanalysis.csharp.workspaces\4.5.0\lib\netcoreapp3.1\ko\Microsoft.CodeAnalysis.CSharp.Workspaces.resources.dll" to "C:\Projects\QuickStockApi\QuickStock\bin\Debug\net8.0\ko\Microsoft.CodeAnalysis.CSharp.Workspaces.resources.dll".
         Copying file from "C:\Users\Unknown\.nuget\packages\microsoft.codeanalysis.csharp.workspaces\4.5.0\lib\netcoreapp3.1\pl\Microsoft.CodeAnalysis.CSharp.Workspaces.resources.dll" to "C:\Projects\QuickStockApi\QuickStock\bin\Debug\net8.0\pl\Microsoft.CodeAnalysis.CSharp.Workspaces.resources.dll".
         Copying file from "C:\Users\Unknown\.nuget\packages\microsoft.codeanalysis.csharp.workspaces\4.5.0\lib\netcoreapp3.1\pt-BR\Microsoft.CodeAnalysis.CSharp.Workspaces.resources.dll" to "C:\Projects\QuickStockApi\QuickStock\bin\Debug\net8.0\pt-BR\Microsoft.CodeAnalysis.CSharp.Workspaces.resources.dll".
         Copying file from "C:\Users\Unknown\.nuget\packages\microsoft.codeanalysis.csharp.workspaces\4.5.0\lib\netcoreapp3.1\tr\Microsoft.CodeAnalysis.CSharp.Workspaces.resources.dll" to "C:\Projects\QuickStockApi\QuickStock\bin\Debug\net8.0\tr\Microsoft.CodeAnalysis.CSharp.Workspaces.resources.dll".
         Copying file from "C:\Users\Unknown\.nuget\packages\microsoft.codeanalysis.csharp.workspaces\4.5.0\lib\netcoreapp3.1\ru\Microsoft.CodeAnalysis.CSharp.Workspaces.resources.dll" to "C:\Projects\QuickStockApi\QuickStock\bin\Debug\net8.0\ru\Microsoft.CodeAnalysis.CSharp.Workspaces.resources.dll".
         Copying file from "C:\Users\Unknown\.nuget\packages\microsoft.codeanalysis.csharp.workspaces\4.5.0\lib\netcoreapp3.1\zh-Hans\Microsoft.CodeAnalysis.CSharp.Workspaces.resources.dll" to "C:\Projects\QuickStockApi\QuickStock\bin\Debug\net8.0\zh-Hans\Microsoft.CodeAnalysis.CSharp.Workspaces.resources.dll".
         Copying file from "C:\Users\Unknown\.nuget\packages\microsoft.codeanalysis.csharp.workspaces\4.5.0\lib\netcoreapp3.1\zh-Hant\Microsoft.CodeAnalysis.CSharp.Workspaces.resources.dll" to "C:\Projects\QuickStockApi\QuickStock\bin\Debug\net8.0\zh-Hant\Microsoft.CodeAnalysis.CSharp.Workspaces.resources.dll".
         Copying file from "C:\Users\Unknown\.nuget\packages\microsoft.codeanalysis.workspaces.common\4.5.0\lib\netcoreapp3.1\cs\Microsoft.CodeAnalysis.Workspaces.resources.dll" to "C:\Projects\QuickStockApi\QuickStock\bin\Debug\net8.0\cs\Microsoft.CodeAnalysis.Workspaces.resources.dll".
         Copying file from "C:\Users\Unknown\.nuget\packages\microsoft.codeanalysis.workspaces.common\4.5.0\lib\netcoreapp3.1\de\Microsoft.CodeAnalysis.Workspaces.resources.dll" to "C:\Projects\QuickStockApi\QuickStock\bin\Debug\net8.0\de\Microsoft.CodeAnalysis.Workspaces.resources.dll".
         Copying file from "C:\Users\Unknown\.nuget\packages\microsoft.codeanalysis.workspaces.common\4.5.0\lib\netcoreapp3.1\es\Microsoft.CodeAnalysis.Workspaces.resources.dll" to "C:\Projects\QuickStockApi\QuickStock\bin\Debug\net8.0\es\Microsoft.CodeAnalysis.Workspaces.resources.dll".
         Copying file from "C:\Users\Unknown\.nuget\packages\microsoft.codeanalysis.workspaces.common\4.5.0\lib\netcoreapp3.1\fr\Microsoft.CodeAnalysis.Workspaces.resources.dll" to "C:\Projects\QuickStockApi\QuickStock\bin\Debug\net8.0\fr\Microsoft.CodeAnalysis.Workspaces.resources.dll".
         Copying file from "C:\Users\Unknown\.nuget\packages\microsoft.codeanalysis.workspaces.common\4.5.0\lib\netcoreapp3.1\it\Microsoft.CodeAnalysis.Workspaces.resources.dll" to "C:\Projects\QuickStockApi\QuickStock\bin\Debug\net8.0\it\Microsoft.CodeAnalysis.Workspaces.resources.dll".
         Copying file from "C:\Users\Unknown\.nuget\packages\microsoft.codeanalysis.workspaces.common\4.5.0\lib\netcoreapp3.1\ja\Microsoft.CodeAnalysis.Workspaces.resources.dll" to "C:\Projects\QuickStockApi\QuickStock\bin\Debug\net8.0\ja\Microsoft.CodeAnalysis.Workspaces.resources.dll".
         Copying file from "C:\Users\Unknown\.nuget\packages\microsoft.codeanalysis.workspaces.common\4.5.0\lib\netcoreapp3.1\ko\Microsoft.CodeAnalysis.Workspaces.resources.dll" to "C:\Projects\QuickStockApi\QuickStock\bin\Debug\net8.0\ko\Microsoft.CodeAnalysis.Workspaces.resources.dll".
         Copying file from "C:\Users\Unknown\.nuget\packages\microsoft.codeanalysis.workspaces.common\4.5.0\lib\netcoreapp3.1\pl\Microsoft.CodeAnalysis.Workspaces.resources.dll" to "C:\Projects\QuickStockApi\QuickStock\bin\Debug\net8.0\pl\Microsoft.CodeAnalysis.Workspaces.resources.dll".
         Copying file from "C:\Users\Unknown\.nuget\packages\microsoft.codeanalysis.workspaces.common\4.5.0\lib\netcoreapp3.1\pt-BR\Microsoft.CodeAnalysis.Workspaces.resources.dll" to "C:\Projects\QuickStockApi\QuickStock\bin\Debug\net8.0\pt-BR\Microsoft.CodeAnalysis.Workspaces.resources.dll".
         Copying file from "C:\Users\Unknown\.nuget\packages\microsoft.codeanalysis.workspaces.common\4.5.0\lib\netcoreapp3.1\ru\Microsoft.CodeAnalysis.Workspaces.resources.dll" to "C:\Projects\QuickStockApi\QuickStock\bin\Debug\net8.0\ru\Microsoft.CodeAnalysis.Workspaces.resources.dll".
         Copying file from "C:\Users\Unknown\.nuget\packages\microsoft.codeanalysis.workspaces.common\4.5.0\lib\netcoreapp3.1\tr\Microsoft.CodeAnalysis.Workspaces.resources.dll" to "C:\Projects\QuickStockApi\QuickStock\bin\Debug\net8.0\tr\Microsoft.CodeAnalysis.Workspaces.resources.dll".
         Copying file from "C:\Users\Unknown\.nuget\packages\microsoft.codeanalysis.workspaces.common\4.5.0\lib\netcoreapp3.1\zh-Hant\Microsoft.CodeAnalysis.Workspaces.resources.dll" to "C:\Projects\QuickStockApi\QuickStock\bin\Debug\net8.0\zh-Hant\Microsoft.CodeAnalysis.Workspaces.resources.dll".
         Copying file from "C:\Users\Unknown\.nuget\packages\microsoft.codeanalysis.workspaces.common\4.5.0\lib\netcoreapp3.1\zh-Hans\Microsoft.CodeAnalysis.Workspaces.resources.dll" to "C:\Projects\QuickStockApi\QuickStock\bin\Debug\net8.0\zh-Hans\Microsoft.CodeAnalysis.Workspaces.resources.dll".
         Copying file from "C:\Users\Unknown\.nuget\packages\mysql.data\9.7.0\runtimes\win-x64\native\comerr64.dll" to "C:\Projects\QuickStockApi\QuickStock\bin\Debug\net8.0\runtimes\win-x64\native\comerr64.dll".
         Copying file from "C:\Users\Unknown\.nuget\packages\mysql.data\9.7.0\runtimes\win-x64\native\gssapi64.dll" to "C:\Projects\QuickStockApi\QuickStock\bin\Debug\net8.0\runtimes\win-x64\native\gssapi64.dll".
         Copying file from "C:\Users\Unknown\.nuget\packages\mysql.data\9.7.0\runtimes\win-x64\native\k5sprt64.dll" to "C:\Projects\QuickStockApi\QuickStock\bin\Debug\net8.0\runtimes\win-x64\native\k5sprt64.dll".
         Copying file from "C:\Users\Unknown\.nuget\packages\mysql.data\9.7.0\runtimes\win-x64\native\krb5_64.dll" to "C:\Projects\QuickStockApi\QuickStock\bin\Debug\net8.0\runtimes\win-x64\native\krb5_64.dll".
         Copying file from "C:\Users\Unknown\.nuget\packages\mysql.data\9.7.0\runtimes\win-x64\native\krbcc64.dll" to "C:\Projects\QuickStockApi\QuickStock\bin\Debug\net8.0\runtimes\win-x64\native\krbcc64.dll".
         Copying file from "C:\Users\Unknown\.nuget\packages\system.windows.extensions\8.0.0\runtimes\win\lib\net8.0\System.Windows.Extensions.dll" to "C:\Projects\QuickStockApi\QuickStock\bin\Debug\net8.0\runtimes\win\lib\net8.0\System.Windows.Extensions.dll".
       Done executing task "Copy".
       Task "Touch"
         Creating "C:\Projects\QuickStockApi\QuickStock\obj\Debug\net8.0\QuickStock.csproj.Up2Date" because "AlwaysCreate" was specified.
         Touching "C:\Projects\QuickStockApi\QuickStock\obj\Debug\net8.0\QuickStock.csproj.Up2Date".
       Done executing task "Touch".
   2:6>Done building target "_CopyFilesMarkedCopyLocal" in project "QuickStock.csproj".
       Target "AssignTargetPaths" skipped. Previously built successfully.
       Target "AssignProjectConfiguration" skipped. Previously built successfully.
       Target "_SplitProjectReferencesByFileExistence" skipped. Previously built successfully.
       Target "_GetProjectReferenceTargetFrameworkProperties" skipped. Previously built successfully.
   2:6>Target "_PopulateCommonStateForGetCopyToOutputDirectoryItems" in file "C:\Program Files\dotnet\sdk\9.0.313\Microsoft.Common.CurrentVersion.targets" from project "C:\Projects\QuickStockApi\QuickStock\QuickStock.csproj" (target "GetCopyToOutputDirectoryItems" depends on it):
   2:6>Done building target "_PopulateCommonStateForGetCopyToOutputDirectoryItems" in project "QuickStock.csproj".
       Target "ResolveStaticWebAssetsConfiguration" skipped. Previously built successfully.
   2:6>Target "AddStaticWebAssetsManifest" in file "C:\Program Files\dotnet\sdk\9.0.313\Sdks\Microsoft.NET.Sdk.StaticWebAssets\targets\Microsoft.NET.Sdk.StaticWebAssets.targets" from project "C:\Projects\QuickStockApi\QuickStock\QuickStock.csproj" (target "GetCopyToOutputDirectoryItems" depends on it):
   2:6>Done building target "AddStaticWebAssetsManifest" in project "QuickStock.csproj".
       Target "ResolveStaticWebAssetsConfiguration" skipped. Previously built successfully.
   2:6>Target "AddStaticWebAssetEndpointsBuildManifest" in file "C:\Program Files\dotnet\sdk\9.0.313\Sdks\Microsoft.NET.Sdk.StaticWebAssets\targets\Microsoft.NET.Sdk.StaticWebAssets.targets" from project "C:\Projects\QuickStockApi\QuickStock\QuickStock.csproj" (target "GetCopyToOutputDirectoryItems" depends on it):
   2:6>Done building target "AddStaticWebAssetEndpointsBuildManifest" in project "QuickStock.csproj".
   2:6>Target "AddDepsJsonAndRuntimeConfigToCopyItemsForReferencingProjects" in file "C:\Program Files\dotnet\sdk\9.0.313\Sdks\Microsoft.NET.Sdk\targets\Microsoft.NET.Sdk.targets" from project "C:\Projects\QuickStockApi\QuickStock\QuickStock.csproj" (target "GetCopyToOutputDirectoryItems" depends on it):
   2:6>Done building target "AddDepsJsonAndRuntimeConfigToCopyItemsForReferencingProjects" in project "QuickStock.csproj".
   2:6>Target "GetCopyToOutputDirectoryItems" in file "C:\Program Files\dotnet\sdk\9.0.313\Microsoft.Common.CurrentVersion.targets" from project "C:\Projects\QuickStockApi\QuickStock\QuickStock.csproj" (target "_CopySourceItemsToOutputDirectory" depends on it):
       Using "CallTarget" task from assembly "Microsoft.Build.Tasks.Core, Version=15.1.0.0, Culture=neutral, PublicKeyToken=b03f5f7f11d50a3a".
       Task "CallTarget"
       Target "_PopulateCommonStateForGetCopyToOutputDirectoryItems" skipped. Previously built successfully.
       Target "_AddOutputPathToGlobalPropertiesToRemove" skipped. Previously built successfully.
   2:6>Target "_GetCopyToOutputDirectoryItemsFromTransitiveProjectReferences" in file "C:\Program Files\dotnet\sdk\9.0.313\Microsoft.Common.CurrentVersion.targets" from project "C:\Projects\QuickStockApi\QuickStock\QuickStock.csproj" (target "GetCopyToOutputDirectoryItems" depends on it):
       Task "MSBuild" skipped, due to false condition; ('@(_MSBuildProjectReferenceExistent)' != '' and '$(_GetChildProjectCopyToOutputDirectoryItems)' == 'true' and '%(_MSBuildProjectReferenceExistent.Private)' != 'false' and '$(UseCommonOutputDirectory)' != 'true') was evaluated as ('' != '' and 'true' == 'true' and '' != 'false' and 'false' != 'true').
       Task "AssignTargetPath"
       Done executing task "AssignTargetPath".
   2:6>Done building target "_GetCopyToOutputDirectoryItemsFromTransitiveProjectReferences" in project "QuickStock.csproj".
       Done executing task "CallTarget".
       Task "CallTarget"
       Target "AssignTargetPaths" skipped. Previously built successfully.
       Target "_PopulateCommonStateForGetCopyToOutputDirectoryItems" skipped. Previously built successfully.
   2:6>Target "_GetCopyToOutputDirectoryItemsFromThisProject" in file "C:\Program Files\dotnet\sdk\9.0.313\Microsoft.Common.CurrentVersion.targets" from project "C:\Projects\QuickStockApi\QuickStock\QuickStock.csproj" (target "GetCopyToOutputDirectoryItems" depends on it):
       Task "AssignTargetPath"
       Done executing task "AssignTargetPath".
   2:6>Done building target "_GetCopyToOutputDirectoryItemsFromThisProject" in project "QuickStock.csproj".
       Done executing task "CallTarget".
   2:6>Done building target "GetCopyToOutputDirectoryItems" in project "QuickStock.csproj".
   2:6>Target "_CopyOutOfDateSourceItemsToOutputDirectory" in file "C:\Program Files\dotnet\sdk\9.0.313\Microsoft.Common.CurrentVersion.targets" from project "C:\Projects\QuickStockApi\QuickStock\QuickStock.csproj" (target "_CopySourceItemsToOutputDirectory" depends on it):
       Building target "_CopyOutOfDateSourceItemsToOutputDirectory" completely.
       Output file "bin\Debug\net8.0\appsettings.Development.json" does not exist.
       Output file "bin\Debug\net8.0\appsettings.json" does not exist.
       Output file "bin\Debug\net8.0\QuickStock.staticwebassets.runtime.json" does not exist.
       Output file "bin\Debug\net8.0\QuickStock.staticwebassets.endpoints.json" does not exist.
       Output file "bin\Debug\net8.0\QuickStock.exe" does not exist.
       Task "Copy"
         Copying file from "C:\Projects\QuickStockApi\QuickStock\obj\Debug\net8.0\apphost.exe" to "C:\Projects\QuickStockApi\QuickStock\bin\Debug\net8.0\QuickStock.exe".
         Copying file from "C:\Projects\QuickStockApi\QuickStock\obj\Debug\net8.0\staticwebassets.development.json" to "C:\Projects\QuickStockApi\QuickStock\bin\Debug\net8.0\QuickStock.staticwebassets.runtime.json".
         Copying file from "C:\Projects\QuickStockApi\QuickStock\obj\Debug\net8.0\staticwebassets.build.endpoints.json" to "C:\Projects\QuickStockApi\QuickStock\bin\Debug\net8.0\QuickStock.staticwebassets.endpoints.json".
         Copying file from "C:\Projects\QuickStockApi\QuickStock\appsettings.json" to "C:\Projects\QuickStockApi\QuickStock\bin\Debug\net8.0\appsettings.json".
         Copying file from "C:\Projects\QuickStockApi\QuickStock\appsettings.Development.json" to "C:\Projects\QuickStockApi\QuickStock\bin\Debug\net8.0\appsettings.Development.json".
       Done executing task "Copy".
   2:6>Done building target "_CopyOutOfDateSourceItemsToOutputDirectory" in project "QuickStock.csproj".
       Target "_CopyOutOfDateSourceItemsToOutputDirectoryAlways" skipped, due to false condition; ( '@(_SourceItemsToCopyToOutputDirectoryAlways)' != '' ) was evaluated as ( '' != '' ).
       Target "_CopyDifferingSourceItemsToOutputDirectory" skipped, due to false condition; ( '@(_SourceItemsToCopyToOutputDirectoryIfDifferent)' != '' ) was evaluated as ( '' != '' ).
   2:6>Target "_CopySourceItemsToOutputDirectory" in file "C:\Program Files\dotnet\sdk\9.0.313\Microsoft.Common.CurrentVersion.targets" from project "C:\Projects\QuickStockApi\QuickStock\QuickStock.csproj" (target "CopyFilesToOutputDirectory" depends on it):
   2:6>Done building target "_CopySourceItemsToOutputDirectory" in project "QuickStock.csproj".
       Target "_CopyAppConfigFile" skipped, due to false condition; ( '@(AppConfigWithTargetPath)' != '' ) was evaluated as ( '' != '' ).
       Target "_CopyManifestFiles" skipped, due to false condition; ( '$(_DeploymentCopyApplicationManifest)'=='true' or '$(GenerateClickOnceManifests)'=='true' ) was evaluated as ( ''=='true' or ''=='true' ).
   2:6>Target "_CheckForCompileOutputs" in file "C:\Program Files\dotnet\sdk\9.0.313\Microsoft.Common.CurrentVersion.targets" from project "C:\Projects\QuickStockApi\QuickStock\QuickStock.csproj" (target "CopyFilesToOutputDirectory" depends on it):
   2:6>Done building target "_CheckForCompileOutputs" in project "QuickStock.csproj".
       Target "_SGenCheckForOutputs" skipped, due to false condition; ('$(_SGenGenerateSerializationAssembliesConfig)' == 'On' or ('@(WebReferenceUrl)'!='' and '$(_SGenGenerateSerializationAssembliesConfig)' == 'Auto')) was evaluated as ('Off' == 'On' or (''!='' and 'Off' == 'Auto')).
       Target "_DefaultMicrosoftNETPlatformLibrary" skipped. Previously built successfully.
       Target "_HandlePackageFileConflicts" skipped. Previously built successfully.
       Target "ResolveAssemblyReferences" skipped. Previously built successfully.
   2:6>Target "_ComputeReferenceAssemblies" in file "C:\Program Files\dotnet\sdk\9.0.313\Sdks\Microsoft.NET.Sdk\targets\Microsoft.NET.Sdk.targets" from project "C:\Projects\QuickStockApi\QuickStock\QuickStock.csproj" (target "GenerateBuildDependencyFile" depends on it):
   2:6>Done building target "_ComputeReferenceAssemblies" in project "QuickStock.csproj".
   2:6>Target "_ComputeUserRuntimeAssemblies" in file "C:\Program Files\dotnet\sdk\9.0.313\Sdks\Microsoft.NET.Sdk\targets\Microsoft.NET.Sdk.targets" from project "C:\Projects\QuickStockApi\QuickStock\QuickStock.csproj" (target "GenerateBuildDependencyFile" depends on it):
   2:6>Done building target "_ComputeUserRuntimeAssemblies" in project "QuickStock.csproj".
       Target "ResolveRuntimePackAssets" skipped, due to false condition; ('@(RuntimePack)' != '') was evaluated as ('' != '').
       Target "_ComputePackageReferencePublish" skipped. Previously built successfully.
       Target "ComputeDependencyFileCompilerOptions" skipped, due to false condition; ('$(PreserveCompilationContext)' == 'true') was evaluated as ('' == 'true').
   2:6>Target "GenerateBuildDependencyFile" in file "C:\Program Files\dotnet\sdk\9.0.313\Sdks\Microsoft.NET.Sdk\targets\Microsoft.NET.Sdk.targets" from project "C:\Projects\QuickStockApi\QuickStock\QuickStock.csproj" (target "CopyFilesToOutputDirectory" depends on it):
       Building target "GenerateBuildDependencyFile" completely.
       Output file "C:\Projects\QuickStockApi\QuickStock\bin\Debug\net8.0\QuickStock.deps.json" does not exist.
       Using "GenerateDepsFile" task from assembly "C:\Program Files\dotnet\sdk\9.0.313\Sdks\Microsoft.NET.Sdk\targets\..\tools\net9.0\Microsoft.NET.Build.Tasks.dll".
       Task "GenerateDepsFile"
       Done executing task "GenerateDepsFile".
   2:6>Done building target "GenerateBuildDependencyFile" in project "QuickStock.csproj".
       Target "_DefaultMicrosoftNETPlatformLibrary" skipped. Previously built successfully.
   2:6>Target "_GenerateRuntimeConfigurationFilesInputCache" in file "C:\Program Files\dotnet\sdk\9.0.313\Sdks\Microsoft.NET.Sdk\targets\Microsoft.NET.Sdk.targets" from project "C:\Projects\QuickStockApi\QuickStock\QuickStock.csproj" (target "GenerateBuildRuntimeConfigurationFiles" depends on it):
       Task "Hash"
       Done executing task "Hash".
       Task "WriteLinesToFile"
       Done executing task "WriteLinesToFile".
   2:6>Done building target "_GenerateRuntimeConfigurationFilesInputCache" in project "QuickStock.csproj".
   2:6>Target "GenerateBuildRuntimeConfigurationFiles" in file "C:\Program Files\dotnet\sdk\9.0.313\Sdks\Microsoft.NET.Sdk\targets\Microsoft.NET.Sdk.targets" from project "C:\Projects\QuickStockApi\QuickStock\QuickStock.csproj" (target "CopyFilesToOutputDirectory" depends on it):
       Building target "GenerateBuildRuntimeConfigurationFiles" completely.
       Output file "C:\Projects\QuickStockApi\QuickStock\bin\Debug\net8.0\QuickStock.runtimeconfig.json" does not exist.
       Task "NETSdkError" skipped, due to false condition; ('$(RollForward)' != '' and '$(RollForward)' != 'Major' and '$(RollForward)' != 'LatestMajor' and '$(_IsRollForwardSupported)' != 'true') was evaluated as ('' != '' and '' != 'Major' and '' != 'LatestMajor' and 'true' != 'true').
       Using "GenerateRuntimeConfigurationFiles" task from assembly "C:\Program Files\dotnet\sdk\9.0.313\Sdks\Microsoft.NET.Sdk\targets\..\tools\net9.0\Microsoft.NET.Build.Tasks.dll".
       Task "GenerateRuntimeConfigurationFiles"
       Done executing task "GenerateRuntimeConfigurationFiles".
   2:6>Done building target "GenerateBuildRuntimeConfigurationFiles" in project "QuickStock.csproj".
       Target "GenerateShimsAssets" skipped, due to false condition; ('$(PackAsTool)' == 'true' and $(PackAsToolShimRuntimeIdentifiers) != '' ) was evaluated as ('' == 'true' and  != '' ).
   2:6>Target "CopyFilesToOutputDirectory" in file "C:\Program Files\dotnet\sdk\9.0.313\Microsoft.Common.CurrentVersion.targets" from project "C:\Projects\QuickStockApi\QuickStock\QuickStock.csproj" (target "PrepareForRun" depends on it):
       Task "Copy"
         Copying file from "C:\Projects\QuickStockApi\QuickStock\obj\Debug\net8.0\QuickStock.dll" to "C:\Projects\QuickStockApi\QuickStock\bin\Debug\net8.0\QuickStock.dll".
       Done executing task "Copy".
       Using "CopyRefAssembly" task from assembly "C:\Program Files\dotnet\sdk\9.0.313\Roslyn\Microsoft.Build.Tasks.CodeAnalysis.dll".
       Task "CopyRefAssembly"
         Copying reference assembly from "obj\Debug\net8.0\refint\QuickStock.dll" to "C:\Projects\QuickStockApi\QuickStock\obj\Debug\net8.0\ref\QuickStock.dll".
       Done executing task "CopyRefAssembly".
       Task "Message"
         QuickStock -> C:\Projects\QuickStockApi\QuickStock\bin\Debug\net8.0\QuickStock.dll
       Done executing task "Message".
       Task "Copy" skipped, due to false condition; ('@(AddModules)' != '') was evaluated as ('' != '').
       Task "Copy" skipped, due to false condition; ('$(_SGenDllCreated)'=='true') was evaluated as ('false'=='true').
       Task "Copy"
         Copying file from "C:\Projects\QuickStockApi\QuickStock\obj\Debug\net8.0\QuickStock.pdb" to "C:\Projects\QuickStockApi\QuickStock\bin\Debug\net8.0\QuickStock.pdb".
       Done executing task "Copy".
       Task "Copy" skipped, due to false condition; ('$(_DocumentationFileProduced)'=='true' and '$(CopyDocumentationFileToOutputDirectory)'=='true') was evaluated as ('false'=='true' and 'true'=='true').
       Task "Copy" skipped, due to false condition; ('@(IntermediateSatelliteAssembliesWithTargetPath)' != '') was evaluated as ('' != '').
       Task "Copy" skipped, due to false condition; ('@(ReferenceComWrappersToCopyLocal)' != '' or '@(ResolvedIsolatedComModules)' != '' or '@(_DeploymentLooseManifestFile)' != '' or '@(NativeReferenceFile)' != '' ) was evaluated as ('' != '' or '' != '' or '' != '' or '' != '' ).
       Task "Copy" skipped, due to false condition; ('$(SkipCopyWinMDArtifact)' != 'true' and '@(WinMDExpArtifacts)' != '') was evaluated as ('' != 'true' and '' != '').
       Task "Message" skipped, due to false condition; ('$(SkipCopyWinMDArtifact)' != 'true' and '$(_WindowsMetadataOutputPath)' != '') was evaluated as ('' != 'true' and '' != '').
   2:6>Done building target "CopyFilesToOutputDirectory" in project "QuickStock.csproj".
       Target "_CopyReferenceOnlyAssembliesForBuild" skipped, due to false condition; ('$(PreserveCompilationReferences)' == 'true') was evaluated as ('' == 'true').
   2:6>Target "PrepareForRun" in file "C:\Program Files\dotnet\sdk\9.0.313\Microsoft.Common.CurrentVersion.targets" from project "C:\Projects\QuickStockApi\QuickStock\QuickStock.csproj" (target "CoreBuild" depends on it):
   2:6>Done building target "PrepareForRun" in project "QuickStock.csproj".
       Target "UnmanagedRegistration" skipped, due to false condition; ('$(RegisterForComInterop)'=='true' and '$(OutputType)'=='library') was evaluated as (''=='true' and 'Exe'=='library').
       Target "_CheckForCompileOutputs" skipped. Previously built successfully.
       Target "_SGenCheckForOutputs" skipped, due to false condition; ('$(_SGenGenerateSerializationAssembliesConfig)' == 'On' or ('@(WebReferenceUrl)'!='' and '$(_SGenGenerateSerializationAssembliesConfig)' == 'Auto')) was evaluated as ('Off' == 'On' or (''!='' and 'Off' == 'Auto')).
   2:6>Target "_CleanGetCurrentAndPriorFileWrites" in file "C:\Program Files\dotnet\sdk\9.0.313\Microsoft.Common.CurrentVersion.targets" from project "C:\Projects\QuickStockApi\QuickStock\QuickStock.csproj" (target "IncrementalClean" depends on it):
       Using "ReadLinesFromFile" task from assembly "Microsoft.Build.Tasks.Core, Version=15.1.0.0, Culture=neutral, PublicKeyToken=b03f5f7f11d50a3a".
       Task "ReadLinesFromFile"
       Done executing task "ReadLinesFromFile".
       Task "ConvertToAbsolutePath"
       Done executing task "ConvertToAbsolutePath".
       Using "FindUnderPath" task from assembly "Microsoft.Build.Tasks.Core, Version=15.1.0.0, Culture=neutral, PublicKeyToken=b03f5f7f11d50a3a".
       Task "FindUnderPath"
         Comparison path is "C:\Projects\QuickStockApi\QuickStock".
       Done executing task "FindUnderPath".
       Task "FindUnderPath"
         Comparison path is "bin\Debug\net8.0\".
       Done executing task "FindUnderPath".
       Task "FindUnderPath"
         Comparison path is "obj\Debug\net8.0\".
       Done executing task "FindUnderPath".
       Task "RemoveDuplicates"
       Done executing task "RemoveDuplicates".
   2:6>Done building target "_CleanGetCurrentAndPriorFileWrites" in project "QuickStock.csproj".
   2:6>Target "IncrementalClean" in file "C:\Program Files\dotnet\sdk\9.0.313\Microsoft.Common.CurrentVersion.targets" from project "C:\Projects\QuickStockApi\QuickStock\QuickStock.csproj" (target "CoreBuild" depends on it):
       Task "FindUnderPath"
         Comparison path is "bin\Debug\net8.0\".
       Done executing task "FindUnderPath".
       Task "FindUnderPath"
         Comparison path is "obj\Debug\net8.0\".
       Done executing task "FindUnderPath".
       Using "Delete" task from assembly "Microsoft.Build.Tasks.Core, Version=15.1.0.0, Culture=neutral, PublicKeyToken=b03f5f7f11d50a3a".
       Task "Delete"
       Done executing task "Delete".
       Task "RemoveDuplicates"
       Done executing task "RemoveDuplicates".
       Task "WriteLinesToFile"
       Done executing task "WriteLinesToFile".
   2:6>Done building target "IncrementalClean" in project "QuickStock.csproj".
       Target "PostBuildEvent" skipped, due to false condition; ('$(PostBuildEvent)' != '' and ('$(RunPostBuildEvent)' != 'OnOutputUpdated' or '$(_AssemblyTimestampBeforeCompile)' != '$(_AssemblyTimestampAfterCompile)')) was evaluated as ('' != '' and ('' != 'OnOutputUpdated' or '' != '')).
       Target "GenerateBuildDependencyFile" skipped. Previously built successfully.
       Target "GenerateBuildRuntimeConfigurationFiles" skipped. Previously built successfully.
   2:6>Target "CoreBuild" in file "C:\Program Files\dotnet\sdk\9.0.313\Microsoft.Common.CurrentVersion.targets" from project "C:\Projects\QuickStockApi\QuickStock\QuickStock.csproj" (target "Build" depends on it):
   2:6>Done building target "CoreBuild" in project "QuickStock.csproj".
   2:6>Target "AfterBuild" in file "C:\Program Files\dotnet\sdk\9.0.313\Microsoft.Common.CurrentVersion.targets" from project "C:\Projects\QuickStockApi\QuickStock\QuickStock.csproj" (target "Build" depends on it):
   2:6>Done building target "AfterBuild" in project "QuickStock.csproj".
       Target "_CheckBrowserWorkloadNeededButNotAvailable" skipped, due to false condition; ('$(RuntimeIdentifier)' == 'browser-wasm' and '$(_BrowserWorkloadDisabled)' != 'true' and '$(WasmNativeWorkloadAvailable)' != 'true') was evaluated as ('' == 'browser-wasm' and '' != 'true' and '' != 'true').
       Target "_ErrorWorkloadDisabledForTFMLessThan6" skipped, due to false condition; ('$(_BrowserWorkloadNotSupportedForTFM)' == 'true') was evaluated as ('' == 'true').
       Target "_ErrorDualWasmThreadPropsOn7" skipped, due to false condition; ('$(TargetsNet7)' == 'true' and '$(RuntimeIdentifier)' == 'browser-wasm' and
           '$(BrowserWorkloadDisabled)' != 'true' and '$(WasmEnableThreads)' == 'true' and '$(WasmEnablePerfTrace)' == 'true') was evaluated as ('' == 'true' and '' == 'browser-wasm' and
           '' != 'true' and '' == 'true' and '' == 'true').
       Target "_CheckForInvalidConfigurationAndPlatform" skipped. Previously built successfully.
       Target "_CheckForInvalidConfigurationAndPlatform" skipped. Previously built successfully.
       Target "_GenerateOpenApiDocuments" skipped, due to false condition; ( '$(OpenApiGenerateDocumentsOnBuild)' == 'true' AND ('$(TargetFramework)' == '' OR '$(TargetFrameworks)' == '') ) was evaluated as ( 'false' == 'true' AND ('net8.0' == '' OR '' == '') ).
   2:6>Target "Build" in file "C:\Program Files\dotnet\sdk\9.0.313\Microsoft.Common.CurrentVersion.targets" from project "C:\Projects\QuickStockApi\QuickStock\QuickStock.csproj" (entry point):
   2:6>Done building target "Build" in project "QuickStock.csproj".
       Target "_PackAsBuildAfterTarget" skipped, due to false condition; ('$(GeneratePackageOnBuild)' == 'true' AND '$(IsInnerBuild)' != 'true') was evaluated as ('false' == 'true' AND '' != 'true').
   2:6>Target "_CheckContainersPackage" in file "C:\Program Files\dotnet\sdk\9.0.313\Containers\build\Microsoft.NET.Build.Containers.targets" from project "C:\Projects\QuickStockApi\QuickStock\QuickStock.csproj" (entry point):
       Task "Warning" skipped, due to false condition; ($(_ContainerPackageIsPresent)
               and (
                 ($(_SdkCanPublishWeb) and $(_IsWebProject)) or
                 ($(_SdkCanPublishWorker) and $(_IsWorkerProject)) or
                 ($(_SdkCanPublishConsole) and '$(EnableSdkContainerSupport)' == 'true')
               )) was evaluated as (false
               and (
                 (True and true) or
                 (True and false) or
                 (True and 'true' == 'true')
               )).
   2:6>Done building target "_CheckContainersPackage" in project "QuickStock.csproj".
       Target "DotNetPublish" skipped, due to false condition; ( '$(DeployOnBuild)' == 'true' ) was evaluated as ( '' == 'true' ).
   2:6>Done Building Project "C:\Projects\QuickStockApi\QuickStock\QuickStock.csproj" (default targets).
   1:2>Done executing task "MSBuild".
   1:2>Done building target "Build" in project "QuickStock.sln".
   1:2>Done Building Project "C:\Projects\QuickStockApi\QuickStock.sln" (default targets).

Build succeeded.

       "C:\Projects\QuickStockApi\QuickStock.sln" (default target) (1:2) ->
       "C:\Projects\QuickStockApi\QuickStock\QuickStock.csproj" (default target) (2:6) ->
       (CoreCompile target) -> 
         C:\Projects\QuickStockApi\QuickStock\Applications\Accounts\Handler\RegisterCommandHandler.cs(9,7): warning CS0105: The using directive for 'QuickStock.Domain.Locations' appeared previously in this namespace [C:\Projects\QuickStockApi\QuickStock\QuickStock.csproj]
         C:\Projects\QuickStockApi\QuickStock\Applications\Accounts\Handler\RegisterCommandHandler.cs(10,7): warning CS0105: The using directive for 'QuickStock.Domain.Shared' appeared previously in this namespace [C:\Projects\QuickStockApi\QuickStock\QuickStock.csproj]
         C:\Projects\QuickStockApi\QuickStock\Applications\Apparel\Handler\AddStockHandler.cs(10,7): warning CS0105: The using directive for 'QuickStock.Domain.Locations' appeared previously in this namespace [C:\Projects\QuickStockApi\QuickStock\QuickStock.csproj]
         C:\Projects\QuickStockApi\QuickStock\Applications\Apparel\Handler\AddStockHandler.cs(11,7): warning CS0105: The using directive for 'QuickStock.Domain.Shared' appeared previously in this namespace [C:\Projects\QuickStockApi\QuickStock\QuickStock.csproj]
         C:\Projects\QuickStockApi\QuickStock\Applications\Apparel\Handler\CreateApparelHandler.cs(10,7): warning CS0105: The using directive for 'QuickStock.Domain.Locations' appeared previously in this namespace [C:\Projects\QuickStockApi\QuickStock\QuickStock.csproj]
         C:\Projects\QuickStockApi\QuickStock\Applications\Apparel\Handler\CreateApparelHandler.cs(11,7): warning CS0105: The using directive for 'QuickStock.Domain.Shared' appeared previously in this namespace [C:\Projects\QuickStockApi\QuickStock\QuickStock.csproj]
         C:\Projects\QuickStockApi\QuickStock\Applications\Apparel\Handler\DeleteApparelHandler.cs(10,7): warning CS0105: The using directive for 'QuickStock.Domain.Locations' appeared previously in this namespace [C:\Projects\QuickStockApi\QuickStock\QuickStock.csproj]
         C:\Projects\QuickStockApi\QuickStock\Applications\Apparel\Handler\DeleteApparelHandler.cs(11,7): warning CS0105: The using directive for 'QuickStock.Domain.Shared' appeared previously in this namespace [C:\Projects\QuickStockApi\QuickStock\QuickStock.csproj]
         C:\Projects\QuickStockApi\QuickStock\Applications\Apparel\Handler\UpdateApparelHandler.cs(10,7): warning CS0105: The using directive for 'QuickStock.Domain.Locations' appeared previously in this namespace [C:\Projects\QuickStockApi\QuickStock\QuickStock.csproj]
         C:\Projects\QuickStockApi\QuickStock\Applications\Apparel\Handler\UpdateApparelHandler.cs(11,7): warning CS0105: The using directive for 'QuickStock.Domain.Shared' appeared previously in this namespace [C:\Projects\QuickStockApi\QuickStock\QuickStock.csproj]
         C:\Projects\QuickStockApi\QuickStock\Applications\Apparel\Handler\UpdateItemStatusHandler.cs(10,7): warning CS0105: The using directive for 'QuickStock.Domain.Locations' appeared previously in this namespace [C:\Projects\QuickStockApi\QuickStock\QuickStock.csproj]
         C:\Projects\QuickStockApi\QuickStock\Applications\Apparel\Handler\UpdateItemStatusHandler.cs(11,7): warning CS0105: The using directive for 'QuickStock.Domain.Shared' appeared previously in this namespace [C:\Projects\QuickStockApi\QuickStock\QuickStock.csproj]
         C:\Projects\QuickStockApi\QuickStock\Applications\AuditLogs\Handler\GetAuditLogsHandler.cs(10,7): warning CS0105: The using directive for 'QuickStock.Domain.Locations' appeared previously in this namespace [C:\Projects\QuickStockApi\QuickStock\QuickStock.csproj]
         C:\Projects\QuickStockApi\QuickStock\Applications\AuditLogs\Handler\GetAuditLogsHandler.cs(11,7): warning CS0105: The using directive for 'QuickStock.Domain.Shared' appeared previously in this namespace [C:\Projects\QuickStockApi\QuickStock\QuickStock.csproj]
         C:\Projects\QuickStockApi\QuickStock\Applications\Campuses\Command\CampusCommands.cs(6,7): warning CS0105: The using directive for 'QuickStock.Domain.Locations' appeared previously in this namespace [C:\Projects\QuickStockApi\QuickStock\QuickStock.csproj]
         C:\Projects\QuickStockApi\QuickStock\Applications\Campuses\Command\CampusCommands.cs(7,7): warning CS0105: The using directive for 'QuickStock.Domain.Shared' appeared previously in this namespace [C:\Projects\QuickStockApi\QuickStock\QuickStock.csproj]
         C:\Projects\QuickStockApi\QuickStock\Applications\Campuses\Handler\CampusHandlers.cs(10,7): warning CS0105: The using directive for 'QuickStock.Domain.Locations' appeared previously in this namespace [C:\Projects\QuickStockApi\QuickStock\QuickStock.csproj]
         C:\Projects\QuickStockApi\QuickStock\Applications\Campuses\Handler\CampusHandlers.cs(11,7): warning CS0105: The using directive for 'QuickStock.Domain.Shared' appeared previously in this namespace [C:\Projects\QuickStockApi\QuickStock\QuickStock.csproj]
         C:\Projects\QuickStockApi\QuickStock\Applications\Campuses\Queries\CampusQueries.cs(6,7): warning CS0105: The using directive for 'QuickStock.Domain.Locations' appeared previously in this namespace [C:\Projects\QuickStockApi\QuickStock\QuickStock.csproj]
         C:\Projects\QuickStockApi\QuickStock\Applications\Campuses\Queries\CampusQueries.cs(7,7): warning CS0105: The using directive for 'QuickStock.Domain.Shared' appeared previously in this namespace [C:\Projects\QuickStockApi\QuickStock\QuickStock.csproj]
         C:\Projects\QuickStockApi\QuickStock\Applications\Itassets\Command\CreateItAssetCommand.cs(6,7): warning CS0105: The using directive for 'QuickStock.Domain.Locations' appeared previously in this namespace [C:\Projects\QuickStockApi\QuickStock\QuickStock.csproj]
         C:\Projects\QuickStockApi\QuickStock\Applications\Itassets\Command\CreateItAssetCommand.cs(7,7): warning CS0105: The using directive for 'QuickStock.Domain.Shared' appeared previously in this namespace [C:\Projects\QuickStockApi\QuickStock\QuickStock.csproj]
         C:\Projects\QuickStockApi\QuickStock\Applications\Itassets\Command\UpdateItAssetCommand.cs(6,7): warning CS0105: The using directive for 'QuickStock.Domain.Locations' appeared previously in this namespace [C:\Projects\QuickStockApi\QuickStock\QuickStock.csproj]
         C:\Projects\QuickStockApi\QuickStock\Applications\Itassets\Command\UpdateItAssetCommand.cs(7,7): warning CS0105: The using directive for 'QuickStock.Domain.Shared' appeared previously in this namespace [C:\Projects\QuickStockApi\QuickStock\QuickStock.csproj]
         C:\Projects\QuickStockApi\QuickStock\Applications\Itassets\Handler\CreateItAssetHandler.cs(9,7): warning CS0105: The using directive for 'QuickStock.Domain.Locations' appeared previously in this namespace [C:\Projects\QuickStockApi\QuickStock\QuickStock.csproj]
         C:\Projects\QuickStockApi\QuickStock\Applications\Itassets\Handler\CreateItAssetHandler.cs(10,7): warning CS0105: The using directive for 'QuickStock.Domain.Shared' appeared previously in this namespace [C:\Projects\QuickStockApi\QuickStock\QuickStock.csproj]
         C:\Projects\QuickStockApi\QuickStock\Applications\Itassets\Handler\DeleteItAssetHandler.cs(8,7): warning CS0105: The using directive for 'QuickStock.Domain.Locations' appeared previously in this namespace [C:\Projects\QuickStockApi\QuickStock\QuickStock.csproj]
         C:\Projects\QuickStockApi\QuickStock\Applications\Itassets\Handler\DeleteItAssetHandler.cs(9,7): warning CS0105: The using directive for 'QuickStock.Domain.Shared' appeared previously in this namespace [C:\Projects\QuickStockApi\QuickStock\QuickStock.csproj]
         C:\Projects\QuickStockApi\QuickStock\Applications\Itassets\Handler\GetItAssetByIdHandler.cs(9,7): warning CS0105: The using directive for 'QuickStock.Domain.Locations' appeared previously in this namespace [C:\Projects\QuickStockApi\QuickStock\QuickStock.csproj]
         C:\Projects\QuickStockApi\QuickStock\Applications\Itassets\Handler\GetItAssetByIdHandler.cs(10,7): warning CS0105: The using directive for 'QuickStock.Domain.Shared' appeared previously in this namespace [C:\Projects\QuickStockApi\QuickStock\QuickStock.csproj]
         C:\Projects\QuickStockApi\QuickStock\Applications\Itassets\Handler\GetItAssetByQrHandler.cs(9,7): warning CS0105: The using directive for 'QuickStock.Domain.Locations' appeared previously in this namespace [C:\Projects\QuickStockApi\QuickStock\QuickStock.csproj]
         C:\Projects\QuickStockApi\QuickStock\Applications\Itassets\Handler\GetItAssetByQrHandler.cs(10,7): warning CS0105: The using directive for 'QuickStock.Domain.Shared' appeared previously in this namespace [C:\Projects\QuickStockApi\QuickStock\QuickStock.csproj]
         C:\Projects\QuickStockApi\QuickStock\Applications\Itassets\Handler\GetItAssetsHandler.cs(9,7): warning CS0105: The using directive for 'QuickStock.Domain.Locations' appeared previously in this namespace [C:\Projects\QuickStockApi\QuickStock\QuickStock.csproj]
         C:\Projects\QuickStockApi\QuickStock\Applications\Itassets\Handler\GetItAssetsHandler.cs(10,7): warning CS0105: The using directive for 'QuickStock.Domain.Shared' appeared previously in this namespace [C:\Projects\QuickStockApi\QuickStock\QuickStock.csproj]
         C:\Projects\QuickStockApi\QuickStock\Applications\Itassets\Handler\TransferItAssetHandler.cs(9,7): warning CS0105: The using directive for 'QuickStock.Domain.Locations' appeared previously in this namespace [C:\Projects\QuickStockApi\QuickStock\QuickStock.csproj]
         C:\Projects\QuickStockApi\QuickStock\Applications\Itassets\Handler\TransferItAssetHandler.cs(10,7): warning CS0105: The using directive for 'QuickStock.Domain.Shared' appeared previously in this namespace [C:\Projects\QuickStockApi\QuickStock\QuickStock.csproj]
         C:\Projects\QuickStockApi\QuickStock\Applications\Itassets\Handler\UpdateItAssetHandler.cs(9,7): warning CS0105: The using directive for 'QuickStock.Domain.Locations' appeared previously in this namespace [C:\Projects\QuickStockApi\QuickStock\QuickStock.csproj]
         C:\Projects\QuickStockApi\QuickStock\Applications\Itassets\Handler\UpdateItAssetHandler.cs(10,7): warning CS0105: The using directive for 'QuickStock.Domain.Shared' appeared previously in this namespace [C:\Projects\QuickStockApi\QuickStock\QuickStock.csproj]
         C:\Projects\QuickStockApi\QuickStock\Applications\Itassets\Queries\GetItAssetByIdQuery.cs(6,7): warning CS0105: The using directive for 'QuickStock.Domain.Locations' appeared previously in this namespace [C:\Projects\QuickStockApi\QuickStock\QuickStock.csproj]
         C:\Projects\QuickStockApi\QuickStock\Applications\Itassets\Queries\GetItAssetByIdQuery.cs(7,7): warning CS0105: The using directive for 'QuickStock.Domain.Shared' appeared previously in this namespace [C:\Projects\QuickStockApi\QuickStock\QuickStock.csproj]
         C:\Projects\QuickStockApi\QuickStock\Applications\Itassets\Queries\GetItAssetByQrQuery.cs(6,7): warning CS0105: The using directive for 'QuickStock.Domain.Locations' appeared previously in this namespace [C:\Projects\QuickStockApi\QuickStock\QuickStock.csproj]
         C:\Projects\QuickStockApi\QuickStock\Applications\Itassets\Queries\GetItAssetByQrQuery.cs(7,7): warning CS0105: The using directive for 'QuickStock.Domain.Shared' appeared previously in this namespace [C:\Projects\QuickStockApi\QuickStock\QuickStock.csproj]
         C:\Projects\QuickStockApi\QuickStock\Applications\Itassets\Queries\GetItAssetsQuery.cs(6,7): warning CS0105: The using directive for 'QuickStock.Domain.Locations' appeared previously in this namespace [C:\Projects\QuickStockApi\QuickStock\QuickStock.csproj]
         C:\Projects\QuickStockApi\QuickStock\Applications\Itassets\Queries\GetItAssetsQuery.cs(7,7): warning CS0105: The using directive for 'QuickStock.Domain.Shared' appeared previously in this namespace [C:\Projects\QuickStockApi\QuickStock\QuickStock.csproj]
         C:\Projects\QuickStockApi\QuickStock\Applications\Profile\Handler\GetProfileHandler.cs(8,7): warning CS0105: The using directive for 'QuickStock.Domain.Locations' appeared previously in this namespace [C:\Projects\QuickStockApi\QuickStock\QuickStock.csproj]
         C:\Projects\QuickStockApi\QuickStock\Applications\Profile\Handler\GetProfileHandler.cs(9,7): warning CS0105: The using directive for 'QuickStock.Domain.Shared' appeared previously in this namespace [C:\Projects\QuickStockApi\QuickStock\QuickStock.csproj]
         C:\Projects\QuickStockApi\QuickStock\Applications\Rooms\Command\RoomCommands.cs(6,7): warning CS0105: The using directive for 'QuickStock.Domain.Locations' appeared previously in this namespace [C:\Projects\QuickStockApi\QuickStock\QuickStock.csproj]
         C:\Projects\QuickStockApi\QuickStock\Applications\Rooms\Command\RoomCommands.cs(7,7): warning CS0105: The using directive for 'QuickStock.Domain.Shared' appeared previously in this namespace [C:\Projects\QuickStockApi\QuickStock\QuickStock.csproj]
         C:\Projects\QuickStockApi\QuickStock\Applications\Rooms\Queries\RoomQueries.cs(6,7): warning CS0105: The using directive for 'QuickStock.Domain.Locations' appeared previously in this namespace [C:\Projects\QuickStockApi\QuickStock\QuickStock.csproj]
         C:\Projects\QuickStockApi\QuickStock\Applications\Rooms\Queries\RoomQueries.cs(7,7): warning CS0105: The using directive for 'QuickStock.Domain.Shared' appeared previously in this namespace [C:\Projects\QuickStockApi\QuickStock\QuickStock.csproj]
         C:\Projects\QuickStockApi\QuickStock\Controllers\CampusesController.cs(10,7): warning CS0105: The using directive for 'QuickStock.Domain.Locations' appeared previously in this namespace [C:\Projects\QuickStockApi\QuickStock\QuickStock.csproj]
         C:\Projects\QuickStockApi\QuickStock\Controllers\CampusesController.cs(11,7): warning CS0105: The using directive for 'QuickStock.Domain.Shared' appeared previously in this namespace [C:\Projects\QuickStockApi\QuickStock\QuickStock.csproj]
         C:\Projects\QuickStockApi\QuickStock\Domain\Account\AccountCampus.cs(6,7): warning CS0105: The using directive for 'QuickStock.Domain.ITassets' appeared previously in this namespace [C:\Projects\QuickStockApi\QuickStock\QuickStock.csproj]
         C:\Projects\QuickStockApi\QuickStock\Domain\Account\AccountCampus.cs(7,7): warning CS0105: The using directive for 'QuickStock.Domain.Locations' appeared previously in this namespace [C:\Projects\QuickStockApi\QuickStock\QuickStock.csproj]
         C:\Projects\QuickStockApi\QuickStock\Domain\Account\AccountCampus.cs(8,7): warning CS0105: The using directive for 'QuickStock.Domain.Shared' appeared previously in this namespace [C:\Projects\QuickStockApi\QuickStock\QuickStock.csproj]
         C:\Projects\QuickStockApi\QuickStock\Domain\Account\AccountCampus.cs(9,7): warning CS0105: The using directive for 'QuickStock.Domain.Accounts' appeared previously in this namespace [C:\Projects\QuickStockApi\QuickStock\QuickStock.csproj]
         C:\Projects\QuickStockApi\QuickStock\Domain\Account\AccountCampus.cs(10,7): warning CS0105: The using directive for 'QuickStock.Domain.Locations' appeared previously in this namespace [C:\Projects\QuickStockApi\QuickStock\QuickStock.csproj]
         C:\Projects\QuickStockApi\QuickStock\Domain\Account\AccountCampus.cs(11,7): warning CS0105: The using directive for 'QuickStock.Domain.Shared' appeared previously in this namespace [C:\Projects\QuickStockApi\QuickStock\QuickStock.csproj]
         C:\Projects\QuickStockApi\QuickStock\Domain\Account\AccountCampus.cs(12,7): warning CS0105: The using directive for 'QuickStock.Domain.Accounts' appeared previously in this namespace [C:\Projects\QuickStockApi\QuickStock\QuickStock.csproj]
         C:\Projects\QuickStockApi\QuickStock\Domain\Account\AccountCampus.cs(14,7): warning CS0105: The using directive for 'QuickStock.Domain.ITassets' appeared previously in this namespace [C:\Projects\QuickStockApi\QuickStock\QuickStock.csproj]
         C:\Projects\QuickStockApi\QuickStock\Domain\Account\AccountCampus.cs(15,7): warning CS0105: The using directive for 'QuickStock.Domain.Locations' appeared previously in this namespace [C:\Projects\QuickStockApi\QuickStock\QuickStock.csproj]
         C:\Projects\QuickStockApi\QuickStock\Domain\Account\AccountCampus.cs(16,7): warning CS0105: The using directive for 'QuickStock.Domain.Shared' appeared previously in this namespace [C:\Projects\QuickStockApi\QuickStock\QuickStock.csproj]
         C:\Projects\QuickStockApi\QuickStock\Domain\Account\AccountCampus.cs(17,7): warning CS0105: The using directive for 'QuickStock.Domain.Accounts' appeared previously in this namespace [C:\Projects\QuickStockApi\QuickStock\QuickStock.csproj]
         C:\Projects\QuickStockApi\QuickStock\Domain\Account\AccountCampus.cs(18,7): warning CS0105: The using directive for 'QuickStock.Domain.Locations' appeared previously in this namespace [C:\Projects\QuickStockApi\QuickStock\QuickStock.csproj]
         C:\Projects\QuickStockApi\QuickStock\Domain\Account\AccountCampus.cs(19,7): warning CS0105: The using directive for 'QuickStock.Domain.Shared' appeared previously in this namespace [C:\Projects\QuickStockApi\QuickStock\QuickStock.csproj]
         C:\Projects\QuickStockApi\QuickStock\Domain\Locations\Campus.cs(6,7): warning CS0105: The using directive for 'QuickStock.Domain.ITassets' appeared previously in this namespace [C:\Projects\QuickStockApi\QuickStock\QuickStock.csproj]
         C:\Projects\QuickStockApi\QuickStock\Domain\Locations\Campus.cs(7,7): warning CS0105: The using directive for 'QuickStock.Domain.Locations' appeared previously in this namespace [C:\Projects\QuickStockApi\QuickStock\QuickStock.csproj]
         C:\Projects\QuickStockApi\QuickStock\Domain\Locations\Campus.cs(8,7): warning CS0105: The using directive for 'QuickStock.Domain.Shared' appeared previously in this namespace [C:\Projects\QuickStockApi\QuickStock\QuickStock.csproj]
         C:\Projects\QuickStockApi\QuickStock\Domain\Locations\Campus.cs(9,7): warning CS0105: The using directive for 'QuickStock.Domain.Accounts' appeared previously in this namespace [C:\Projects\QuickStockApi\QuickStock\QuickStock.csproj]
         C:\Projects\QuickStockApi\QuickStock\Domain\Locations\Campus.cs(10,7): warning CS0105: The using directive for 'QuickStock.Domain.Locations' appeared previously in this namespace [C:\Projects\QuickStockApi\QuickStock\QuickStock.csproj]
         C:\Projects\QuickStockApi\QuickStock\Domain\Locations\Campus.cs(11,7): warning CS0105: The using directive for 'QuickStock.Domain.Shared' appeared previously in this namespace [C:\Projects\QuickStockApi\QuickStock\QuickStock.csproj]
         C:\Projects\QuickStockApi\QuickStock\Domain\Locations\Campus.cs(12,7): warning CS0105: The using directive for 'QuickStock.Domain.Accounts' appeared previously in this namespace [C:\Projects\QuickStockApi\QuickStock\QuickStock.csproj]
         C:\Projects\QuickStockApi\QuickStock\Domain\Locations\Room.cs(6,7): warning CS0105: The using directive for 'QuickStock.Domain.ITassets' appeared previously in this namespace [C:\Projects\QuickStockApi\QuickStock\QuickStock.csproj]
         C:\Projects\QuickStockApi\QuickStock\Domain\Locations\Room.cs(7,7): warning CS0105: The using directive for 'QuickStock.Domain.Locations' appeared previously in this namespace [C:\Projects\QuickStockApi\QuickStock\QuickStock.csproj]
         C:\Projects\QuickStockApi\QuickStock\Domain\Locations\Room.cs(8,7): warning CS0105: The using directive for 'QuickStock.Domain.Shared' appeared previously in this namespace [C:\Projects\QuickStockApi\QuickStock\QuickStock.csproj]
         C:\Projects\QuickStockApi\QuickStock\Domain\Locations\Room.cs(9,7): warning CS0105: The using directive for 'QuickStock.Domain.Accounts' appeared previously in this namespace [C:\Projects\QuickStockApi\QuickStock\QuickStock.csproj]
         C:\Projects\QuickStockApi\QuickStock\Domain\Locations\Room.cs(10,7): warning CS0105: The using directive for 'QuickStock.Domain.Locations' appeared previously in this namespace [C:\Projects\QuickStockApi\QuickStock\QuickStock.csproj]
         C:\Projects\QuickStockApi\QuickStock\Domain\Locations\Room.cs(11,7): warning CS0105: The using directive for 'QuickStock.Domain.Shared' appeared previously in this namespace [C:\Projects\QuickStockApi\QuickStock\QuickStock.csproj]
         C:\Projects\QuickStockApi\QuickStock\Domain\Locations\Room.cs(12,7): warning CS0105: The using directive for 'QuickStock.Domain.Accounts' appeared previously in this namespace [C:\Projects\QuickStockApi\QuickStock\QuickStock.csproj]
         C:\Projects\QuickStockApi\QuickStock\Domain\Shared\StoredImage.cs(6,7): warning CS0105: The using directive for 'QuickStock.Domain.ITassets' appeared previously in this namespace [C:\Projects\QuickStockApi\QuickStock\QuickStock.csproj]
         C:\Projects\QuickStockApi\QuickStock\Domain\Shared\StoredImage.cs(7,7): warning CS0105: The using directive for 'QuickStock.Domain.Locations' appeared previously in this namespace [C:\Projects\QuickStockApi\QuickStock\QuickStock.csproj]
         C:\Projects\QuickStockApi\QuickStock\Domain\Shared\StoredImage.cs(8,7): warning CS0105: The using directive for 'QuickStock.Domain.Shared' appeared previously in this namespace [C:\Projects\QuickStockApi\QuickStock\QuickStock.csproj]
         C:\Projects\QuickStockApi\QuickStock\Domain\Shared\StoredImage.cs(9,7): warning CS0105: The using directive for 'QuickStock.Domain.Accounts' appeared previously in this namespace [C:\Projects\QuickStockApi\QuickStock\QuickStock.csproj]
         C:\Projects\QuickStockApi\QuickStock\Domain\Shared\StoredImage.cs(10,7): warning CS0105: The using directive for 'QuickStock.Domain.Locations' appeared previously in this namespace [C:\Projects\QuickStockApi\QuickStock\QuickStock.csproj]
         C:\Projects\QuickStockApi\QuickStock\Domain\Shared\StoredImage.cs(11,7): warning CS0105: The using directive for 'QuickStock.Domain.Shared' appeared previously in this namespace [C:\Projects\QuickStockApi\QuickStock\QuickStock.csproj]
         C:\Projects\QuickStockApi\QuickStock\Domain\Shared\StoredImage.cs(12,7): warning CS0105: The using directive for 'QuickStock.Domain.Accounts' appeared previously in this namespace [C:\Projects\QuickStockApi\QuickStock\QuickStock.csproj]
         C:\Projects\QuickStockApi\QuickStock\Domain\Social\Profile.cs(6,7): warning CS0105: The using directive for 'QuickStock.Domain.ITassets' appeared previously in this namespace [C:\Projects\QuickStockApi\QuickStock\QuickStock.csproj]
         C:\Projects\QuickStockApi\QuickStock\Domain\Social\Profile.cs(7,7): warning CS0105: The using directive for 'QuickStock.Domain.Locations' appeared previously in this namespace [C:\Projects\QuickStockApi\QuickStock\QuickStock.csproj]
         C:\Projects\QuickStockApi\QuickStock\Domain\Social\Profile.cs(8,7): warning CS0105: The using directive for 'QuickStock.Domain.Shared' appeared previously in this namespace [C:\Projects\QuickStockApi\QuickStock\QuickStock.csproj]
         C:\Projects\QuickStockApi\QuickStock\Domain\Social\Profile.cs(9,7): warning CS0105: The using directive for 'QuickStock.Domain.Accounts' appeared previously in this namespace [C:\Projects\QuickStockApi\QuickStock\QuickStock.csproj]
         C:\Projects\QuickStockApi\QuickStock\Domain\Social\Profile.cs(10,7): warning CS0105: The using directive for 'QuickStock.Domain.Locations' appeared previously in this namespace [C:\Projects\QuickStockApi\QuickStock\QuickStock.csproj]
         C:\Projects\QuickStockApi\QuickStock\Domain\Social\Profile.cs(11,7): warning CS0105: The using directive for 'QuickStock.Domain.Shared' appeared previously in this namespace [C:\Projects\QuickStockApi\QuickStock\QuickStock.csproj]
         C:\Projects\QuickStockApi\QuickStock\Domain\Social\Profile.cs(12,7): warning CS0105: The using directive for 'QuickStock.Domain.Accounts' appeared previously in this namespace [C:\Projects\QuickStockApi\QuickStock\QuickStock.csproj]
         C:\Projects\QuickStockApi\QuickStock\CQRS\CQRS.cs(56,28): warning CS8600: Converting null literal or possible null value to non-nullable type. [C:\Projects\QuickStockApi\QuickStock\QuickStock.csproj]
         C:\Projects\QuickStockApi\QuickStock\CQRS\CQRS.cs(57,30): warning CS8602: Dereference of a possibly null reference. [C:\Projects\QuickStockApi\QuickStock\QuickStock.csproj]
         C:\Projects\QuickStockApi\QuickStock\Infrastructure\Data\AppDbContextFactory.cs(22,37): warning CS8604: Possible null reference argument for parameter 'connectionString' in 'DbContextOptionsBuilder<AppDbContext> MySQLDbContextOptionsExtensions.UseMySQL<AppDbContext>(DbContextOptionsBuilder<AppDbContext> optionsBuilder, string connectionString, Action<MySQLDbContextOptionsBuilder>? mySqlOptionsAction = null)'. [C:\Projects\QuickStockApi\QuickStock\QuickStock.csproj]
         C:\Projects\QuickStockApi\QuickStock\Applications\Furniture\Handler\GetFurnituresHandler.cs(40,42): warning CS8602: Dereference of a possibly null reference. [C:\Projects\QuickStockApi\QuickStock\QuickStock.csproj]
         C:\Projects\QuickStockApi\QuickStock\Applications\Furniture\Handler\GetFurnituresHandler.cs(41,42): warning CS8602: Dereference of a possibly null reference. [C:\Projects\QuickStockApi\QuickStock\QuickStock.csproj]
         C:\Projects\QuickStockApi\QuickStock\Applications\Library\Handler\LibraryHandlers.cs(122,20): warning CS8603: Possible null reference return. [C:\Projects\QuickStockApi\QuickStock\QuickStock.csproj]

    99 Warning(s)
    0 Error(s)

Time Elapsed 00:00:04.63
